model,stage,accuracy,precision,recall,threshold,params_json,meets_accuracy_floor,accuracy_floor,model_path
logistic_regression,optimized_search,0.78075,0.6001575216592282,0.9082240762812872,0.2,"{""C"": 0.5, ""class_weight"": null}",False,0.8545,
logistic_regression,optimized_search,0.78575,0.607324244854317,0.9026618990862137,0.21,"{""C"": 0.5, ""class_weight"": null}",False,0.8545,
logistic_regression,optimized_search,0.788625,0.6117424242424242,0.8982916170043703,0.22,"{""C"": 0.5, ""class_weight"": null}",False,0.8545,
logistic_regression,optimized_search,0.793,0.6180422264875239,0.8955105284068335,0.23,"{""C"": 0.5, ""class_weight"": null}",False,0.8545,
logistic_regression,optimized_search,0.7975,0.6248955722639933,0.8915375446960667,0.24,"{""C"": 0.5, ""class_weight"": null}",False,0.8545,
logistic_regression,optimized_search,0.800875,0.6304347826086957,0.8871672626142233,0.25,"{""C"": 0.5, ""class_weight"": null}",False,0.8545,
logistic_regression,optimized_search,0.805625,0.6382183908045977,0.8823996821613032,0.26,"{""C"": 0.5, ""class_weight"": null}",False,0.8545,
logistic_regression,optimized_search,0.80925,0.6446715328467153,0.8772348033373063,0.27,"{""C"": 0.5, ""class_weight"": null}",False,0.8545,
logistic_regression,optimized_search,0.811875,0.6500593119810202,0.8708780294000794,0.28,"{""C"": 0.5, ""class_weight"": null}",False,0.8545,
logistic_regression,optimized_search,0.814625,0.6555354993983152,0.8657131505760827,0.29,"{""C"": 0.5, ""class_weight"": null}",False,0.8545,
logistic_regression,optimized_search,0.8165,0.6602505346776657,0.8585617798967025,0.3,"{""C"": 0.5, ""class_weight"": null}",False,0.8545,
logistic_regression,optimized_search,0.81825,0.6648062015503876,0.8518077075883989,0.31,"{""C"": 0.5, ""class_weight"": null}",False,0.8545,
logistic_regression,optimized_search,0.82075,0.6708740927737457,0.8446563369090186,0.32,"{""C"": 0.5, ""class_weight"": null}",False,0.8545,
logistic_regression,optimized_search,0.824125,0.6782273603082851,0.8390941597139452,0.33,"{""C"": 0.5, ""class_weight"": null}",False,0.8545,
logistic_regression,optimized_search,0.826375,0.6838331160365059,0.8335319825188717,0.34,"{""C"": 0.5, ""class_weight"": null}",False,0.8545,
logistic_regression,optimized_search,0.828625,0.6896095301125083,0.8279698053237982,0.35,"{""C"": 0.5, ""class_weight"": null}",False,0.8545,
logistic_regression,optimized_search,0.831625,0.6976351351351351,0.8204211362733412,0.36,"{""C"": 0.5, ""class_weight"": null}",False,0.8545,
logistic_regression,optimized_search,0.833375,0.7028786840301576,0.8148589590782678,0.37,"{""C"": 0.5, ""class_weight"": null}",False,0.8545,
logistic_regression,optimized_search,0.833625,0.7069085833914864,0.8049264998013508,0.38,"{""C"": 0.5, ""class_weight"": null}",False,0.8545,
logistic_regression,optimized_search,0.835625,0.7131205673758865,0.7989670242352006,0.39,"{""C"": 0.5, ""class_weight"": null}",False,0.8545,
logistic_regression,optimized_search,0.837875,0.720216606498195,0.7926102502979738,0.4,"{""C"": 0.5, ""class_weight"": null}",False,0.8545,
logistic_regression,optimized_search,0.838875,0.7249084249084249,0.7862534763607469,0.41,"{""C"": 0.5, ""class_weight"": null}",False,0.8545,
logistic_regression,optimized_search,0.84,0.7298402081010776,0.7802940007945968,0.42,"{""C"": 0.5, ""class_weight"": null}",False,0.8545,
logistic_regression,optimized_search,0.8405,0.7340626178800452,0.7731426301152166,0.43,"{""C"": 0.5, ""class_weight"": null}",False,0.8545,
logistic_regression,optimized_search,0.842,0.7401303181295515,0.7671831545490664,0.44,"{""C"": 0.5, ""class_weight"": null}",False,0.8545,
logistic_regression,optimized_search,0.841375,0.7426127527216174,0.7588398887564561,0.45,"{""C"": 0.5, ""class_weight"": null}",False,0.8545,
logistic_regression,optimized_search,0.842125,0.7480221518987342,0.7512912197059992,0.46,"{""C"": 0.5, ""class_weight"": null}",False,0.8545,
logistic_regression,optimized_search,0.842125,0.7518072289156627,0.7437425506555423,0.47,"{""C"": 0.5, ""class_weight"": null}",False,0.8545,
logistic_regression,optimized_search,0.843625,0.7590016366612111,0.7369884783472388,0.48,"{""C"": 0.5, ""class_weight"": null}",False,0.8545,
logistic_regression,optimized_search,0.845125,0.7666944908180301,0.7298371076678586,0.49,"{""C"": 0.5, ""class_weight"": null}",False,0.8545,
logistic_regression,optimized_search,0.844625,0.7722222222222223,0.7179181565355582,0.5,"{""C"": 0.5, ""class_weight"": null}",False,0.8545,
logistic_regression,optimized_search,0.84425,0.7761842677096914,0.709574890742948,0.51,"{""C"": 0.5, ""class_weight"": null}",False,0.8545,
logistic_regression,optimized_search,0.843375,0.7793987621573828,0.7004370282081843,0.52,"{""C"": 0.5, ""class_weight"": null}",False,0.8545,
logistic_regression,optimized_search,0.84325,0.7851015801354402,0.690901867302344,0.53,"{""C"": 0.5, ""class_weight"": null}",False,0.8545,
logistic_regression,optimized_search,0.84125,0.7871948410870566,0.6789829161700437,0.54,"{""C"": 0.5, ""class_weight"": null}",False,0.8545,
logistic_regression,optimized_search,0.841,0.7943262411347518,0.6674612634088201,0.55,"{""C"": 0.5, ""class_weight"": null}",False,0.8545,
logistic_regression,optimized_search,0.8395,0.7982583454281568,0.6555423122765197,0.56,"{""C"": 0.5, ""class_weight"": null}",False,0.8545,
logistic_regression,optimized_search,0.836,0.799304520615996,0.6392530790623758,0.57,"{""C"": 0.5, ""class_weight"": null}",False,0.8545,
logistic_regression,optimized_search,0.835125,0.8053007135575942,0.6277314263011522,0.58,"{""C"": 0.5, ""class_weight"": null}",False,0.8545,
logistic_regression,optimized_search,0.835,0.814503415659485,0.6158124751688518,0.59,"{""C"": 0.5, ""class_weight"": null}",False,0.8545,
logistic_regression,optimized_search,0.83325,0.8188679245283019,0.6034962256654748,0.6,"{""C"": 0.5, ""class_weight"": null}",False,0.8545,
logistic_regression,optimized_search,0.831375,0.8215859030837004,0.5927691696464045,0.61,"{""C"": 0.5, ""class_weight"": null}",False,0.8545,
logistic_regression,optimized_search,0.83,0.8237269166200336,0.5848232022248708,0.62,"{""C"": 0.5, ""class_weight"": null}",False,0.8545,
logistic_regression,optimized_search,0.828625,0.8266818700114025,0.576082638061184,0.63,"{""C"": 0.5, ""class_weight"": null}",False,0.8545,
logistic_regression,optimized_search,0.82625,0.8278068644560791,0.5653555820421137,0.64,"{""C"": 0.5, ""class_weight"": null}",False,0.8545,
logistic_regression,optimized_search,0.825625,0.8327402135231317,0.5578069129916567,0.65,"{""C"": 0.5, ""class_weight"": null}",False,0.8545,
logistic_regression,optimized_search,0.82375,0.8356579745300182,0.547477155343663,0.66,"{""C"": 0.5, ""class_weight"": null}",False,0.8545,
logistic_regression,optimized_search,0.822,0.8396519577377253,0.5367500993245927,0.67,"{""C"": 0.5, ""class_weight"": null}",False,0.8545,
logistic_regression,optimized_search,0.820875,0.8434727503168568,0.5288041319030592,0.68,"{""C"": 0.5, ""class_weight"": null}",False,0.8545,
logistic_regression,optimized_search,0.819375,0.8498694516971279,0.5172824791418356,0.69,"{""C"": 0.5, ""class_weight"": null}",False,0.8545,
logistic_regression,optimized_search,0.816625,0.8514056224899599,0.5053635280095352,0.7,"{""C"": 0.5, ""class_weight"": null}",False,0.8545,
logistic_regression,optimized_search,0.814375,0.8568464730290456,0.4922526817640048,0.71,"{""C"": 0.5, ""class_weight"": null}",False,0.8545,
logistic_regression,optimized_search,0.811125,0.8582621082621082,0.4787445371473977,0.72,"{""C"": 0.5, ""class_weight"": null}",False,0.8545,
logistic_regression,optimized_search,0.810625,0.8656934306569343,0.4711958680969408,0.73,"{""C"": 0.5, ""class_weight"": null}",False,0.8545,
logistic_regression,optimized_search,0.807375,0.8696969696969697,0.456098529996027,0.74,"{""C"": 0.5, ""class_weight"": null}",False,0.8545,
logistic_regression,optimized_search,0.804375,0.8765822784810127,0.44020659515295985,0.75,"{""C"": 0.5, ""class_weight"": null}",False,0.8545,
logistic_regression,optimized_search,0.801125,0.8807565789473685,0.42550655542312277,0.76,"{""C"": 0.5, ""class_weight"": null}",False,0.8545,
logistic_regression,optimized_search,0.797625,0.8857388316151202,0.4096146205800556,0.77,"{""C"": 0.5, ""class_weight"": null}",False,0.8545,
logistic_regression,optimized_search,0.796,0.8968609865470852,0.3972983710766786,0.78,"{""C"": 0.5, ""class_weight"": null}",False,0.8545,
logistic_regression,optimized_search,0.793125,0.9005576208178439,0.38498212157330153,0.79,"{""C"": 0.5, ""class_weight"": null}",False,0.8545,
logistic_regression,optimized_search,0.789875,0.9011516314779271,0.3730631704410012,0.8,"{""C"": 0.5, ""class_weight"": null}",False,0.8545,
logistic_regression,optimized_search,0.786125,0.9038076152304609,0.3583631307111641,0.81,"{""C"": 0.5, ""class_weight"": null}",False,0.8545,
logistic_regression,optimized_search,0.698125,0.5107959356477562,0.9586809694080254,0.2,"{""C"": 0.5, ""class_weight"": ""balanced""}",False,0.8545,
logistic_regression,optimized_search,0.704875,0.5167310167310167,0.9570917759237187,0.21,"{""C"": 0.5, ""class_weight"": ""balanced""}",False,0.8545,
logistic_regression,optimized_search,0.711375,0.5226480836236934,0.9535160905840286,0.22,"{""C"": 0.5, ""class_weight"": ""balanced""}",False,0.8545,
logistic_regression,optimized_search,0.7175,0.528335170893054,0.9519268970997219,0.23,"{""C"": 0.5, ""class_weight"": ""balanced""}",False,0.8545,
logistic_regression,optimized_search,0.72225,0.5329167596518635,0.9487485101311085,0.24,"{""C"": 0.5, ""class_weight"": ""balanced""}",False,0.8545,
logistic_regression,optimized_search,0.731125,0.5416287534121929,0.9459674215335717,0.25,"{""C"": 0.5, ""class_weight"": ""balanced""}",False,0.8545,
logistic_regression,optimized_search,0.737,0.5476575121163166,0.9427890345649583,0.26,"{""C"": 0.5, ""class_weight"": ""balanced""}",False,0.8545,
logistic_regression,optimized_search,0.7425,0.5535003512058067,0.9392133492252682,0.27,"{""C"": 0.5, ""class_weight"": ""balanced""}",False,0.8545,
logistic_regression,optimized_search,0.74775,0.5593623602188913,0.9340484704012714,0.28,"{""C"": 0.5, ""class_weight"": ""balanced""}",False,0.8545,
logistic_regression,optimized_search,0.752375,0.5646094503375121,0.9304727850615813,0.29,"{""C"": 0.5, ""class_weight"": ""balanced""}",False,0.8545,
logistic_regression,optimized_search,0.75975,0.5729345427800931,0.9284862932061978,0.3,"{""C"": 0.5, ""class_weight"": ""balanced""}",False,0.8545,
logistic_regression,optimized_search,0.763875,0.5779156327543424,0.9253079062375844,0.31,"{""C"": 0.5, ""class_weight"": ""balanced""}",False,0.8545,
logistic_regression,optimized_search,0.768125,0.5832913940613991,0.920937624155741,0.32,"{""C"": 0.5, ""class_weight"": ""balanced""}",False,0.8545,
logistic_regression,optimized_search,0.77075,0.5868293923213832,0.9169646404449742,0.33,"{""C"": 0.5, ""class_weight"": ""balanced""}",False,0.8545,
logistic_regression,optimized_search,0.775125,0.5927169421487604,0.9117997616209773,0.34,"{""C"": 0.5, ""class_weight"": ""balanced""}",False,0.8545,
logistic_regression,optimized_search,0.7795,0.5984828668584881,0.9090186730234406,0.35,"{""C"": 0.5, ""class_weight"": ""balanced""}",False,0.8545,
logistic_regression,optimized_search,0.784,0.6046141607000796,0.9058402860548271,0.36,"{""C"": 0.5, ""class_weight"": ""balanced""}",False,0.8545,
logistic_regression,optimized_search,0.786875,0.6089055793991416,0.9018673023440604,0.37,"{""C"": 0.5, ""class_weight"": ""balanced""}",False,0.8545,
logistic_regression,optimized_search,0.79,0.613506916192026,0.8986889153754469,0.38,"{""C"": 0.5, ""class_weight"": ""balanced""}",False,0.8545,
logistic_regression,optimized_search,0.792875,0.6177437020810514,0.8963051251489869,0.39,"{""C"": 0.5, ""class_weight"": ""balanced""}",False,0.8545,
logistic_regression,optimized_search,0.7955,0.6217187068250898,0.8939213349225268,0.4,"{""C"": 0.5, ""class_weight"": ""balanced""}",False,0.8545,
logistic_regression,optimized_search,0.798125,0.6258370535714286,0.8911402463249901,0.41,"{""C"": 0.5, ""class_weight"": ""balanced""}",False,0.8545,
logistic_regression,optimized_search,0.8005,0.6303424851401076,0.8847834723877632,0.42,"{""C"": 0.5, ""class_weight"": ""balanced""}",False,0.8545,
logistic_regression,optimized_search,0.804,0.6361549497847919,0.8808104886769964,0.43,"{""C"": 0.5, ""class_weight"": ""balanced""}",False,0.8545,
logistic_regression,optimized_search,0.807125,0.6413232733604178,0.8780294000794596,0.44,"{""C"": 0.5, ""class_weight"": ""balanced""}",False,0.8545,
logistic_regression,optimized_search,0.810875,0.6476470588235295,0.8748510131108462,0.45,"{""C"": 0.5, ""class_weight"": ""balanced""}",False,0.8545,
logistic_regression,optimized_search,0.8125,0.6513843405775528,0.8692888359157728,0.46,"{""C"": 0.5, ""class_weight"": ""balanced""}",False,0.8545,
logistic_regression,optimized_search,0.814125,0.6552139843279083,0.8637266587206992,0.47,"{""C"": 0.5, ""class_weight"": ""balanced""}",False,0.8545,
logistic_regression,optimized_search,0.815875,0.6595354523227384,0.8573698847834724,0.48,"{""C"": 0.5, ""class_weight"": ""balanced""}",False,0.8545,
logistic_regression,optimized_search,0.8185,0.6652187403040646,0.8518077075883989,0.49,"{""C"": 0.5, ""class_weight"": ""balanced""}",False,0.8545,
logistic_regression,optimized_search,0.8195,0.6684458398744113,0.8458482320222487,0.5,"{""C"": 0.5, ""class_weight"": ""balanced""}",False,0.8545,
logistic_regression,optimized_search,0.822125,0.6744260204081632,0.8402860548271752,0.51,"{""C"": 0.5, ""class_weight"": ""balanced""}",False,0.8545,
logistic_regression,optimized_search,0.82425,0.6793671294801421,0.8359157727453318,0.52,"{""C"": 0.5, ""class_weight"": ""balanced""}",False,0.8545,
logistic_regression,optimized_search,0.827625,0.686435124508519,0.8323400874056416,0.53,"{""C"": 0.5, ""class_weight"": ""balanced""}",False,0.8545,
logistic_regression,optimized_search,0.83025,0.6931022992335888,0.8263806118394914,0.54,"{""C"": 0.5, ""class_weight"": ""balanced""}",False,0.8545,
logistic_regression,optimized_search,0.831375,0.6975642760487145,0.8192292411601112,0.55,"{""C"": 0.5, ""class_weight"": ""balanced""}",False,0.8545,
logistic_regression,optimized_search,0.832375,0.7024793388429752,0.8104886769964244,0.56,"{""C"": 0.5, ""class_weight"": ""balanced""}",False,0.8545,
logistic_regression,optimized_search,0.834,0.7077944774554351,0.8045292014302742,0.57,"{""C"": 0.5, ""class_weight"": ""balanced""}",False,0.8545,
logistic_regression,optimized_search,0.835875,0.7139303482587065,0.7981724274930473,0.58,"{""C"": 0.5, ""class_weight"": ""balanced""}",False,0.8545,
logistic_regression,optimized_search,0.8365,0.7183098591549296,0.7902264600715138,0.59,"{""C"": 0.5, ""class_weight"": ""balanced""}",False,0.8545,
logistic_regression,optimized_search,0.837125,0.722181551976574,0.7838696861342869,0.6,"{""C"": 0.5, ""class_weight"": ""balanced""}",False,0.8545,
logistic_regression,optimized_search,0.839125,0.7282850779510023,0.7794994040524433,0.61,"{""C"": 0.5, ""class_weight"": ""balanced""}",False,0.8545,
logistic_regression,optimized_search,0.84075,0.7339104252916824,0.7747318235995232,0.62,"{""C"": 0.5, ""class_weight"": ""balanced""}",False,0.8545,
logistic_regression,optimized_search,0.841375,0.7392638036809815,0.7659912594358363,0.63,"{""C"": 0.5, ""class_weight"": ""balanced""}",False,0.8545,
logistic_regression,optimized_search,0.84175,0.743859649122807,0.7580452920143027,0.64,"{""C"": 0.5, ""class_weight"": ""balanced""}",False,0.8545,
logistic_regression,optimized_search,0.842375,0.7492063492063492,0.7500993245927692,0.65,"{""C"": 0.5, ""class_weight"": ""balanced""}",False,0.8545,
logistic_regression,optimized_search,0.843125,0.7560876623376623,0.7401668653158522,0.66,"{""C"": 0.5, ""class_weight"": ""balanced""}",False,0.8545,
logistic_regression,optimized_search,0.84425,0.7640216036560034,0.7306317044100119,0.67,"{""C"": 0.5, ""class_weight"": ""balanced""}",False,0.8545,
logistic_regression,optimized_search,0.84425,0.7700807479813004,0.7199046483909416,0.68,"{""C"": 0.5, ""class_weight"": ""balanced""}",False,0.8545,
logistic_regression,optimized_search,0.84375,0.7748373101952277,0.709574890742948,0.69,"{""C"": 0.5, ""class_weight"": ""balanced""}",False,0.8545,
logistic_regression,optimized_search,0.84225,0.7782705099778271,0.6972586412395709,0.7,"{""C"": 0.5, ""class_weight"": ""balanced""}",False,0.8545,
logistic_regression,optimized_search,0.841,0.7835990888382688,0.6833531982518871,0.71,"{""C"": 0.5, ""class_weight"": ""balanced""}",False,0.8545,
logistic_regression,optimized_search,0.839,0.7886331611085017,0.6670639650377433,0.72,"{""C"": 0.5, ""class_weight"": ""balanced""}",False,0.8545,
logistic_regression,optimized_search,0.837625,0.793918918918919,0.6535558204211362,0.73,"{""C"": 0.5, ""class_weight"": ""balanced""}",False,0.8545,
logistic_regression,optimized_search,0.837125,0.799901185770751,0.6432260627731426,0.74,"{""C"": 0.5, ""class_weight"": ""balanced""}",False,0.8545,
logistic_regression,optimized_search,0.834875,0.8066666666666666,0.6249503377036154,0.75,"{""C"": 0.5, ""class_weight"": ""balanced""}",False,0.8545,
logistic_regression,optimized_search,0.833625,0.8150903294367694,0.609455701231625,0.76,"{""C"": 0.5, ""class_weight"": ""balanced""}",False,0.8545,
logistic_regression,optimized_search,0.83225,0.8215654077723044,0.5963448549860946,0.77,"{""C"": 0.5, ""class_weight"": ""balanced""}",False,0.8545,
logistic_regression,optimized_search,0.828,0.8232294617563739,0.577274533174414,0.78,"{""C"": 0.5, ""class_weight"": ""balanced""}",False,0.8545,
logistic_regression,optimized_search,0.826875,0.8286875725900116,0.5669447755264203,0.79,"{""C"": 0.5, ""class_weight"": ""balanced""}",False,0.8545,
logistic_regression,optimized_search,0.825625,0.8351254480286738,0.5554231227651967,0.8,"{""C"": 0.5, ""class_weight"": ""balanced""}",False,0.8545,
logistic_regression,optimized_search,0.823375,0.8420074349442379,0.5399284862932062,0.81,"{""C"": 0.5, ""class_weight"": ""balanced""}",False,0.8545,
logistic_regression,optimized_search,0.78175,0.6013673415724428,0.9086213746523639,0.2,"{""C"": 1.0, ""class_weight"": null}",False,0.8545,
logistic_regression,optimized_search,0.7865,0.6082419052716083,0.9030591974572905,0.21,"{""C"": 1.0, ""class_weight"": null}",False,0.8545,
logistic_regression,optimized_search,0.789625,0.6128857606930157,0.8994835121176004,0.22,"{""C"": 1.0, ""class_weight"": null}",False,0.8545,
logistic_regression,optimized_search,0.792875,0.617937465715853,0.8951132300357568,0.23,"{""C"": 1.0, ""class_weight"": null}",False,0.8545,
logistic_regression,optimized_search,0.797875,0.6254880089235918,0.8911402463249901,0.24,"{""C"": 1.0, ""class_weight"": null}",False,0.8545,
logistic_regression,optimized_search,0.80125,0.6308952273369105,0.8875645609853,0.25,"{""C"": 1.0, ""class_weight"": null}",False,0.8545,
logistic_regression,optimized_search,0.805375,0.6378518093049971,0.8823996821613032,0.26,"{""C"": 1.0, ""class_weight"": null}",False,0.8545,
logistic_regression,optimized_search,0.809875,0.6454439252336449,0.8780294000794596,0.27,"{""C"": 1.0, ""class_weight"": null}",False,0.8545,
logistic_regression,optimized_search,0.811875,0.6497927767910006,0.8720699245133094,0.28,"{""C"": 1.0, ""class_weight"": null}",False,0.8545,
logistic_regression,optimized_search,0.8145,0.6553383458646617,0.8657131505760827,0.29,"{""C"": 1.0, ""class_weight"": null}",False,0.8545,
logistic_regression,optimized_search,0.816375,0.6601466992665037,0.8581644815256257,0.3,"{""C"": 1.0, ""class_weight"": null}",False,0.8545,
logistic_regression,optimized_search,0.81925,0.6663560111835974,0.8522050059594756,0.31,"{""C"": 1.0, ""class_weight"": null}",False,0.8545,
logistic_regression,optimized_search,0.819625,0.6688679245283019,0.8450536352800954,0.32,"{""C"": 1.0, ""class_weight"": null}",False,0.8545,
logistic_regression,optimized_search,0.823375,0.676923076923077,0.8390941597139452,0.33,"{""C"": 1.0, ""class_weight"": null}",False,0.8545,
logistic_regression,optimized_search,0.825875,0.6830618892508143,0.833134684147795,0.34,"{""C"": 1.0, ""class_weight"": null}",False,0.8545,
logistic_regression,optimized_search,0.828,0.688719814753556,0.8271752085816448,0.35,"{""C"": 1.0, ""class_weight"": null}",False,0.8545,
logistic_regression,optimized_search,0.831,0.6965912926088423,0.8200238379022646,0.36,"{""C"": 1.0, ""class_weight"": null}",False,0.8545,
logistic_regression,optimized_search,0.833125,0.7021203830369357,0.8156535558204211,0.37,"{""C"": 1.0, ""class_weight"": null}",False,0.8545,
logistic_regression,optimized_search,0.833625,0.7066202090592334,0.8057210965435042,0.38,"{""C"": 1.0, ""class_weight"": null}",False,0.8545,
logistic_regression,optimized_search,0.8365,0.7142857142857143,0.8005562177195074,0.39,"{""C"": 1.0, ""class_weight"": null}",False,0.8545,
logistic_regression,optimized_search,0.83825,0.7209974701843151,0.7926102502979738,0.4,"{""C"": 1.0, ""class_weight"": null}",False,0.8545,
logistic_regression,optimized_search,0.839,0.7255045871559633,0.7854588796185935,0.41,"{""C"": 1.0, ""class_weight"": null}",False,0.8545,
logistic_regression,optimized_search,0.839875,0.7293986636971047,0.7806912991656734,0.42,"{""C"": 1.0, ""class_weight"": null}",False,0.8545,
logistic_regression,optimized_search,0.84025,0.7331576966503576,0.7739372268573699,0.43,"{""C"": 1.0, ""class_weight"": null}",False,0.8545,
logistic_regression,optimized_search,0.841625,0.738914373088685,0.7679777512912197,0.44,"{""C"": 1.0, ""class_weight"": null}",False,0.8545,
logistic_regression,optimized_search,0.842,0.7436795021392454,0.7596344854986095,0.45,"{""C"": 1.0, ""class_weight"": null}",False,0.8545,
logistic_regression,optimized_search,0.84225,0.747534516765286,0.752880413190306,0.46,"{""C"": 1.0, ""class_weight"": null}",False,0.8545,
logistic_regression,optimized_search,0.842625,0.7522052927024859,0.745331744139849,0.47,"{""C"": 1.0, ""class_weight"": null}",False,0.8545,
logistic_regression,optimized_search,0.8435,0.7586912065439673,0.7369884783472388,0.48,"{""C"": 1.0, ""class_weight"": null}",False,0.8545,
logistic_regression,optimized_search,0.845125,0.7664720600500416,0.7302344060389352,0.49,"{""C"": 1.0, ""class_weight"": null}",False,0.8545,
logistic_regression,optimized_search,0.845375,0.772572402044293,0.7206992451330949,0.5,"{""C"": 1.0, ""class_weight"": null}",False,0.8545,
logistic_regression,optimized_search,0.84475,0.7765726681127982,0.7111640842272546,0.51,"{""C"": 1.0, ""class_weight"": null}",False,0.8545,
logistic_regression,optimized_search,0.843875,0.7800353356890459,0.7016289233214144,0.52,"{""C"": 1.0, ""class_weight"": null}",False,0.8545,
logistic_regression,optimized_search,0.84325,0.7848443843031123,0.6912991656734208,0.53,"{""C"": 1.0, ""class_weight"": null}",False,0.8545,
logistic_regression,optimized_search,0.841375,0.787292817679558,0.6793802145411204,0.54,"{""C"": 1.0, ""class_weight"": null}",False,0.8545,
logistic_regression,optimized_search,0.84075,0.793022159358793,0.6682558601509734,0.55,"{""C"": 1.0, ""class_weight"": null}",False,0.8545,
logistic_regression,optimized_search,0.839,0.7955747955747956,0.6571315057608264,0.56,"{""C"": 1.0, ""class_weight"": null}",False,0.8545,
logistic_regression,optimized_search,0.8365,0.799405646359584,0.6412395709177592,0.57,"{""C"": 1.0, ""class_weight"": null}",False,0.8545,
logistic_regression,optimized_search,0.83475,0.8028383172833249,0.6293206197854588,0.58,"{""C"": 1.0, ""class_weight"": null}",False,0.8545,
logistic_regression,optimized_search,0.8345,0.8114882506527415,0.6174016686531585,0.59,"{""C"": 1.0, ""class_weight"": null}",False,0.8545,
logistic_regression,optimized_search,0.833625,0.8184747583243824,0.6054827175208581,0.6,"{""C"": 1.0, ""class_weight"": null}",False,0.8545,
logistic_regression,optimized_search,0.832,0.8217224355458036,0.5951529598728645,0.61,"{""C"": 1.0, ""class_weight"": null}",False,0.8545,
logistic_regression,optimized_search,0.830875,0.8247767857142857,0.5872069924513309,0.62,"{""C"": 1.0, ""class_weight"": null}",False,0.8545,
logistic_regression,optimized_search,0.829375,0.826530612244898,0.5792610250297974,0.63,"{""C"": 1.0, ""class_weight"": null}",False,0.8545,
logistic_regression,optimized_search,0.826625,0.8277262180974478,0.5669447755264203,0.64,"{""C"": 1.0, ""class_weight"": null}",False,0.8545,
logistic_regression,optimized_search,0.82575,0.8320520402128918,0.5589988081048868,0.65,"{""C"": 1.0, ""class_weight"": null}",False,0.8545,
logistic_regression,optimized_search,0.824,0.8358570563294972,0.5482717520858165,0.66,"{""C"": 1.0, ""class_weight"": null}",False,0.8545,
logistic_regression,optimized_search,0.82225,0.8385899814471243,0.5387365911799762,0.67,"{""C"": 1.0, ""class_weight"": null}",False,0.8545,
logistic_regression,optimized_search,0.821,0.8431372549019608,0.5295987286452125,0.68,"{""C"": 1.0, ""class_weight"": null}",False,0.8545,
logistic_regression,optimized_search,0.819875,0.8498049414824448,0.5192689709972189,0.69,"{""C"": 1.0, ""class_weight"": null}",False,0.8545,
logistic_regression,optimized_search,0.816625,0.8509358288770054,0.5057608263806118,0.7,"{""C"": 1.0, ""class_weight"": null}",False,0.8545,
logistic_regression,optimized_search,0.81475,0.8556701030927835,0.49463647199046484,0.71,"{""C"": 1.0, ""class_weight"": null}",False,0.8545,
logistic_regression,optimized_search,0.811875,0.8583569405099151,0.48152562574493446,0.72,"{""C"": 1.0, ""class_weight"": null}",False,0.8545,
logistic_regression,optimized_search,0.810625,0.8646288209606987,0.4719904648390942,0.73,"{""C"": 1.0, ""class_weight"": null}",False,0.8545,
logistic_regression,optimized_search,0.80775,0.8699924414210128,0.45729042510925705,0.74,"{""C"": 1.0, ""class_weight"": null}",False,0.8545,
logistic_regression,optimized_search,0.805,0.8758837391987431,0.44298768375049663,0.75,"{""C"": 1.0, ""class_weight"": null}",False,0.8545,
logistic_regression,optimized_search,0.80125,0.8802296964725185,0.42630115216527614,0.76,"{""C"": 1.0, ""class_weight"": null}",False,0.8545,
logistic_regression,optimized_search,0.798,0.8847139197267293,0.411601112435439,0.77,"{""C"": 1.0, ""class_weight"": null}",False,0.8545,
logistic_regression,optimized_search,0.79675,0.896,0.40047675804529204,0.78,"{""C"": 1.0, ""class_weight"": null}",False,0.8545,
logistic_regression,optimized_search,0.794,0.9004608294930876,0.388160508541915,0.79,"{""C"": 1.0, ""class_weight"": null}",False,0.8545,
logistic_regression,optimized_search,0.790625,0.9017175572519084,0.37544696066746125,0.8,"{""C"": 1.0, ""class_weight"": null}",False,0.8545,
logistic_regression,optimized_search,0.786125,0.903,0.35876042908224076,0.81,"{""C"": 1.0, ""class_weight"": null}",False,0.8545,
logistic_regression,optimized_best,0.698875,0.5114455277660025,0.9586809694080254,0.2,"{""C"": 1.0, ""class_weight"": ""balanced""}",False,0.8545,models/optimized_logistic_regression.pkl
logistic_regression,optimized_search,0.705625,0.5173969072164949,0.9570917759237187,0.21,"{""C"": 1.0, ""class_weight"": ""balanced""}",False,0.8545,
logistic_regression,optimized_search,0.711625,0.5228758169934641,0.9535160905840286,0.22,"{""C"": 1.0, ""class_weight"": ""balanced""}",False,0.8545,
logistic_regression,optimized_search,0.71775,0.528580887221364,0.9515295987286452,0.23,"{""C"": 1.0, ""class_weight"": ""balanced""}",False,0.8545,
logistic_regression,optimized_search,0.723375,0.5339740724184175,0.9491458085021851,0.24,"{""C"": 1.0, ""class_weight"": ""balanced""}",False,0.8545,
logistic_regression,optimized_search,0.7315,0.5420560747663551,0.9447755264203417,0.25,"{""C"": 1.0, ""class_weight"": ""balanced""}",False,0.8545,
logistic_regression,optimized_search,0.737625,0.5483125288950532,0.9423917361938816,0.26,"{""C"": 1.0, ""class_weight"": ""balanced""}",False,0.8545,
logistic_regression,optimized_search,0.743375,0.5544345377756922,0.9388160508541915,0.27,"{""C"": 1.0, ""class_weight"": ""balanced""}",False,0.8545,
logistic_regression,optimized_search,0.748125,0.5598474010491178,0.9328565752880413,0.28,"{""C"": 1.0, ""class_weight"": ""balanced""}",False,0.8545,
logistic_regression,optimized_search,0.754,0.5663845223700121,0.9304727850615813,0.29,"{""C"": 1.0, ""class_weight"": ""balanced""}",False,0.8545,
logistic_regression,optimized_search,0.76,0.5733235077376566,0.9272943980929678,0.3,"{""C"": 1.0, ""class_weight"": ""balanced""}",False,0.8545,
logistic_regression,optimized_search,0.7645,0.5786726323639075,0.9249106078665077,0.31,"{""C"": 1.0, ""class_weight"": ""balanced""}",False,0.8545,
logistic_regression,optimized_search,0.76875,0.5841109709962169,0.9201430274135876,0.32,"{""C"": 1.0, ""class_weight"": ""balanced""}",False,0.8545,
logistic_regression,optimized_search,0.77175,0.5879806468041762,0.9173619388160509,0.33,"{""C"": 1.0, ""class_weight"": ""balanced""}",False,0.8545,
logistic_regression,optimized_search,0.7755,0.593128390596745,0.912197059992054,0.34,"{""C"": 1.0, ""class_weight"": ""balanced""}",False,0.8545,
logistic_regression,optimized_search,0.780375,0.5994243851386708,0.9102105681366707,0.35,"{""C"": 1.0, ""class_weight"": ""balanced""}",False,0.8545,
logistic_regression,optimized_search,0.784625,0.6053609341825902,0.9062375844259039,0.36,"{""C"": 1.0, ""class_weight"": ""balanced""}",False,0.8545,
logistic_regression,optimized_search,0.787125,0.6092910848549946,0.9014700039729837,0.37,"{""C"": 1.0, ""class_weight"": ""balanced""}",False,0.8545,
logistic_regression,optimized_search,0.79025,0.6137781394087334,0.8990862137465236,0.38,"{""C"": 1.0, ""class_weight"": ""balanced""}",False,0.8545,
logistic_regression,optimized_search,0.7935,0.6186556927297668,0.8959078267779103,0.39,"{""C"": 1.0, ""class_weight"": ""balanced""}",False,0.8545,
logistic_regression,optimized_search,0.79575,0.6219950262503454,0.8943186332936035,0.4,"{""C"": 1.0, ""class_weight"": ""balanced""}",False,0.8545,
logistic_regression,optimized_search,0.798625,0.6266778523489933,0.8903456495828367,0.41,"{""C"": 1.0, ""class_weight"": ""balanced""}",False,0.8545,
logistic_regression,optimized_search,0.800875,0.6308781869688386,0.8847834723877632,0.42,"{""C"": 1.0, ""class_weight"": ""balanced""}",False,0.8545,
logistic_regression,optimized_search,0.803625,0.6354524627720504,0.8816050854191498,0.43,"{""C"": 1.0, ""class_weight"": ""balanced""}",False,0.8545,
logistic_regression,optimized_search,0.807625,0.642068564787914,0.8780294000794596,0.44,"{""C"": 1.0, ""class_weight"": ""balanced""}",False,0.8545,
logistic_regression,optimized_search,0.810875,0.6476470588235295,0.8748510131108462,0.45,"{""C"": 1.0, ""class_weight"": ""balanced""}",False,0.8545,
logistic_regression,optimized_search,0.812625,0.6514880952380953,0.8696861342868494,0.46,"{""C"": 1.0, ""class_weight"": ""balanced""}",False,0.8545,
logistic_regression,optimized_search,0.81425,0.6553178668273576,0.8641239570917759,0.47,"{""C"": 1.0, ""class_weight"": ""balanced""}",False,0.8545,
logistic_regression,optimized_search,0.816625,0.6606487148102815,0.857767183154549,0.48,"{""C"": 1.0, ""class_weight"": ""balanced""}",False,0.8545,
logistic_regression,optimized_search,0.818,0.6644961240310078,0.8514104092173223,0.49,"{""C"": 1.0, ""class_weight"": ""balanced""}",False,0.8545,
logistic_regression,optimized_search,0.81875,0.6670842467898528,0.8462455303933254,0.5,"{""C"": 1.0, ""class_weight"": ""balanced""}",False,0.8545,
logistic_regression,optimized_search,0.821375,0.6733588272785214,0.8394914580850219,0.51,"{""C"": 1.0, ""class_weight"": ""balanced""}",False,0.8545,
logistic_regression,optimized_search,0.8245,0.6796900226025185,0.8363130711164084,0.52,"{""C"": 1.0, ""class_weight"": ""balanced""}",False,0.8545,
logistic_regression,optimized_search,0.82725,0.6857610474631751,0.8323400874056416,0.53,"{""C"": 1.0, ""class_weight"": ""balanced""}",False,0.8545,
logistic_regression,optimized_search,0.83075,0.6936396936396937,0.8275725069527214,0.54,"{""C"": 1.0, ""class_weight"": ""balanced""}",False,0.8545,
logistic_regression,optimized_search,0.831125,0.6968264686022958,0.8200238379022646,0.55,"{""C"": 1.0, ""class_weight"": ""balanced""}",False,0.8545,
logistic_regression,optimized_search,0.832375,0.7019230769230769,0.812077870480731,0.56,"{""C"": 1.0, ""class_weight"": ""balanced""}",False,0.8545,
logistic_regression,optimized_search,0.8345,0.7084935337294652,0.8053237981724275,0.57,"{""C"": 1.0, ""class_weight"": ""balanced""}",False,0.8545,
logistic_regression,optimized_search,0.836,0.7140319715808171,0.798569725864124,0.58,"{""C"": 1.0, ""class_weight"": ""balanced""}",False,0.8545,
logistic_regression,optimized_search,0.837375,0.7194945848375451,0.7918156535558204,0.59,"{""C"": 1.0, ""class_weight"": ""balanced""}",False,0.8545,
logistic_regression,optimized_search,0.837125,0.7220190197512801,0.7842669845053635,0.6,"{""C"": 1.0, ""class_weight"": ""balanced""}",False,0.8545,
logistic_regression,optimized_search,0.838625,0.7272053372868792,0.7794994040524433,0.61,"{""C"": 1.0, ""class_weight"": ""balanced""}",False,0.8545,
logistic_regression,optimized_search,0.84075,0.7335588124765126,0.7755264203416766,0.62,"{""C"": 1.0, ""class_weight"": ""balanced""}",False,0.8545,
logistic_regression,optimized_search,0.841,0.7382319173363949,0.766388557806913,0.63,"{""C"": 1.0, ""class_weight"": ""balanced""}",False,0.8545,
logistic_regression,optimized_search,0.842375,0.7441679626749611,0.7604290822407628,0.64,"{""C"": 1.0, ""class_weight"": ""balanced""}",False,0.8545,
logistic_regression,optimized_search,0.841625,0.7474267616785432,0.7500993245927692,0.65,"{""C"": 1.0, ""class_weight"": ""balanced""}",False,0.8545,
logistic_regression,optimized_search,0.8425,0.7547628698824483,0.7397695669447756,0.66,"{""C"": 1.0, ""class_weight"": ""balanced""}",False,0.8545,
logistic_regression,optimized_search,0.844375,0.7639004149377593,0.7314263011521652,0.67,"{""C"": 1.0, ""class_weight"": ""balanced""}",False,0.8545,
logistic_regression,optimized_search,0.84375,0.7687738650827323,0.7199046483909416,0.68,"{""C"": 1.0, ""class_weight"": ""balanced""}",False,0.8545,
logistic_regression,optimized_search,0.843875,0.7739844425237684,0.7115613825983313,0.69,"{""C"": 1.0, ""class_weight"": ""balanced""}",False,0.8545,
logistic_regression,optimized_search,0.842125,0.7766990291262136,0.6992451330949543,0.7,"{""C"": 1.0, ""class_weight"": ""balanced""}",False,0.8545,
logistic_regression,optimized_search,0.840625,0.782016348773842,0.6841477949940405,0.71,"{""C"": 1.0, ""class_weight"": ""balanced""}",False,0.8545,
logistic_regression,optimized_search,0.8395,0.7887587822014052,0.6690504568931267,0.72,"{""C"": 1.0, ""class_weight"": ""balanced""}",False,0.8545,
logistic_regression,optimized_search,0.8375,0.7924074963959635,0.655145013905443,0.73,"{""C"": 1.0, ""class_weight"": ""balanced""}",False,0.8545,
logistic_regression,optimized_search,0.836375,0.7978303747534516,0.6428287644020659,0.74,"{""C"": 1.0, ""class_weight"": ""balanced""}",False,0.8545,
logistic_regression,optimized_search,0.835375,0.8061224489795918,0.6277314263011522,0.75,"{""C"": 1.0, ""class_weight"": ""balanced""}",False,0.8545,
logistic_regression,optimized_search,0.8335,0.8136580201164637,0.610647596344855,0.76,"{""C"": 1.0, ""class_weight"": ""balanced""}",False,0.8545,
logistic_regression,optimized_search,0.832875,0.821701199563795,0.5987286452125546,0.77,"{""C"": 1.0, ""class_weight"": ""balanced""}",False,0.8545,
logistic_regression,optimized_search,0.829,0.8236619718309859,0.5808502185141041,0.78,"{""C"": 1.0, ""class_weight"": ""balanced""}",False,0.8545,
logistic_regression,optimized_search,0.82725,0.8282244071717756,0.5689312673818038,0.79,"{""C"": 1.0, ""class_weight"": ""balanced""}",False,0.8545,
logistic_regression,optimized_search,0.82575,0.8344252531268612,0.5566150178784267,0.8,"{""C"": 1.0, ""class_weight"": ""balanced""}",False,0.8545,
logistic_regression,optimized_search,0.8235,0.8412600370599135,0.5411203814064363,0.81,"{""C"": 1.0, ""class_weight"": ""balanced""}",False,0.8545,
logistic_regression,optimized_search,0.782,0.6016302918748356,0.9090186730234406,0.2,"{""C"": 2.0, ""class_weight"": null}",False,0.8545,
logistic_regression,optimized_search,0.787,0.6088936512188589,0.9030591974572905,0.21,"{""C"": 2.0, ""class_weight"": null}",False,0.8545,
logistic_regression,optimized_search,0.7905,0.613925765375237,0.9002781088597537,0.22,"{""C"": 2.0, ""class_weight"": null}",False,0.8545,
logistic_regression,optimized_search,0.793625,0.6188907193849533,0.8955105284068335,0.23,"{""C"": 2.0, ""class_weight"": null}",False,0.8545,
logistic_regression,optimized_search,0.79825,0.6259414225941422,0.8915375446960667,0.24,"{""C"": 2.0, ""class_weight"": null}",False,0.8545,
logistic_regression,optimized_search,0.800875,0.6304347826086957,0.8871672626142233,0.25,"{""C"": 2.0, ""class_weight"": null}",False,0.8545,
logistic_regression,optimized_search,0.8055,0.6378766140602582,0.8831942789034565,0.26,"{""C"": 2.0, ""class_weight"": null}",False,0.8545,
logistic_regression,optimized_search,0.809375,0.6448598130841121,0.8772348033373063,0.27,"{""C"": 2.0, ""class_weight"": null}",False,0.8545,
logistic_regression,optimized_search,0.811625,0.6494967436352872,0.8716726261422328,0.28,"{""C"": 2.0, ""class_weight"": null}",False,0.8545,
logistic_regression,optimized_search,0.8145,0.6554318386999699,0.865315852205006,0.29,"{""C"": 2.0, ""class_weight"": null}",False,0.8545,
logistic_regression,optimized_search,0.816875,0.6608562691131499,0.8585617798967025,0.3,"{""C"": 2.0, ""class_weight"": null}",False,0.8545,
logistic_regression,optimized_search,0.81925,0.6663560111835974,0.8522050059594756,0.31,"{""C"": 2.0, ""class_weight"": null}",False,0.8545,
logistic_regression,optimized_search,0.81975,0.669184765502046,0.8446563369090186,0.32,"{""C"": 2.0, ""class_weight"": null}",False,0.8545,
logistic_regression,optimized_search,0.823,0.6762728146013448,0.8390941597139452,0.33,"{""C"": 2.0, ""class_weight"": null}",False,0.8545,
logistic_regression,optimized_search,0.825875,0.6830618892508143,0.833134684147795,0.34,"{""C"": 2.0, ""class_weight"": null}",False,0.8545,
logistic_regression,optimized_search,0.828375,0.6896551724137931,0.8263806118394914,0.35,"{""C"": 2.0, ""class_weight"": null}",False,0.8545,
logistic_regression,optimized_search,0.83125,0.6966632962588474,0.8212157330154947,0.36,"{""C"": 2.0, ""class_weight"": null}",False,0.8545,
logistic_regression,optimized_search,0.832625,0.7012987012987013,0.8152562574493445,0.37,"{""C"": 2.0, ""class_weight"": null}",False,0.8545,
logistic_regression,optimized_search,0.834,0.7070707070707071,0.8065156932856575,0.38,"{""C"": 2.0, ""class_weight"": null}",False,0.8545,
logistic_regression,optimized_search,0.8365,0.71413390010627,0.8009535160905841,0.39,"{""C"": 2.0, ""class_weight"": null}",False,0.8545,
logistic_regression,optimized_search,0.838,0.7207956600361664,0.7918156535558204,0.4,"{""C"": 2.0, ""class_weight"": null}",False,0.8545,
logistic_regression,optimized_search,0.83875,0.725137614678899,0.7850615812475169,0.41,"{""C"": 2.0, ""class_weight"": null}",False,0.8545,
logistic_regression,optimized_search,0.84,0.7294990723562153,0.7810885975367501,0.42,"{""C"": 2.0, ""class_weight"": null}",False,0.8545,
logistic_regression,optimized_search,0.84075,0.7333834021779947,0.7759237187127532,0.43,"{""C"": 2.0, ""class_weight"": null}",False,0.8545,
logistic_regression,optimized_search,0.841875,0.7391138273491215,0.768772348033373,0.44,"{""C"": 2.0, ""class_weight"": null}",False,0.8545,
logistic_regression,optimized_search,0.841625,0.7431906614785992,0.7588398887564561,0.45,"{""C"": 2.0, ""class_weight"": null}",False,0.8545,
logistic_regression,optimized_search,0.84275,0.7483234714003945,0.7536750099324593,0.46,"{""C"": 2.0, ""class_weight"": null}",False,0.8545,
logistic_regression,optimized_search,0.8425,0.7519038076152305,0.745331744139849,0.47,"{""C"": 2.0, ""class_weight"": null}",False,0.8545,
logistic_regression,optimized_search,0.843,0.7576624438087454,0.7365911799761621,0.48,"{""C"": 2.0, ""class_weight"": null}",False,0.8545,
logistic_regression,optimized_search,0.844875,0.7656119900083264,0.7306317044100119,0.49,"{""C"": 2.0, ""class_weight"": null}",False,0.8545,
logistic_regression,optimized_search,0.84475,0.7709307267318317,0.7206992451330949,0.5,"{""C"": 2.0, ""class_weight"": null}",False,0.8545,
logistic_regression,optimized_search,0.84425,0.7752273711563448,0.7111640842272546,0.51,"{""C"": 2.0, ""class_weight"": null}",False,0.8545,
logistic_regression,optimized_search,0.8435,0.7790030877812086,0.7016289233214144,0.52,"{""C"": 2.0, ""class_weight"": null}",False,0.8545,
logistic_regression,optimized_search,0.843,0.7843933243121335,0.690901867302344,0.53,"{""C"": 2.0, ""class_weight"": null}",False,0.8545,
logistic_regression,optimized_search,0.841375,0.7865013774104683,0.6805721096543504,0.54,"{""C"": 2.0, ""class_weight"": null}",False,0.8545,
logistic_regression,optimized_search,0.840625,0.7923728813559322,0.6686531585220501,0.55,"{""C"": 2.0, ""class_weight"": null}",False,0.8545,
logistic_regression,optimized_search,0.8395,0.7956834532374101,0.6591179976162098,0.56,"{""C"": 2.0, ""class_weight"": null}",False,0.8545,
logistic_regression,optimized_search,0.83675,0.7990123456790124,0.6428287644020659,0.57,"{""C"": 2.0, ""class_weight"": null}",False,0.8545,
logistic_regression,optimized_search,0.83475,0.8013111447302067,0.6313071116408423,0.58,"{""C"": 2.0, ""class_weight"": null}",False,0.8545,
logistic_regression,optimized_search,0.83425,0.8103178738926524,0.6177989670242352,0.59,"{""C"": 2.0, ""class_weight"": null}",False,0.8545,
logistic_regression,optimized_search,0.83325,0.8171581769436997,0.6054827175208581,0.6,"{""C"": 2.0, ""class_weight"": null}",False,0.8545,
logistic_regression,optimized_search,0.832375,0.8213114754098361,0.5971394517282479,0.61,"{""C"": 2.0, ""class_weight"": null}",False,0.8545,
logistic_regression,optimized_search,0.830875,0.8236929922135706,0.5883988875645609,0.62,"{""C"": 2.0, ""class_weight"": null}",False,0.8545,
logistic_regression,optimized_search,0.830125,0.8271186440677966,0.5816448152562574,0.63,"{""C"": 2.0, ""class_weight"": null}",False,0.8545,
logistic_regression,optimized_search,0.826875,0.8279258400926999,0.5677393722685737,0.64,"{""C"": 2.0, ""class_weight"": null}",False,0.8545,
logistic_regression,optimized_search,0.826125,0.83274231678487,0.5597934048470401,0.65,"{""C"": 2.0, ""class_weight"": null}",False,0.8545,
logistic_regression,optimized_search,0.824375,0.8361547762998791,0.5494636471990465,0.66,"{""C"": 2.0, ""class_weight"": null}",False,0.8545,
logistic_regression,optimized_search,0.82275,0.8389882788402221,0.5403257846642828,0.67,"{""C"": 2.0, ""class_weight"": null}",False,0.8545,
logistic_regression,optimized_search,0.821125,0.843236409608091,0.5299960270162892,0.68,"{""C"": 2.0, ""class_weight"": null}",False,0.8545,
logistic_regression,optimized_search,0.819625,0.8487012987012987,0.5192689709972189,0.69,"{""C"": 2.0, ""class_weight"": null}",False,0.8545,
logistic_regression,optimized_search,0.817,0.8507661558960693,0.5073500198649186,0.7,"{""C"": 2.0, ""class_weight"": null}",False,0.8545,
logistic_regression,optimized_search,0.814875,0.8538251366120219,0.49662296384584825,0.71,"{""C"": 2.0, ""class_weight"": null}",False,0.8545,
logistic_regression,optimized_search,0.812125,0.8585572842998586,0.4823202224870878,0.72,"{""C"": 2.0, ""class_weight"": null}",False,0.8545,
logistic_regression,optimized_search,0.810375,0.8644314868804664,0.4711958680969408,0.73,"{""C"": 2.0, ""class_weight"": null}",False,0.8545,
logistic_regression,optimized_search,0.807875,0.8700906344410876,0.4576877234803337,0.74,"{""C"": 2.0, ""class_weight"": null}",False,0.8545,
logistic_regression,optimized_search,0.804875,0.8751962323390895,0.44298768375049663,0.75,"{""C"": 2.0, ""class_weight"": null}",False,0.8545,
logistic_regression,optimized_search,0.801625,0.8799019607843137,0.42789034564958284,0.76,"{""C"": 2.0, ""class_weight"": null}",False,0.8545,
logistic_regression,optimized_search,0.7985,0.8851063829787233,0.4131903059197457,0.77,"{""C"": 2.0, ""class_weight"": null}",False,0.8545,
logistic_regression,optimized_search,0.796625,0.8938053097345132,0.40127135478744536,0.78,"{""C"": 2.0, ""class_weight"": null}",False,0.8545,
logistic_regression,optimized_search,0.794,0.8997240110395585,0.38855780691299163,0.79,"{""C"": 2.0, ""class_weight"": null}",False,0.8545,
logistic_regression,optimized_search,0.79125,0.9021842355175689,0.37743345252284466,0.8,"{""C"": 2.0, ""class_weight"": null}",False,0.8545,
logistic_regression,optimized_search,0.786625,0.9025844930417495,0.36074692093762417,0.81,"{""C"": 2.0, ""class_weight"": null}",False,0.8545,
logistic_regression,optimized_search,0.699375,0.5118845500848896,0.9582836710369488,0.2,"{""C"": 2.0, ""class_weight"": ""balanced""}",False,0.8545,
logistic_regression,optimized_search,0.706375,0.5180645161290323,0.9570917759237187,0.21,"{""C"": 2.0, ""class_weight"": ""balanced""}",False,0.8545,
logistic_regression,optimized_search,0.712625,0.5237783595113438,0.9539133889551052,0.22,"{""C"": 2.0, ""class_weight"": ""balanced""}",False,0.8545,
logistic_regression,optimized_search,0.719,0.5297632219517593,0.9511323003575686,0.23,"{""C"": 2.0, ""class_weight"": ""balanced""}",False,0.8545,
logistic_regression,optimized_search,0.724625,0.5351702508960573,0.9491458085021851,0.24,"{""C"": 2.0, ""class_weight"": ""balanced""}",False,0.8545,
logistic_regression,optimized_search,0.731375,0.5419325432999088,0.9447755264203417,0.25,"{""C"": 2.0, ""class_weight"": ""balanced""}",False,0.8545,
logistic_regression,optimized_search,0.738375,0.5490286771507863,0.9431863329360349,0.26,"{""C"": 2.0, ""class_weight"": ""balanced""}",False,0.8545,
logistic_regression,optimized_search,0.74325,0.554406580493537,0.9372268573698848,0.27,"{""C"": 2.0, ""class_weight"": ""balanced""}",False,0.8545,
logistic_regression,optimized_search,0.748125,0.5598474010491178,0.9328565752880413,0.28,"{""C"": 2.0, ""class_weight"": ""balanced""}",False,0.8545,
logistic_regression,optimized_search,0.75425,0.5666908738804164,0.9300754866905045,0.29,"{""C"": 2.0, ""class_weight"": ""balanced""}",False,0.8545,
logistic_regression,optimized_search,0.759875,0.5731827111984283,0.9272943980929678,0.3,"{""C"": 2.0, ""class_weight"": ""balanced""}",False,0.8545,
logistic_regression,optimized_search,0.76475,0.5789604575976125,0.9249106078665077,0.31,"{""C"": 2.0, ""class_weight"": ""balanced""}",False,0.8545,
logistic_regression,optimized_search,0.76875,0.5841534191269241,0.919745729042511,0.32,"{""C"": 2.0, ""class_weight"": ""balanced""}",False,0.8545,
logistic_regression,optimized_search,0.77275,0.5891809134983415,0.9173619388160509,0.33,"{""C"": 2.0, ""class_weight"": ""balanced""}",False,0.8545,
logistic_regression,optimized_search,0.776125,0.5938954992240041,0.912197059992054,0.34,"{""C"": 2.0, ""class_weight"": ""balanced""}",False,0.8545,
logistic_regression,optimized_search,0.780625,0.599738219895288,0.9102105681366707,0.35,"{""C"": 2.0, ""class_weight"": ""balanced""}",False,0.8545,
logistic_regression,optimized_search,0.7845,0.60520031838684,0.9062375844259039,0.36,"{""C"": 2.0, ""class_weight"": ""balanced""}",False,0.8545,
logistic_regression,optimized_search,0.787375,0.6096184846856528,0.9014700039729837,0.37,"{""C"": 2.0, ""class_weight"": ""balanced""}",False,0.8545,
logistic_regression,optimized_search,0.79025,0.613716454323665,0.8994835121176004,0.38,"{""C"": 2.0, ""class_weight"": ""balanced""}",False,0.8545,
logistic_regression,optimized_search,0.7935,0.6185256234584817,0.8967024235200636,0.39,"{""C"": 2.0, ""class_weight"": ""balanced""}",False,0.8545,
logistic_regression,optimized_search,0.795875,0.6222345132743363,0.8939213349225268,0.4,"{""C"": 2.0, ""class_weight"": ""balanced""}",False,0.8545,
logistic_regression,optimized_search,0.799125,0.6273796192609182,0.8903456495828367,0.41,"{""C"": 2.0, ""class_weight"": ""balanced""}",False,0.8545,
logistic_regression,optimized_search,0.801125,0.6311614730878187,0.8851807707588399,0.42,"{""C"": 2.0, ""class_weight"": ""balanced""}",False,0.8545,
logistic_regression,optimized_search,0.804375,0.6366245694603904,0.8812077870480731,0.43,"{""C"": 2.0, ""class_weight"": ""balanced""}",False,0.8545,
logistic_regression,optimized_search,0.808375,0.6430232558139535,0.878823996821613,0.44,"{""C"": 2.0, ""class_weight"": ""balanced""}",False,0.8545,
logistic_regression,optimized_search,0.81025,0.6467822509550397,0.8744537147397695,0.45,"{""C"": 2.0, ""class_weight"": ""balanced""}",False,0.8545,
logistic_regression,optimized_search,0.813125,0.6521739130434783,0.8700834326579261,0.46,"{""C"": 2.0, ""class_weight"": ""balanced""}",False,0.8545,
logistic_regression,optimized_search,0.81425,0.6553178668273576,0.8641239570917759,0.47,"{""C"": 2.0, ""class_weight"": ""balanced""}",False,0.8545,
logistic_regression,optimized_search,0.816625,0.6606487148102815,0.857767183154549,0.48,"{""C"": 2.0, ""class_weight"": ""balanced""}",False,0.8545,
logistic_regression,optimized_search,0.818375,0.6649101053936763,0.8522050059594756,0.49,"{""C"": 2.0, ""class_weight"": ""balanced""}",False,0.8545,
logistic_regression,optimized_search,0.818875,0.6673981191222571,0.8458482320222487,0.5,"{""C"": 2.0, ""class_weight"": ""balanced""}",False,0.8545,
logistic_regression,optimized_search,0.82125,0.672923958001909,0.8402860548271752,0.51,"{""C"": 2.0, ""class_weight"": ""balanced""}",False,0.8545,
logistic_regression,optimized_search,0.823875,0.6788250484183345,0.8355184743742551,0.52,"{""C"": 2.0, ""class_weight"": ""balanced""}",False,0.8545,
logistic_regression,optimized_search,0.826875,0.6854521625163827,0.8311481922924115,0.53,"{""C"": 2.0, ""class_weight"": ""balanced""}",False,0.8545,
logistic_regression,optimized_search,0.8305,0.6935645215071691,0.8263806118394914,0.54,"{""C"": 2.0, ""class_weight"": ""balanced""}",False,0.8545,
logistic_regression,optimized_search,0.831375,0.6972972972972973,0.8200238379022646,0.55,"{""C"": 2.0, ""class_weight"": ""balanced""}",False,0.8545,
logistic_regression,optimized_search,0.8325,0.7018867924528301,0.8128724672228844,0.56,"{""C"": 2.0, ""class_weight"": ""balanced""}",False,0.8545,
logistic_regression,optimized_search,0.835375,0.7094972067039106,0.8073102900278109,0.57,"{""C"": 2.0, ""class_weight"": ""balanced""}",False,0.8545,
logistic_regression,optimized_search,0.83625,0.7143872113676731,0.7989670242352006,0.58,"{""C"": 2.0, ""class_weight"": ""balanced""}",False,0.8545,
logistic_regression,optimized_search,0.836875,0.7186147186147186,0.7914183551847438,0.59,"{""C"": 2.0, ""class_weight"": ""balanced""}",False,0.8545,
logistic_regression,optimized_search,0.837125,0.7220190197512801,0.7842669845053635,0.6,"{""C"": 2.0, ""class_weight"": ""balanced""}",False,0.8545,
logistic_regression,optimized_search,0.83825,0.7263976305072195,0.7794994040524433,0.61,"{""C"": 2.0, ""class_weight"": ""balanced""}",False,0.8545,
logistic_regression,optimized_search,0.8405,0.7330078858430342,0.7755264203416766,0.62,"{""C"": 2.0, ""class_weight"": ""balanced""}",False,0.8545,
logistic_regression,optimized_search,0.841375,0.7387146136189747,0.7671831545490664,0.63,"{""C"": 2.0, ""class_weight"": ""balanced""}",False,0.8545,
logistic_regression,optimized_search,0.8425,0.7444574095682613,0.7604290822407628,0.64,"{""C"": 2.0, ""class_weight"": ""balanced""}",False,0.8545,
logistic_regression,optimized_search,0.84125,0.7465401344404903,0.7500993245927692,0.65,"{""C"": 2.0, ""class_weight"": ""balanced""}",False,0.8545,
logistic_regression,optimized_search,0.842625,0.7544498381877023,0.7409614620580056,0.66,"{""C"": 2.0, ""class_weight"": ""balanced""}",False,0.8545,
logistic_regression,optimized_search,0.844375,0.7632450331125827,0.7326181962653953,0.67,"{""C"": 2.0, ""class_weight"": ""balanced""}",False,0.8545,
logistic_regression,optimized_search,0.844125,0.7690677966101694,0.7210965435041716,0.68,"{""C"": 2.0, ""class_weight"": ""balanced""}",False,0.8545,
logistic_regression,optimized_search,0.843875,0.7739844425237684,0.7115613825983313,0.69,"{""C"": 2.0, ""class_weight"": ""balanced""}",False,0.8545,
logistic_regression,optimized_search,0.842125,0.7759683098591549,0.7004370282081843,0.7,"{""C"": 2.0, ""class_weight"": ""balanced""}",False,0.8545,
logistic_regression,optimized_search,0.841,0.7815468113975577,0.6865315852205006,0.71,"{""C"": 2.0, ""class_weight"": ""balanced""}",False,0.8545,
logistic_regression,optimized_search,0.83975,0.7886863020102852,0.6702423520063567,0.72,"{""C"": 2.0, ""class_weight"": ""balanced""}",False,0.8545,
logistic_regression,optimized_search,0.837375,0.7914669223394055,0.6559396106475963,0.73,"{""C"": 2.0, ""class_weight"": ""balanced""}",False,0.8545,
logistic_regression,optimized_search,0.83625,0.7971442639094042,0.6432260627731426,0.74,"{""C"": 2.0, ""class_weight"": ""balanced""}",False,0.8545,
logistic_regression,optimized_search,0.83525,0.8047788510421963,0.6289233214143822,0.75,"{""C"": 2.0, ""class_weight"": ""balanced""}",False,0.8545,
logistic_regression,optimized_search,0.833125,0.8117088607594937,0.6114421930870083,0.76,"{""C"": 2.0, ""class_weight"": ""balanced""}",False,0.8545,
logistic_regression,optimized_search,0.832625,0.8204570184983678,0.5991259435836314,0.77,"{""C"": 2.0, ""class_weight"": ""balanced""}",False,0.8545,
logistic_regression,optimized_search,0.829625,0.8237934904601572,0.5832340087405642,0.78,"{""C"": 2.0, ""class_weight"": ""balanced""}",False,0.8545,
logistic_regression,optimized_search,0.827625,0.8285219399538106,0.5701231624950338,0.79,"{""C"": 2.0, ""class_weight"": ""balanced""}",False,0.8545,
logistic_regression,optimized_search,0.82625,0.8360166964818128,0.5570123162495034,0.8,"{""C"": 2.0, ""class_weight"": ""balanced""}",False,0.8545,
logistic_regression,optimized_search,0.824125,0.8413284132841329,0.5435041716328963,0.81,"{""C"": 2.0, ""class_weight"": ""balanced""}",False,0.8545,
logistic_regression,optimized_search,0.78225,0.6018932421772285,0.9094159713945172,0.2,"{""C"": 4.0, ""class_weight"": null}",False,0.8545,
logistic_regression,optimized_search,0.78675,0.6085676037483266,0.9030591974572905,0.21,"{""C"": 4.0, ""class_weight"": null}",False,0.8545,
logistic_regression,optimized_search,0.790375,0.613759479956663,0.9002781088597537,0.22,"{""C"": 4.0, ""class_weight"": null}",False,0.8545,
logistic_regression,optimized_search,0.79375,0.6191261335531739,0.8951132300357568,0.23,"{""C"": 4.0, ""class_weight"": null}",False,0.8545,
logistic_regression,optimized_search,0.798625,0.6263950892857143,0.8919348430671434,0.24,"{""C"": 4.0, ""class_weight"": null}",False,0.8545,
logistic_regression,optimized_search,0.800875,0.6304347826086957,0.8871672626142233,0.25,"{""C"": 4.0, ""class_weight"": null}",False,0.8545,
logistic_regression,optimized_search,0.805375,0.6376936316695353,0.8831942789034565,0.26,"{""C"": 4.0, ""class_weight"": null}",False,0.8545,
logistic_regression,optimized_search,0.809625,0.6451518691588785,0.877632101708383,0.27,"{""C"": 4.0, ""class_weight"": null}",False,0.8545,
logistic_regression,optimized_search,0.811875,0.6498815165876777,0.8716726261422328,0.28,"{""C"": 4.0, ""class_weight"": null}",False,0.8545,
logistic_regression,optimized_search,0.814375,0.6552346570397112,0.865315852205006,0.29,"{""C"": 4.0, ""class_weight"": null}",False,0.8545,
logistic_regression,optimized_search,0.81725,0.6613643315998776,0.8589590782677791,0.3,"{""C"": 4.0, ""class_weight"": null}",False,0.8545,
logistic_regression,optimized_search,0.819375,0.6665630826600373,0.8522050059594756,0.31,"{""C"": 4.0, ""class_weight"": null}",False,0.8545,
logistic_regression,optimized_search,0.820125,0.6699243379571248,0.844259038537942,0.32,"{""C"": 4.0, ""class_weight"": null}",False,0.8545,
logistic_regression,optimized_search,0.823125,0.6766025641025641,0.8386968613428685,0.33,"{""C"": 4.0, ""class_weight"": null}",False,0.8545,
logistic_regression,optimized_search,0.825625,0.6828552803129074,0.8323400874056416,0.34,"{""C"": 4.0, ""class_weight"": null}",False,0.8545,
logistic_regression,optimized_search,0.82825,0.6894265826980445,0.8263806118394914,0.35,"{""C"": 4.0, ""class_weight"": null}",False,0.8545,
logistic_regression,optimized_search,0.831125,0.6964285714285714,0.8212157330154947,0.36,"{""C"": 4.0, ""class_weight"": null}",False,0.8545,
logistic_regression,optimized_search,0.8325,0.7011965811965812,0.8148589590782678,0.37,"{""C"": 4.0, ""class_weight"": null}",False,0.8545,
logistic_regression,optimized_search,0.8345,0.7076226940480335,0.8077075883988876,0.38,"{""C"": 4.0, ""class_weight"": null}",False,0.8545,
logistic_regression,optimized_search,0.837375,0.7152974504249292,0.8025427095748907,0.39,"{""C"": 4.0, ""class_weight"": null}",False,0.8545,
logistic_regression,optimized_search,0.838375,0.7209386281588448,0.7934048470401271,0.4,"{""C"": 4.0, ""class_weight"": null}",False,0.8545,
logistic_regression,optimized_search,0.83875,0.7248076218395016,0.7858561779896702,0.41,"{""C"": 4.0, ""class_weight"": null}",False,0.8545,
logistic_regression,optimized_search,0.840125,0.7295994065281899,0.7814858959078268,0.42,"{""C"": 4.0, ""class_weight"": null}",False,0.8545,
logistic_regression,optimized_search,0.840875,0.7334834834834835,0.77632101708383,0.43,"{""C"": 4.0, ""class_weight"": null}",False,0.8545,
logistic_regression,optimized_search,0.842,0.7392134402443681,0.7691696464044497,0.44,"{""C"": 4.0, ""class_weight"": null}",False,0.8545,
logistic_regression,optimized_search,0.841625,0.7430015552099534,0.7592371871275327,0.45,"{""C"": 4.0, ""class_weight"": null}",False,0.8545,
logistic_regression,optimized_search,0.842625,0.7480283911671924,0.7536750099324593,0.46,"{""C"": 4.0, ""class_weight"": null}",False,0.8545,
logistic_regression,optimized_search,0.842125,0.7512019230769231,0.7449344457687723,0.47,"{""C"": 4.0, ""class_weight"": null}",False,0.8545,
logistic_regression,optimized_search,0.8435,0.7582686810943242,0.7377830750893921,0.48,"{""C"": 4.0, ""class_weight"": null}",False,0.8545,
logistic_regression,optimized_search,0.8445,0.7648772367873492,0.7302344060389352,0.49,"{""C"": 4.0, ""class_weight"": null}",False,0.8545,
logistic_regression,optimized_search,0.84475,0.7707006369426752,0.7210965435041716,0.5,"{""C"": 4.0, ""class_weight"": null}",False,0.8545,
logistic_regression,optimized_search,0.84425,0.7752273711563448,0.7111640842272546,0.51,"{""C"": 4.0, ""class_weight"": null}",False,0.8545,
logistic_regression,optimized_search,0.843375,0.7786596119929453,0.7016289233214144,0.52,"{""C"": 4.0, ""class_weight"": null}",False,0.8545,
logistic_regression,optimized_search,0.843375,0.7846846846846847,0.6920937624155741,0.53,"{""C"": 4.0, ""class_weight"": null}",False,0.8545,
logistic_regression,optimized_search,0.841625,0.7864344637946837,0.6817640047675805,0.54,"{""C"": 4.0, ""class_weight"": null}",False,0.8545,
logistic_regression,optimized_search,0.840375,0.7916274694261524,0.6686531585220501,0.55,"{""C"": 4.0, ""class_weight"": null}",False,0.8545,
logistic_regression,optimized_search,0.839625,0.7960652591170825,0.6591179976162098,0.56,"{""C"": 4.0, ""class_weight"": null}",False,0.8545,
logistic_regression,optimized_search,0.836625,0.7986179664363278,0.6428287644020659,0.57,"{""C"": 4.0, ""class_weight"": null}",False,0.8545,
logistic_regression,optimized_search,0.8345,0.8008068582955119,0.6309098132697656,0.58,"{""C"": 4.0, ""class_weight"": null}",False,0.8545,
logistic_regression,optimized_search,0.834125,0.8102189781021898,0.6174016686531585,0.59,"{""C"": 4.0, ""class_weight"": null}",False,0.8545,
logistic_regression,optimized_search,0.83325,0.8164794007490637,0.6062773142630116,0.6,"{""C"": 4.0, ""class_weight"": null}",False,0.8545,
logistic_regression,optimized_search,0.83225,0.8212137780207763,0.5967421533571713,0.61,"{""C"": 4.0, ""class_weight"": null}",False,0.8545,
logistic_regression,optimized_search,0.830875,0.8236929922135706,0.5883988875645609,0.62,"{""C"": 4.0, ""class_weight"": null}",False,0.8545,
logistic_regression,optimized_search,0.83,0.8270209157716224,0.5812475168851807,0.63,"{""C"": 4.0, ""class_weight"": null}",False,0.8545,
logistic_regression,optimized_search,0.827125,0.828125,0.5685339690107271,0.64,"{""C"": 4.0, ""class_weight"": null}",False,0.8545,
logistic_regression,optimized_search,0.826,0.8322504430005907,0.5597934048470401,0.65,"{""C"": 4.0, ""class_weight"": null}",False,0.8545,
logistic_regression,optimized_search,0.82475,0.836045810729355,0.5510528406833533,0.66,"{""C"": 4.0, ""class_weight"": null}",False,0.8545,
logistic_regression,optimized_search,0.822625,0.8384710234278668,0.5403257846642828,0.67,"{""C"": 4.0, ""class_weight"": null}",False,0.8545,
logistic_regression,optimized_search,0.82125,0.8433354390397979,0.5303933253873659,0.68,"{""C"": 4.0, ""class_weight"": null}",False,0.8545,
logistic_regression,optimized_search,0.8195,0.8486029889538661,0.5188716726261422,0.69,"{""C"": 4.0, ""class_weight"": null}",False,0.8545,
logistic_regression,optimized_search,0.8175,0.8511627906976744,0.5089392133492253,0.7,"{""C"": 4.0, ""class_weight"": null}",False,0.8545,
logistic_regression,optimized_search,0.814875,0.8538251366120219,0.49662296384584825,0.71,"{""C"": 4.0, ""class_weight"": null}",False,0.8545,
logistic_regression,optimized_search,0.812375,0.8592644978783592,0.4827175208581645,0.72,"{""C"": 4.0, ""class_weight"": null}",False,0.8545,
logistic_regression,optimized_search,0.810375,0.8644314868804664,0.4711958680969408,0.73,"{""C"": 4.0, ""class_weight"": null}",False,0.8545,
logistic_regression,optimized_search,0.808125,0.8702865761689291,0.4584823202224871,0.74,"{""C"": 4.0, ""class_weight"": null}",False,0.8545,
logistic_regression,optimized_search,0.805,0.8752941176470588,0.4433849821215733,0.75,"{""C"": 4.0, ""class_weight"": null}",False,0.8545,
logistic_regression,optimized_search,0.80175,0.88,0.4282876440206595,0.76,"{""C"": 4.0, ""class_weight"": null}",False,0.8545,
logistic_regression,optimized_search,0.798625,0.8845500848896435,0.4139849026618991,0.77,"{""C"": 4.0, ""class_weight"": null}",False,0.8545,
logistic_regression,optimized_search,0.797,0.8947833775419982,0.40206595152959873,0.78,"{""C"": 4.0, ""class_weight"": null}",False,0.8545,
logistic_regression,optimized_search,0.794,0.898989898989899,0.38895510528406835,0.79,"{""C"": 4.0, ""class_weight"": null}",False,0.8545,
logistic_regression,optimized_search,0.791625,0.9024621212121212,0.3786253476360747,0.8,"{""C"": 4.0, ""class_weight"": null}",False,0.8545,
logistic_regression,optimized_search,0.78675,0.9018830525272548,0.3615415176797775,0.81,"{""C"": 4.0, ""class_weight"": null}",False,0.8545,
logistic_regression,optimized_search,0.69925,0.5117809382296752,0.9578863726658721,0.2,"{""C"": 4.0, ""class_weight"": ""balanced""}",False,0.8545,
logistic_regression,optimized_search,0.706625,0.5182874354561101,0.9570917759237187,0.21,"{""C"": 4.0, ""class_weight"": ""balanced""}",False,0.8545,
logistic_regression,optimized_search,0.71275,0.5238926467379446,0.9539133889551052,0.22,"{""C"": 4.0, ""class_weight"": ""balanced""}",False,0.8545,
logistic_regression,optimized_search,0.71925,0.5299977861412442,0.9511323003575686,0.23,"{""C"": 4.0, ""class_weight"": ""balanced""}",False,0.8545,
logistic_regression,optimized_search,0.724625,0.5351702508960573,0.9491458085021851,0.24,"{""C"": 4.0, ""class_weight"": ""balanced""}",False,0.8545,
logistic_regression,optimized_search,0.732,0.542550764316678,0.9447755264203417,0.25,"{""C"": 4.0, ""class_weight"": ""balanced""}",False,0.8545,
logistic_regression,optimized_search,0.738,0.5486930372426556,0.9423917361938816,0.26,"{""C"": 4.0, ""class_weight"": ""balanced""}",False,0.8545,
logistic_regression,optimized_search,0.74325,0.554432165530214,0.9368295589988082,0.27,"{""C"": 4.0, ""class_weight"": ""balanced""}",False,0.8545,
logistic_regression,optimized_search,0.74825,0.5599523241954708,0.933253873659118,0.28,"{""C"": 4.0, ""class_weight"": ""balanced""}",False,0.8545,
logistic_regression,optimized_search,0.75425,0.5666908738804164,0.9300754866905045,0.29,"{""C"": 4.0, ""class_weight"": ""balanced""}",False,0.8545,
logistic_regression,optimized_search,0.76,0.5733235077376566,0.9272943980929678,0.3,"{""C"": 4.0, ""class_weight"": ""balanced""}",False,0.8545,
logistic_regression,optimized_search,0.764625,0.5788165091994033,0.9249106078665077,0.31,"{""C"": 4.0, ""class_weight"": ""balanced""}",False,0.8545,
logistic_regression,optimized_search,0.76875,0.5841534191269241,0.919745729042511,0.32,"{""C"": 4.0, ""class_weight"": ""balanced""}",False,0.8545,
logistic_regression,optimized_search,0.772875,0.5893312914752424,0.9173619388160509,0.33,"{""C"": 4.0, ""class_weight"": ""balanced""}",False,0.8545,
logistic_regression,optimized_search,0.77625,0.5940491591203105,0.912197059992054,0.34,"{""C"": 4.0, ""class_weight"": ""balanced""}",False,0.8545,
logistic_regression,optimized_search,0.780875,0.6000523834468308,0.9102105681366707,0.35,"{""C"": 4.0, ""class_weight"": ""balanced""}",False,0.8545,
logistic_regression,optimized_search,0.784625,0.6053609341825902,0.9062375844259039,0.36,"{""C"": 4.0, ""class_weight"": ""balanced""}",False,0.8545,
logistic_regression,optimized_search,0.787625,0.6098871574422353,0.9018673023440604,0.37,"{""C"": 4.0, ""class_weight"": ""balanced""}",False,0.8545,
logistic_regression,optimized_search,0.79025,0.6137781394087334,0.8990862137465236,0.38,"{""C"": 4.0, ""class_weight"": ""balanced""}",False,0.8545,
logistic_regression,optimized_search,0.793625,0.6186951754385965,0.8967024235200636,0.39,"{""C"": 4.0, ""class_weight"": ""balanced""}",False,0.8545,
logistic_regression,optimized_search,0.796375,0.6227197346600332,0.8951132300357568,0.4,"{""C"": 4.0, ""class_weight"": ""balanced""}",False,0.8545,
logistic_regression,optimized_search,0.799375,0.6277310924369748,0.8903456495828367,0.41,"{""C"": 4.0, ""class_weight"": ""balanced""}",False,0.8545,
logistic_regression,optimized_search,0.801125,0.6311614730878187,0.8851807707588399,0.42,"{""C"": 4.0, ""class_weight"": ""balanced""}",False,0.8545,
logistic_regression,optimized_search,0.804375,0.6365461847389559,0.8816050854191498,0.43,"{""C"": 4.0, ""class_weight"": ""balanced""}",False,0.8545,
logistic_regression,optimized_search,0.808375,0.6429401510749564,0.8792212951926897,0.44,"{""C"": 4.0, ""class_weight"": ""balanced""}",False,0.8545,
logistic_regression,optimized_search,0.810375,0.6469723691945914,0.8744537147397695,0.45,"{""C"": 4.0, ""class_weight"": ""balanced""}",False,0.8545,
logistic_regression,optimized_search,0.8135,0.6525751711818993,0.8708780294000794,0.46,"{""C"": 4.0, ""class_weight"": ""balanced""}",False,0.8545,
logistic_regression,optimized_search,0.814875,0.6561181434599156,0.8649185538339292,0.47,"{""C"": 4.0, ""class_weight"": ""balanced""}",False,0.8545,
logistic_regression,optimized_search,0.816875,0.6611519607843137,0.8573698847834724,0.48,"{""C"": 4.0, ""class_weight"": ""balanced""}",False,0.8545,
logistic_regression,optimized_search,0.818375,0.6649101053936763,0.8522050059594756,0.49,"{""C"": 4.0, ""class_weight"": ""balanced""}",False,0.8545,
logistic_regression,optimized_search,0.819125,0.6677115987460815,0.8462455303933254,0.5,"{""C"": 4.0, ""class_weight"": ""balanced""}",False,0.8545,
logistic_regression,optimized_search,0.821,0.6724960254372019,0.8402860548271752,0.51,"{""C"": 4.0, ""class_weight"": ""balanced""}",False,0.8545,
logistic_regression,optimized_search,0.824,0.6790442363577656,0.8355184743742551,0.52,"{""C"": 4.0, ""class_weight"": ""balanced""}",False,0.8545,
logistic_regression,optimized_search,0.826875,0.6854521625163827,0.8311481922924115,0.53,"{""C"": 4.0, ""class_weight"": ""balanced""}",False,0.8545,
logistic_regression,optimized_search,0.830375,0.6933333333333334,0.8263806118394914,0.54,"{""C"": 4.0, ""class_weight"": ""balanced""}",False,0.8545,
logistic_regression,optimized_search,0.831375,0.6974306964164977,0.8196265395311879,0.55,"{""C"": 4.0, ""class_weight"": ""balanced""}",False,0.8545,
logistic_regression,optimized_search,0.832625,0.7021276595744681,0.8128724672228844,0.56,"{""C"": 4.0, ""class_weight"": ""balanced""}",False,0.8545,
logistic_regression,optimized_search,0.835125,0.7090020935101187,0.8073102900278109,0.57,"{""C"": 4.0, ""class_weight"": ""balanced""}",False,0.8545,
logistic_regression,optimized_search,0.836375,0.7144886363636364,0.7993643226062773,0.58,"{""C"": 4.0, ""class_weight"": ""balanced""}",False,0.8545,
logistic_regression,optimized_search,0.83725,0.7190768121168409,0.7922129519268971,0.59,"{""C"": 4.0, ""class_weight"": ""balanced""}",False,0.8545,
logistic_regression,optimized_search,0.83725,0.7222832052689352,0.7842669845053635,0.6,"{""C"": 4.0, ""class_weight"": ""balanced""}",False,0.8545,
logistic_regression,optimized_search,0.838375,0.7264988897113249,0.77989670242352,0.61,"{""C"": 4.0, ""class_weight"": ""balanced""}",False,0.8545,
logistic_regression,optimized_search,0.840625,0.7332832456799399,0.7755264203416766,0.62,"{""C"": 4.0, ""class_weight"": ""balanced""}",False,0.8545,
logistic_regression,optimized_search,0.841375,0.7388973966309341,0.7667858561779897,0.63,"{""C"": 4.0, ""class_weight"": ""balanced""}",False,0.8545,
logistic_regression,optimized_search,0.84225,0.7440684558537534,0.7600317838696862,0.64,"{""C"": 4.0, ""class_weight"": ""balanced""}",False,0.8545,
logistic_regression,optimized_search,0.84125,0.7465401344404903,0.7500993245927692,0.65,"{""C"": 4.0, ""class_weight"": ""balanced""}",False,0.8545,
logistic_regression,optimized_search,0.842625,0.7544498381877023,0.7409614620580056,0.66,"{""C"": 4.0, ""class_weight"": ""balanced""}",False,0.8545,
logistic_regression,optimized_search,0.844375,0.7630272952853598,0.733015494636472,0.67,"{""C"": 4.0, ""class_weight"": ""balanced""}",False,0.8545,
logistic_regression,optimized_search,0.844,0.7685146000846381,0.7214938418752483,0.68,"{""C"": 4.0, ""class_weight"": ""balanced""}",False,0.8545,
logistic_regression,optimized_search,0.84375,0.7736501079913607,0.7115613825983313,0.69,"{""C"": 4.0, ""class_weight"": ""balanced""}",False,0.8545,
logistic_regression,optimized_search,0.842125,0.7759683098591549,0.7004370282081843,0.7,"{""C"": 4.0, ""class_weight"": ""balanced""}",False,0.8545,
logistic_regression,optimized_search,0.840875,0.7809394760614273,0.6869288835915772,0.71,"{""C"": 4.0, ""class_weight"": ""balanced""}",False,0.8545,
logistic_regression,optimized_search,0.839875,0.788785046728972,0.6706396503774334,0.72,"{""C"": 4.0, ""class_weight"": ""balanced""}",False,0.8545,
logistic_regression,optimized_search,0.837125,0.7907088122605364,0.6559396106475963,0.73,"{""C"": 4.0, ""class_weight"": ""balanced""}",False,0.8545,
logistic_regression,optimized_search,0.83625,0.7968519429414658,0.6436233611442194,0.74,"{""C"": 4.0, ""class_weight"": ""balanced""}",False,0.8545,
logistic_regression,optimized_search,0.8355,0.8049771457592687,0.6297179181565355,0.75,"{""C"": 4.0, ""class_weight"": ""balanced""}",False,0.8545,
logistic_regression,optimized_search,0.833,0.8112809699525567,0.6114421930870083,0.76,"{""C"": 4.0, ""class_weight"": ""balanced""}",False,0.8545,
logistic_regression,optimized_search,0.833125,0.8208469055374593,0.600715137067938,0.77,"{""C"": 4.0, ""class_weight"": ""balanced""}",False,0.8545,
logistic_regression,optimized_search,0.82975,0.8235294117647058,0.5840286054827175,0.78,"{""C"": 4.0, ""class_weight"": ""balanced""}",False,0.8545,
logistic_regression,optimized_search,0.827625,0.8281430219146482,0.5705204608661104,0.79,"{""C"": 4.0, ""class_weight"": ""balanced""}",False,0.8545,
logistic_regression,optimized_search,0.8265,0.836212030970816,0.5578069129916567,0.8,"{""C"": 4.0, ""class_weight"": ""balanced""}",False,0.8545,
logistic_regression,optimized_search,0.824125,0.8413284132841329,0.5435041716328963,0.81,"{""C"": 4.0, ""class_weight"": ""balanced""}",False,0.8545,
random_forest,optimized_search,0.78925,0.6085139723165317,0.9257052046086611,0.2,"{""class_weight"": null, ""max_depth"": null, ""min_samples_leaf"": 1, ""n_estimators"": 300}",False,0.8545,
random_forest,optimized_search,0.793375,0.6144674085850557,0.9213349225268176,0.21,"{""class_weight"": null, ""max_depth"": null, ""min_samples_leaf"": 1, ""n_estimators"": 300}",False,0.8545,
random_forest,optimized_search,0.797125,0.6204851752021563,0.9145808502185141,0.22,"{""class_weight"": null, ""max_depth"": null, ""min_samples_leaf"": 1, ""n_estimators"": 300}",False,0.8545,
random_forest,optimized_search,0.8015,0.6277854195323246,0.9066348827969806,0.23,"{""class_weight"": null, ""max_depth"": null, ""min_samples_leaf"": 1, ""n_estimators"": 300}",False,0.8545,
random_forest,optimized_search,0.80325,0.632183908045977,0.8959078267779103,0.24,"{""class_weight"": null, ""max_depth"": null, ""min_samples_leaf"": 1, ""n_estimators"": 300}",False,0.8545,
random_forest,optimized_search,0.805625,0.6370370370370371,0.8883591577274533,0.25,"{""class_weight"": null, ""max_depth"": null, ""min_samples_leaf"": 1, ""n_estimators"": 300}",False,0.8545,
random_forest,optimized_search,0.809375,0.6442699243746364,0.8800158919348431,0.26,"{""class_weight"": null, ""max_depth"": null, ""min_samples_leaf"": 1, ""n_estimators"": 300}",False,0.8545,
random_forest,optimized_search,0.813625,0.651595744680851,0.8760429082240763,0.27,"{""class_weight"": null, ""max_depth"": null, ""min_samples_leaf"": 1, ""n_estimators"": 300}",False,0.8545,
random_forest,optimized_search,0.8155,0.656071964017991,0.8692888359157728,0.28,"{""class_weight"": null, ""max_depth"": null, ""min_samples_leaf"": 1, ""n_estimators"": 300}",False,0.8545,
random_forest,optimized_search,0.8185,0.6625954198473283,0.8621374652363926,0.29,"{""class_weight"": null, ""max_depth"": null, ""min_samples_leaf"": 1, ""n_estimators"": 300}",False,0.8545,
random_forest,optimized_search,0.81975,0.6669773221497359,0.8529996027016289,0.3,"{""class_weight"": null, ""max_depth"": null, ""min_samples_leaf"": 1, ""n_estimators"": 300}",False,0.8545,
random_forest,optimized_search,0.8215,0.6719292706030944,0.8454509336511721,0.31,"{""class_weight"": null, ""max_depth"": null, ""min_samples_leaf"": 1, ""n_estimators"": 300}",False,0.8545,
random_forest,optimized_search,0.82375,0.6775745909528392,0.8390941597139452,0.32,"{""class_weight"": null, ""max_depth"": null, ""min_samples_leaf"": 1, ""n_estimators"": 300}",False,0.8545,
random_forest,optimized_search,0.825,0.6818625854770433,0.831942789034565,0.33,"{""class_weight"": null, ""max_depth"": null, ""min_samples_leaf"": 1, ""n_estimators"": 300}",False,0.8545,
random_forest,optimized_search,0.825375,0.6849405548216645,0.8239968216130313,0.34,"{""class_weight"": null, ""max_depth"": null, ""min_samples_leaf"": 1, ""n_estimators"": 300}",False,0.8545,
random_forest,optimized_search,0.82625,0.6880213546880214,0.8192292411601112,0.35,"{""class_weight"": null, ""max_depth"": null, ""min_samples_leaf"": 1, ""n_estimators"": 300}",False,0.8545,
random_forest,optimized_search,0.825625,0.6895270270270271,0.810885975367501,0.36,"{""class_weight"": null, ""max_depth"": null, ""min_samples_leaf"": 1, ""n_estimators"": 300}",False,0.8545,
random_forest,optimized_search,0.825375,0.6931034482758621,0.798569725864124,0.37,"{""class_weight"": null, ""max_depth"": null, ""min_samples_leaf"": 1, ""n_estimators"": 300}",False,0.8545,
random_forest,optimized_search,0.825125,0.6962780898876404,0.7878426698450537,0.38,"{""class_weight"": null, ""max_depth"": null, ""min_samples_leaf"": 1, ""n_estimators"": 300}",False,0.8545,
random_forest,optimized_search,0.826,0.7009646302250804,0.7794994040524433,0.39,"{""class_weight"": null, ""max_depth"": null, ""min_samples_leaf"": 1, ""n_estimators"": 300}",False,0.8545,
random_forest,optimized_search,0.827,0.7059251181388586,0.7715534366309098,0.4,"{""class_weight"": null, ""max_depth"": null, ""min_samples_leaf"": 1, ""n_estimators"": 300}",False,0.8545,
random_forest,optimized_search,0.827625,0.709499263622975,0.7655939610647596,0.41,"{""class_weight"": null, ""max_depth"": null, ""min_samples_leaf"": 1, ""n_estimators"": 300}",False,0.8545,
random_forest,optimized_search,0.828875,0.7148203592814372,0.7588398887564561,0.42,"{""class_weight"": null, ""max_depth"": null, ""min_samples_leaf"": 1, ""n_estimators"": 300}",False,0.8545,
random_forest,optimized_search,0.8295,0.7191182060053212,0.7516885180770759,0.43,"{""class_weight"": null, ""max_depth"": null, ""min_samples_leaf"": 1, ""n_estimators"": 300}",False,0.8545,
random_forest,optimized_search,0.829375,0.7234290147401086,0.7409614620580056,0.44,"{""class_weight"": null, ""max_depth"": null, ""min_samples_leaf"": 1, ""n_estimators"": 300}",False,0.8545,
random_forest,optimized_search,0.830875,0.7296764009471192,0.7346046881207787,0.45,"{""class_weight"": null, ""max_depth"": null, ""min_samples_leaf"": 1, ""n_estimators"": 300}",False,0.8545,
random_forest,optimized_search,0.830875,0.7339228295819936,0.725466825586015,0.46,"{""class_weight"": null, ""max_depth"": null, ""min_samples_leaf"": 1, ""n_estimators"": 300}",False,0.8545,
random_forest,optimized_search,0.83025,0.7362413371381982,0.7175208581644815,0.47,"{""class_weight"": null, ""max_depth"": null, ""min_samples_leaf"": 1, ""n_estimators"": 300}",False,0.8545,
random_forest,optimized_search,0.829,0.7374948325754443,0.7087802940007946,0.48,"{""class_weight"": null, ""max_depth"": null, ""min_samples_leaf"": 1, ""n_estimators"": 300}",False,0.8545,
random_forest,optimized_search,0.829125,0.7415966386554622,0.7012316249503378,0.49,"{""class_weight"": null, ""max_depth"": null, ""min_samples_leaf"": 1, ""n_estimators"": 300}",False,0.8545,
random_forest,optimized_search,0.82825,0.7451737451737451,0.6901072705601907,0.5,"{""class_weight"": null, ""max_depth"": null, ""min_samples_leaf"": 1, ""n_estimators"": 300}",False,0.8545,
random_forest,optimized_search,0.828875,0.7506550218340612,0.6829558998808105,0.51,"{""class_weight"": null, ""max_depth"": null, ""min_samples_leaf"": 1, ""n_estimators"": 300}",False,0.8545,
random_forest,optimized_search,0.82925,0.7561192701379618,0.6750099324592769,0.52,"{""class_weight"": null, ""max_depth"": null, ""min_samples_leaf"": 1, ""n_estimators"": 300}",False,0.8545,
random_forest,optimized_search,0.829,0.7600724309642373,0.6670639650377433,0.53,"{""class_weight"": null, ""max_depth"": null, ""min_samples_leaf"": 1, ""n_estimators"": 300}",False,0.8545,
random_forest,optimized_search,0.829125,0.7664504170528267,0.6571315057608264,0.54,"{""class_weight"": null, ""max_depth"": null, ""min_samples_leaf"": 1, ""n_estimators"": 300}",False,0.8545,
random_forest,optimized_search,0.828875,0.771010387157696,0.6487882399682161,0.55,"{""class_weight"": null, ""max_depth"": null, ""min_samples_leaf"": 1, ""n_estimators"": 300}",False,0.8545,
random_forest,optimized_search,0.82825,0.7751564756860857,0.6396503774334525,0.56,"{""class_weight"": null, ""max_depth"": null, ""min_samples_leaf"": 1, ""n_estimators"": 300}",False,0.8545,
random_forest,optimized_search,0.82675,0.7778869778869779,0.6289233214143822,0.57,"{""class_weight"": null, ""max_depth"": null, ""min_samples_leaf"": 1, ""n_estimators"": 300}",False,0.8545,
random_forest,optimized_search,0.825,0.7810770005032712,0.6166070719110052,0.58,"{""class_weight"": null, ""max_depth"": null, ""min_samples_leaf"": 1, ""n_estimators"": 300}",False,0.8545,
random_forest,optimized_search,0.824,0.78450487429451,0.6074692093762416,0.59,"{""class_weight"": null, ""max_depth"": null, ""min_samples_leaf"": 1, ""n_estimators"": 300}",False,0.8545,
random_forest,optimized_search,0.824125,0.7908805031446541,0.599523241954708,0.6,"{""class_weight"": null, ""max_depth"": null, ""min_samples_leaf"": 1, ""n_estimators"": 300}",False,0.8545,
random_forest,optimized_search,0.82225,0.7916888652104422,0.5903853794199444,0.61,"{""class_weight"": null, ""max_depth"": null, ""min_samples_leaf"": 1, ""n_estimators"": 300}",False,0.8545,
random_forest,optimized_search,0.821,0.7946768060836502,0.5812475168851807,0.62,"{""class_weight"": null, ""max_depth"": null, ""min_samples_leaf"": 1, ""n_estimators"": 300}",False,0.8545,
random_forest,optimized_search,0.818375,0.7965440356744704,0.5677393722685737,0.63,"{""class_weight"": null, ""max_depth"": null, ""min_samples_leaf"": 1, ""n_estimators"": 300}",False,0.8545,
random_forest,optimized_search,0.81475,0.7979274611398963,0.5506555423122765,0.64,"{""class_weight"": null, ""max_depth"": null, ""min_samples_leaf"": 1, ""n_estimators"": 300}",False,0.8545,
random_forest,optimized_search,0.813625,0.8014101057579318,0.5419149781485896,0.65,"{""class_weight"": null, ""max_depth"": null, ""min_samples_leaf"": 1, ""n_estimators"": 300}",False,0.8545,
random_forest,optimized_search,0.812625,0.8077388149939541,0.5307906237584425,0.66,"{""class_weight"": null, ""max_depth"": null, ""min_samples_leaf"": 1, ""n_estimators"": 300}",False,0.8545,
random_forest,optimized_search,0.81125,0.8117647058823529,0.5208581644815257,0.67,"{""class_weight"": null, ""max_depth"": null, ""min_samples_leaf"": 1, ""n_estimators"": 300}",False,0.8545,
random_forest,optimized_search,0.809375,0.8163265306122449,0.5085419149781486,0.68,"{""class_weight"": null, ""max_depth"": null, ""min_samples_leaf"": 1, ""n_estimators"": 300}",False,0.8545,
random_forest,optimized_search,0.806875,0.8201581027667985,0.49463647199046484,0.69,"{""class_weight"": null, ""max_depth"": null, ""min_samples_leaf"": 1, ""n_estimators"": 300}",False,0.8545,
random_forest,optimized_search,0.805375,0.823014804845222,0.4858959078267779,0.7,"{""class_weight"": null, ""max_depth"": null, ""min_samples_leaf"": 1, ""n_estimators"": 300}",False,0.8545,
random_forest,optimized_search,0.802375,0.825452016689847,0.47159316646801747,0.71,"{""class_weight"": null, ""max_depth"": null, ""min_samples_leaf"": 1, ""n_estimators"": 300}",False,0.8545,
random_forest,optimized_search,0.8,0.8291457286432161,0.45887961859356374,0.72,"{""class_weight"": null, ""max_depth"": null, ""min_samples_leaf"": 1, ""n_estimators"": 300}",False,0.8545,
random_forest,optimized_search,0.79675,0.8312267657992565,0.44417957886372667,0.73,"{""class_weight"": null, ""max_depth"": null, ""min_samples_leaf"": 1, ""n_estimators"": 300}",False,0.8545,
random_forest,optimized_search,0.79425,0.8342287029930928,0.4318633293603496,0.74,"{""class_weight"": null, ""max_depth"": null, ""min_samples_leaf"": 1, ""n_estimators"": 300}",False,0.8545,
random_forest,optimized_search,0.790625,0.8368,0.4155740961462058,0.75,"{""class_weight"": null, ""max_depth"": null, ""min_samples_leaf"": 1, ""n_estimators"": 300}",False,0.8545,
random_forest,optimized_search,0.788125,0.8396694214876033,0.4036551450139054,0.76,"{""class_weight"": null, ""max_depth"": null, ""min_samples_leaf"": 1, ""n_estimators"": 300}",False,0.8545,
random_forest,optimized_search,0.786125,0.8444444444444444,0.39253079062375845,0.77,"{""class_weight"": null, ""max_depth"": null, ""min_samples_leaf"": 1, ""n_estimators"": 300}",False,0.8545,
random_forest,optimized_search,0.783875,0.8480565371024735,0.3814064362336114,0.78,"{""class_weight"": null, ""max_depth"": null, ""min_samples_leaf"": 1, ""n_estimators"": 300}",False,0.8545,
random_forest,optimized_search,0.7825,0.8560953253895509,0.3710766785856178,0.79,"{""class_weight"": null, ""max_depth"": null, ""min_samples_leaf"": 1, ""n_estimators"": 300}",False,0.8545,
random_forest,optimized_search,0.780125,0.8637236084452975,0.3575685339690107,0.8,"{""class_weight"": null, ""max_depth"": null, ""min_samples_leaf"": 1, ""n_estimators"": 300}",False,0.8545,
random_forest,optimized_search,0.77625,0.8638638638638638,0.3428684942391736,0.81,"{""class_weight"": null, ""max_depth"": null, ""min_samples_leaf"": 1, ""n_estimators"": 300}",False,0.8545,
random_forest,optimized_search,0.789,0.6083093807159655,0.9249106078665077,0.2,"{""class_weight"": null, ""max_depth"": null, ""min_samples_leaf"": 1, ""n_estimators"": 500}",False,0.8545,
random_forest,optimized_search,0.793125,0.6145667198298778,0.9185538339292809,0.21,"{""class_weight"": null, ""max_depth"": null, ""min_samples_leaf"": 1, ""n_estimators"": 500}",False,0.8545,
random_forest,optimized_search,0.796625,0.6202052944354403,0.912197059992054,0.22,"{""class_weight"": null, ""max_depth"": null, ""min_samples_leaf"": 1, ""n_estimators"": 500}",False,0.8545,
random_forest,optimized_search,0.79975,0.6259289843104872,0.9034564958283671,0.23,"{""class_weight"": null, ""max_depth"": null, ""min_samples_leaf"": 1, ""n_estimators"": 500}",False,0.8545,
random_forest,optimized_search,0.803875,0.6324762437115707,0.8990862137465236,0.24,"{""class_weight"": null, ""max_depth"": null, ""min_samples_leaf"": 1, ""n_estimators"": 500}",False,0.8545,
random_forest,optimized_search,0.806875,0.6382252559726962,0.8915375446960667,0.25,"{""class_weight"": null, ""max_depth"": null, ""min_samples_leaf"": 1, ""n_estimators"": 500}",False,0.8545,
random_forest,optimized_search,0.809875,0.644180660104227,0.8839888756456099,0.26,"{""class_weight"": null, ""max_depth"": null, ""min_samples_leaf"": 1, ""n_estimators"": 500}",False,0.8545,
random_forest,optimized_search,0.81375,0.6512518409425626,0.8784266984505363,0.27,"{""class_weight"": null, ""max_depth"": null, ""min_samples_leaf"": 1, ""n_estimators"": 500}",False,0.8545,
random_forest,optimized_search,0.816125,0.6566806470940683,0.8708780294000794,0.28,"{""class_weight"": null, ""max_depth"": null, ""min_samples_leaf"": 1, ""n_estimators"": 500}",False,0.8545,
random_forest,optimized_search,0.819375,0.6633150517976844,0.8649185538339292,0.29,"{""class_weight"": null, ""max_depth"": null, ""min_samples_leaf"": 1, ""n_estimators"": 500}",False,0.8545,
random_forest,optimized_search,0.82,0.6668732568949489,0.8549860945570124,0.3,"{""class_weight"": null, ""max_depth"": null, ""min_samples_leaf"": 1, ""n_estimators"": 500}",False,0.8545,
random_forest,optimized_search,0.8225,0.6723217090794847,0.8502185141040922,0.31,"{""class_weight"": null, ""max_depth"": null, ""min_samples_leaf"": 1, ""n_estimators"": 500}",False,0.8545,
random_forest,optimized_search,0.823,0.67616,0.8394914580850219,0.32,"{""class_weight"": null, ""max_depth"": null, ""min_samples_leaf"": 1, ""n_estimators"": 500}",False,0.8545,
random_forest,optimized_search,0.823125,0.6792452830188679,0.8295589988081049,0.33,"{""class_weight"": null, ""max_depth"": null, ""min_samples_leaf"": 1, ""n_estimators"": 500}",False,0.8545,
random_forest,optimized_search,0.824625,0.6839498018494056,0.8228049264998013,0.34,"{""class_weight"": null, ""max_depth"": null, ""min_samples_leaf"": 1, ""n_estimators"": 500}",False,0.8545,
random_forest,optimized_search,0.826375,0.6890080428954424,0.8168454509336511,0.35,"{""class_weight"": null, ""max_depth"": null, ""min_samples_leaf"": 1, ""n_estimators"": 500}",False,0.8545,
random_forest,optimized_search,0.826375,0.6914460285132383,0.8092967818831943,0.36,"{""class_weight"": null, ""max_depth"": null, ""min_samples_leaf"": 1, ""n_estimators"": 500}",False,0.8545,
random_forest,optimized_search,0.826625,0.6953665283540802,0.7989670242352006,0.37,"{""class_weight"": null, ""max_depth"": null, ""min_samples_leaf"": 1, ""n_estimators"": 500}",False,0.8545,
random_forest,optimized_search,0.827,0.6988416988416989,0.7910210568136671,0.38,"{""class_weight"": null, ""max_depth"": null, ""min_samples_leaf"": 1, ""n_estimators"": 500}",False,0.8545,
random_forest,optimized_search,0.826125,0.7010714285714286,0.77989670242352,0.39,"{""class_weight"": null, ""max_depth"": null, ""min_samples_leaf"": 1, ""n_estimators"": 500}",False,0.8545,
random_forest,optimized_search,0.82725,0.7067395264116576,0.7707588398887565,0.4,"{""class_weight"": null, ""max_depth"": null, ""min_samples_leaf"": 1, ""n_estimators"": 500}",False,0.8545,
random_forest,optimized_search,0.828,0.7110617832038476,0.7636074692093763,0.41,"{""class_weight"": null, ""max_depth"": null, ""min_samples_leaf"": 1, ""n_estimators"": 500}",False,0.8545,
random_forest,optimized_search,0.829,0.7155722326454034,0.7576479936432261,0.42,"{""class_weight"": null, ""max_depth"": null, ""min_samples_leaf"": 1, ""n_estimators"": 500}",False,0.8545,
random_forest,optimized_search,0.828875,0.7194189602446484,0.7477155343663091,0.43,"{""class_weight"": null, ""max_depth"": null, ""min_samples_leaf"": 1, ""n_estimators"": 500}",False,0.8545,
random_forest,optimized_search,0.8295,0.7238834951456311,0.7405641636869289,0.44,"{""class_weight"": null, ""max_depth"": null, ""min_samples_leaf"": 1, ""n_estimators"": 500}",False,0.8545,
random_forest,optimized_search,0.82975,0.727451752658527,0.7338100913786253,0.45,"{""class_weight"": null, ""max_depth"": null, ""min_samples_leaf"": 1, ""n_estimators"": 500}",False,0.8545,
random_forest,optimized_search,0.8295,0.7308770524629555,0.7250695272149384,0.46,"{""class_weight"": null, ""max_depth"": null, ""min_samples_leaf"": 1, ""n_estimators"": 500}",False,0.8545,
random_forest,optimized_search,0.82975,0.7350427350427351,0.7175208581644815,0.47,"{""class_weight"": null, ""max_depth"": null, ""min_samples_leaf"": 1, ""n_estimators"": 500}",False,0.8545,
random_forest,optimized_search,0.831,0.7410012412081092,0.7115613825983313,0.48,"{""class_weight"": null, ""max_depth"": null, ""min_samples_leaf"": 1, ""n_estimators"": 500}",False,0.8545,
random_forest,optimized_search,0.83,0.743578947368421,0.7016289233214144,0.49,"{""class_weight"": null, ""max_depth"": null, ""min_samples_leaf"": 1, ""n_estimators"": 500}",False,0.8545,
random_forest,optimized_search,0.830125,0.7482847341337907,0.6932856575288041,0.5,"{""class_weight"": null, ""max_depth"": null, ""min_samples_leaf"": 1, ""n_estimators"": 500}",False,0.8545,
random_forest,optimized_search,0.83,0.7527304499781564,0.6845450933651172,0.51,"{""class_weight"": null, ""max_depth"": null, ""min_samples_leaf"": 1, ""n_estimators"": 500}",False,0.8545,
random_forest,optimized_search,0.831,0.7587738782763216,0.678585617798967,0.52,"{""class_weight"": null, ""max_depth"": null, ""min_samples_leaf"": 1, ""n_estimators"": 500}",False,0.8545,
random_forest,optimized_search,0.830875,0.7635869565217391,0.6698450536352801,0.53,"{""class_weight"": null, ""max_depth"": null, ""min_samples_leaf"": 1, ""n_estimators"": 500}",False,0.8545,
random_forest,optimized_search,0.82975,0.766497461928934,0.6599125943583631,0.54,"{""class_weight"": null, ""max_depth"": null, ""min_samples_leaf"": 1, ""n_estimators"": 500}",False,0.8545,
random_forest,optimized_search,0.828625,0.7702830188679245,0.6487882399682161,0.55,"{""class_weight"": null, ""max_depth"": null, ""min_samples_leaf"": 1, ""n_estimators"": 500}",False,0.8545,
random_forest,optimized_search,0.828125,0.7763794772507261,0.6372665872069925,0.56,"{""class_weight"": null, ""max_depth"": null, ""min_samples_leaf"": 1, ""n_estimators"": 500}",False,0.8545,
random_forest,optimized_search,0.828,0.7817283950617284,0.6289233214143822,0.57,"{""class_weight"": null, ""max_depth"": null, ""min_samples_leaf"": 1, ""n_estimators"": 500}",False,0.8545,
random_forest,optimized_search,0.82525,0.7830045523520486,0.6150178784266984,0.58,"{""class_weight"": null, ""max_depth"": null, ""min_samples_leaf"": 1, ""n_estimators"": 500}",False,0.8545,
random_forest,optimized_search,0.82425,0.7856041131105398,0.6070719110051649,0.59,"{""class_weight"": null, ""max_depth"": null, ""min_samples_leaf"": 1, ""n_estimators"": 500}",False,0.8545,
random_forest,optimized_search,0.824125,0.7899686520376176,0.600715137067938,0.6,"{""class_weight"": null, ""max_depth"": null, ""min_samples_leaf"": 1, ""n_estimators"": 500}",False,0.8545,
random_forest,optimized_search,0.821625,0.7908217716115261,0.5887961859356377,0.61,"{""class_weight"": null, ""max_depth"": null, ""min_samples_leaf"": 1, ""n_estimators"": 500}",False,0.8545,
random_forest,optimized_search,0.82,0.7944231820667031,0.577274533174414,0.62,"{""class_weight"": null, ""max_depth"": null, ""min_samples_leaf"": 1, ""n_estimators"": 500}",False,0.8545,
random_forest,optimized_search,0.818375,0.7975391498881432,0.5665474771553437,0.63,"{""class_weight"": null, ""max_depth"": null, ""min_samples_leaf"": 1, ""n_estimators"": 500}",False,0.8545,
random_forest,optimized_search,0.814875,0.7987312572087658,0.5502582439411998,0.64,"{""class_weight"": null, ""max_depth"": null, ""min_samples_leaf"": 1, ""n_estimators"": 500}",False,0.8545,
random_forest,optimized_search,0.813375,0.8015312131919906,0.5407230830353595,0.65,"{""class_weight"": null, ""max_depth"": null, ""min_samples_leaf"": 1, ""n_estimators"": 500}",False,0.8545,
random_forest,optimized_search,0.812125,0.8046875,0.5319825188716726,0.66,"{""class_weight"": null, ""max_depth"": null, ""min_samples_leaf"": 1, ""n_estimators"": 500}",False,0.8545,
random_forest,optimized_search,0.811375,0.8118811881188119,0.5212554628526023,0.67,"{""class_weight"": null, ""max_depth"": null, ""min_samples_leaf"": 1, ""n_estimators"": 500}",False,0.8545,
random_forest,optimized_search,0.810125,0.8182397959183674,0.5097338100913786,0.68,"{""class_weight"": null, ""max_depth"": null, ""min_samples_leaf"": 1, ""n_estimators"": 500}",False,0.8545,
random_forest,optimized_search,0.808625,0.8222222222222222,0.49980135081446164,0.69,"{""class_weight"": null, ""max_depth"": null, ""min_samples_leaf"": 1, ""n_estimators"": 500}",False,0.8545,
random_forest,optimized_search,0.806,0.8266756939742722,0.48510131108462456,0.7,"{""class_weight"": null, ""max_depth"": null, ""min_samples_leaf"": 1, ""n_estimators"": 500}",False,0.8545,
random_forest,optimized_search,0.80275,0.826722338204593,0.4719904648390942,0.71,"{""class_weight"": null, ""max_depth"": null, ""min_samples_leaf"": 1, ""n_estimators"": 500}",False,0.8545,
random_forest,optimized_search,0.798875,0.8280346820809249,0.45530393325387364,0.72,"{""class_weight"": null, ""max_depth"": null, ""min_samples_leaf"": 1, ""n_estimators"": 500}",False,0.8545,
random_forest,optimized_search,0.79775,0.8322246858832225,0.4473579658323401,0.73,"{""class_weight"": null, ""max_depth"": null, ""min_samples_leaf"": 1, ""n_estimators"": 500}",False,0.8545,
random_forest,optimized_search,0.7945,0.8365458750963762,0.4310687326181963,0.74,"{""class_weight"": null, ""max_depth"": null, ""min_samples_leaf"": 1, ""n_estimators"": 500}",False,0.8545,
random_forest,optimized_search,0.791875,0.8380952380952381,0.4195470798569726,0.75,"{""class_weight"": null, ""max_depth"": null, ""min_samples_leaf"": 1, ""n_estimators"": 500}",False,0.8545,
random_forest,optimized_search,0.788875,0.8421487603305785,0.40484704012713546,0.76,"{""class_weight"": null, ""max_depth"": null, ""min_samples_leaf"": 1, ""n_estimators"": 500}",False,0.8545,
random_forest,optimized_search,0.78625,0.8457583547557841,0.39213349225268174,0.77,"{""class_weight"": null, ""max_depth"": null, ""min_samples_leaf"": 1, ""n_estimators"": 500}",False,0.8545,
random_forest,optimized_search,0.78325,0.8492417484388939,0.37822804926499803,0.78,"{""class_weight"": null, ""max_depth"": null, ""min_samples_leaf"": 1, ""n_estimators"": 500}",False,0.8545,
random_forest,optimized_search,0.78225,0.8545288197621226,0.3710766785856178,0.79,"{""class_weight"": null, ""max_depth"": null, ""min_samples_leaf"": 1, ""n_estimators"": 500}",False,0.8545,
random_forest,optimized_search,0.779,0.8576886341929322,0.35677393722685735,0.8,"{""class_weight"": null, ""max_depth"": null, ""min_samples_leaf"": 1, ""n_estimators"": 500}",False,0.8545,
random_forest,optimized_search,0.7765,0.8612487611496531,0.3452522844656337,0.81,"{""class_weight"": null, ""max_depth"": null, ""min_samples_leaf"": 1, ""n_estimators"": 500}",False,0.8545,
random_forest,optimized_search,0.784875,0.601478837327894,0.9372268573698848,0.2,"{""class_weight"": null, ""max_depth"": null, ""min_samples_leaf"": 3, ""n_estimators"": 300}",False,0.8545,
random_forest,optimized_search,0.79,0.6087860670652456,0.9304727850615813,0.21,"{""class_weight"": null, ""max_depth"": null, ""min_samples_leaf"": 3, ""n_estimators"": 300}",False,0.8545,
random_forest,optimized_search,0.795,0.6160974318241991,0.9245133094954311,0.22,"{""class_weight"": null, ""max_depth"": null, ""min_samples_leaf"": 3, ""n_estimators"": 300}",False,0.8545,
random_forest,optimized_search,0.79925,0.6229419703103913,0.9169646404449742,0.23,"{""class_weight"": null, ""max_depth"": null, ""min_samples_leaf"": 3, ""n_estimators"": 300}",False,0.8545,
random_forest,optimized_search,0.805375,0.6325966850828729,0.909813269765594,0.24,"{""class_weight"": null, ""max_depth"": null, ""min_samples_leaf"": 3, ""n_estimators"": 300}",False,0.8545,
random_forest,optimized_search,0.809375,0.640033879164314,0.9006754072308304,0.25,"{""class_weight"": null, ""max_depth"": null, ""min_samples_leaf"": 3, ""n_estimators"": 300}",False,0.8545,
random_forest,optimized_search,0.81125,0.6444763271162124,0.8923321414382201,0.26,"{""class_weight"": null, ""max_depth"": null, ""min_samples_leaf"": 3, ""n_estimators"": 300}",False,0.8545,
random_forest,optimized_search,0.814125,0.6504088785046729,0.8847834723877632,0.27,"{""class_weight"": null, ""max_depth"": null, ""min_samples_leaf"": 3, ""n_estimators"": 300}",False,0.8545,
random_forest,optimized_search,0.816375,0.6551213735938425,0.8792212951926897,0.28,"{""class_weight"": null, ""max_depth"": null, ""min_samples_leaf"": 3, ""n_estimators"": 300}",False,0.8545,
random_forest,optimized_search,0.820125,0.6622516556291391,0.8740564163686929,0.29,"{""class_weight"": null, ""max_depth"": null, ""min_samples_leaf"": 3, ""n_estimators"": 300}",False,0.8545,
random_forest,optimized_search,0.821625,0.6663614163614163,0.8673023440603893,0.3,"{""class_weight"": null, ""max_depth"": null, ""min_samples_leaf"": 3, ""n_estimators"": 300}",False,0.8545,
random_forest,optimized_search,0.824875,0.6733996270975762,0.8609455701231625,0.31,"{""class_weight"": null, ""max_depth"": null, ""min_samples_leaf"": 3, ""n_estimators"": 300}",False,0.8545,
random_forest,optimized_search,0.827875,0.6798107255520505,0.8561779896702424,0.32,"{""class_weight"": null, ""max_depth"": null, ""min_samples_leaf"": 3, ""n_estimators"": 300}",False,0.8545,
random_forest,optimized_search,0.82925,0.68416,0.8494239173619388,0.33,"{""class_weight"": null, ""max_depth"": null, ""min_samples_leaf"": 3, ""n_estimators"": 300}",False,0.8545,
random_forest,optimized_search,0.83,0.6880077998050049,0.8410806515693285,0.34,"{""class_weight"": null, ""max_depth"": null, ""min_samples_leaf"": 3, ""n_estimators"": 300}",False,0.8545,
random_forest,optimized_search,0.830875,0.692333113020489,0.8323400874056416,0.35,"{""class_weight"": null, ""max_depth"": null, ""min_samples_leaf"": 3, ""n_estimators"": 300}",False,0.8545,
random_forest,optimized_search,0.832,0.6975412596833951,0.8228049264998013,0.36,"{""class_weight"": null, ""max_depth"": null, ""min_samples_leaf"": 3, ""n_estimators"": 300}",False,0.8545,
random_forest,optimized_search,0.833125,0.7021203830369357,0.8156535558204211,0.37,"{""class_weight"": null, ""max_depth"": null, ""min_samples_leaf"": 3, ""n_estimators"": 300}",False,0.8545,
random_forest,optimized_search,0.834375,0.7078103207810321,0.8065156932856575,0.38,"{""class_weight"": null, ""max_depth"": null, ""min_samples_leaf"": 3, ""n_estimators"": 300}",False,0.8545,
random_forest,optimized_search,0.836125,0.7136782423812899,0.8001589193484306,0.39,"{""class_weight"": null, ""max_depth"": null, ""min_samples_leaf"": 3, ""n_estimators"": 300}",False,0.8545,
random_forest,optimized_search,0.837,0.7190321415673528,0.7910210568136671,0.4,"{""class_weight"": null, ""max_depth"": null, ""min_samples_leaf"": 3, ""n_estimators"": 300}",False,0.8545,
random_forest,optimized_search,0.8375,0.723302752293578,0.7830750893921334,0.41,"{""class_weight"": null, ""max_depth"": null, ""min_samples_leaf"": 3, ""n_estimators"": 300}",False,0.8545,
random_forest,optimized_search,0.836375,0.7253731343283583,0.7723480333730631,0.42,"{""class_weight"": null, ""max_depth"": null, ""min_samples_leaf"": 3, ""n_estimators"": 300}",False,0.8545,
random_forest,optimized_search,0.836625,0.7291666666666666,0.7647993643226063,0.43,"{""class_weight"": null, ""max_depth"": null, ""min_samples_leaf"": 3, ""n_estimators"": 300}",False,0.8545,
random_forest,optimized_search,0.83725,0.7335640138408305,0.7580452920143027,0.44,"{""class_weight"": null, ""max_depth"": null, ""min_samples_leaf"": 3, ""n_estimators"": 300}",False,0.8545,
random_forest,optimized_search,0.838625,0.7392661982825918,0.7524831148192292,0.45,"{""class_weight"": null, ""max_depth"": null, ""min_samples_leaf"": 3, ""n_estimators"": 300}",False,0.8545,
random_forest,optimized_search,0.838125,0.741501976284585,0.745331744139849,0.46,"{""class_weight"": null, ""max_depth"": null, ""min_samples_leaf"": 3, ""n_estimators"": 300}",False,0.8545,
random_forest,optimized_search,0.838875,0.7463884430176565,0.7389749702026222,0.47,"{""class_weight"": null, ""max_depth"": null, ""min_samples_leaf"": 3, ""n_estimators"": 300}",False,0.8545,
random_forest,optimized_search,0.83925,0.7496957403651116,0.734207389749702,0.48,"{""class_weight"": null, ""max_depth"": null, ""min_samples_leaf"": 3, ""n_estimators"": 300}",False,0.8545,
random_forest,optimized_search,0.838875,0.7541390728476821,0.7238776321017084,0.49,"{""class_weight"": null, ""max_depth"": null, ""min_samples_leaf"": 3, ""n_estimators"": 300}",False,0.8545,
random_forest,optimized_search,0.836625,0.7550590219224284,0.7115613825983313,0.5,"{""class_weight"": null, ""max_depth"": null, ""min_samples_leaf"": 3, ""n_estimators"": 300}",False,0.8545,
random_forest,optimized_search,0.83625,0.7613685578172369,0.698450536352801,0.51,"{""class_weight"": null, ""max_depth"": null, ""min_samples_leaf"": 3, ""n_estimators"": 300}",False,0.8545,
random_forest,optimized_search,0.836875,0.7671957671957672,0.6912991656734208,0.52,"{""class_weight"": null, ""max_depth"": null, ""min_samples_leaf"": 3, ""n_estimators"": 300}",False,0.8545,
random_forest,optimized_search,0.838,0.7753721244925575,0.6829558998808105,0.53,"{""class_weight"": null, ""max_depth"": null, ""min_samples_leaf"": 3, ""n_estimators"": 300}",False,0.8545,
random_forest,optimized_search,0.836125,0.7766055045871559,0.6726261422328168,0.54,"{""class_weight"": null, ""max_depth"": null, ""min_samples_leaf"": 3, ""n_estimators"": 300}",False,0.8545,
random_forest,optimized_search,0.835,0.7811178957256928,0.6607071911005165,0.55,"{""class_weight"": null, ""max_depth"": null, ""min_samples_leaf"": 3, ""n_estimators"": 300}",False,0.8545,
random_forest,optimized_search,0.833875,0.7850287907869482,0.6499801350814461,0.56,"{""class_weight"": null, ""max_depth"": null, ""min_samples_leaf"": 3, ""n_estimators"": 300}",False,0.8545,
random_forest,optimized_search,0.834,0.7932905772076961,0.6388557806912991,0.57,"{""class_weight"": null, ""max_depth"": null, ""min_samples_leaf"": 3, ""n_estimators"": 300}",False,0.8545,
random_forest,optimized_search,0.83275,0.7969773299748111,0.6285260230433055,0.58,"{""class_weight"": null, ""max_depth"": null, ""min_samples_leaf"": 3, ""n_estimators"": 300}",False,0.8545,
random_forest,optimized_search,0.83075,0.8014515292897875,0.6142232816845451,0.59,"{""class_weight"": null, ""max_depth"": null, ""min_samples_leaf"": 3, ""n_estimators"": 300}",False,0.8545,
random_forest,optimized_search,0.831375,0.8096500530222693,0.6066746126340882,0.6,"{""class_weight"": null, ""max_depth"": null, ""min_samples_leaf"": 3, ""n_estimators"": 300}",False,0.8545,
random_forest,optimized_search,0.829625,0.8118918918918919,0.5967421533571713,0.61,"{""class_weight"": null, ""max_depth"": null, ""min_samples_leaf"": 3, ""n_estimators"": 300}",False,0.8545,
random_forest,optimized_search,0.82775,0.8176240936977134,0.5824394119984108,0.62,"{""class_weight"": null, ""max_depth"": null, ""min_samples_leaf"": 3, ""n_estimators"": 300}",False,0.8545,
random_forest,optimized_search,0.82525,0.8217366302472685,0.5677393722685737,0.63,"{""class_weight"": null, ""max_depth"": null, ""min_samples_leaf"": 3, ""n_estimators"": 300}",False,0.8545,
random_forest,optimized_search,0.82375,0.828486646884273,0.5546285260230434,0.64,"{""class_weight"": null, ""max_depth"": null, ""min_samples_leaf"": 3, ""n_estimators"": 300}",False,0.8545,
random_forest,optimized_search,0.822,0.8338423946243128,0.5423122765196663,0.65,"{""class_weight"": null, ""max_depth"": null, ""min_samples_leaf"": 3, ""n_estimators"": 300}",False,0.8545,
random_forest,optimized_search,0.82025,0.8378209142141515,0.531585220500596,0.66,"{""class_weight"": null, ""max_depth"": null, ""min_samples_leaf"": 3, ""n_estimators"": 300}",False,0.8545,
random_forest,optimized_search,0.8165,0.841249186727391,0.5137067938021455,0.67,"{""class_weight"": null, ""max_depth"": null, ""min_samples_leaf"": 3, ""n_estimators"": 300}",False,0.8545,
random_forest,optimized_search,0.814,0.8427714856762158,0.5025824394119984,0.68,"{""class_weight"": null, ""max_depth"": null, ""min_samples_leaf"": 3, ""n_estimators"": 300}",False,0.8545,
random_forest,optimized_search,0.811625,0.8463648834019204,0.49026618990862136,0.69,"{""class_weight"": null, ""max_depth"": null, ""min_samples_leaf"": 3, ""n_estimators"": 300}",False,0.8545,
random_forest,optimized_search,0.807125,0.8463726884779517,0.4727850615812475,0.7,"{""class_weight"": null, ""max_depth"": null, ""min_samples_leaf"": 3, ""n_estimators"": 300}",False,0.8545,
random_forest,optimized_search,0.804875,0.8530280649926145,0.45887961859356374,0.71,"{""class_weight"": null, ""max_depth"": null, ""min_samples_leaf"": 3, ""n_estimators"": 300}",False,0.8545,
random_forest,optimized_search,0.8025,0.8590038314176245,0.4453714739769567,0.72,"{""class_weight"": null, ""max_depth"": null, ""min_samples_leaf"": 3, ""n_estimators"": 300}",False,0.8545,
random_forest,optimized_search,0.799,0.8627294493216281,0.42947953913388953,0.73,"{""class_weight"": null, ""max_depth"": null, ""min_samples_leaf"": 3, ""n_estimators"": 300}",False,0.8545,
random_forest,optimized_search,0.795625,0.8632619439868204,0.41636869288835915,0.74,"{""class_weight"": null, ""max_depth"": null, ""min_samples_leaf"": 3, ""n_estimators"": 300}",False,0.8545,
random_forest,optimized_search,0.7925,0.8722849695916595,0.3988875645609853,0.75,"{""class_weight"": null, ""max_depth"": null, ""min_samples_leaf"": 3, ""n_estimators"": 300}",False,0.8545,
random_forest,optimized_search,0.78925,0.8760180995475113,0.38458482320222487,0.76,"{""class_weight"": null, ""max_depth"": null, ""min_samples_leaf"": 3, ""n_estimators"": 300}",False,0.8545,
random_forest,optimized_search,0.786125,0.880188679245283,0.3706793802145411,0.77,"{""class_weight"": null, ""max_depth"": null, ""min_samples_leaf"": 3, ""n_estimators"": 300}",False,0.8545,
random_forest,optimized_search,0.782,0.8822947576656776,0.3543901470003973,0.78,"{""class_weight"": null, ""max_depth"": null, ""min_samples_leaf"": 3, ""n_estimators"": 300}",False,0.8545,
random_forest,optimized_search,0.77675,0.8827225130890053,0.33492252681764006,0.79,"{""class_weight"": null, ""max_depth"": null, ""min_samples_leaf"": 3, ""n_estimators"": 300}",False,0.8545,
random_forest,optimized_search,0.772,0.8862876254180602,0.31585220500595945,0.8,"{""class_weight"": null, ""max_depth"": null, ""min_samples_leaf"": 3, ""n_estimators"": 300}",False,0.8545,
random_forest,optimized_search,0.767125,0.8920863309352518,0.29558998808104886,0.81,"{""class_weight"": null, ""max_depth"": null, ""min_samples_leaf"": 3, ""n_estimators"": 300}",False,0.8545,
random_forest,optimized_search,0.785875,0.6028132992327365,0.9364322606277314,0.2,"{""class_weight"": null, ""max_depth"": null, ""min_samples_leaf"": 3, ""n_estimators"": 500}",False,0.8545,
random_forest,optimized_search,0.791,0.6098829648894668,0.9316646801748113,0.21,"{""class_weight"": null, ""max_depth"": null, ""min_samples_leaf"": 3, ""n_estimators"": 500}",False,0.8545,
random_forest,optimized_search,0.793875,0.614693446088795,0.9241160111243544,0.22,"{""class_weight"": null, ""max_depth"": null, ""min_samples_leaf"": 3, ""n_estimators"": 500}",False,0.8545,
random_forest,optimized_search,0.798,0.6214613103262335,0.9157727453317441,0.23,"{""class_weight"": null, ""max_depth"": null, ""min_samples_leaf"": 3, ""n_estimators"": 500}",False,0.8545,
random_forest,optimized_search,0.80425,0.6311000827129859,0.9094159713945172,0.24,"{""class_weight"": null, ""max_depth"": null, ""min_samples_leaf"": 3, ""n_estimators"": 500}",False,0.8545,
random_forest,optimized_search,0.807875,0.6379504504504504,0.9002781088597537,0.25,"{""class_weight"": null, ""max_depth"": null, ""min_samples_leaf"": 3, ""n_estimators"": 500}",False,0.8545,
random_forest,optimized_search,0.812,0.6455041654696926,0.8927294398092968,0.26,"{""class_weight"": null, ""max_depth"": null, ""min_samples_leaf"": 3, ""n_estimators"": 500}",False,0.8545,
random_forest,optimized_search,0.813875,0.6500291885580852,0.8847834723877632,0.27,"{""class_weight"": null, ""max_depth"": null, ""min_samples_leaf"": 3, ""n_estimators"": 500}",False,0.8545,
random_forest,optimized_search,0.81625,0.6552030833086273,0.8780294000794596,0.28,"{""class_weight"": null, ""max_depth"": null, ""min_samples_leaf"": 3, ""n_estimators"": 500}",False,0.8545,
random_forest,optimized_search,0.820125,0.6618618618618619,0.8756456098529996,0.29,"{""class_weight"": null, ""max_depth"": null, ""min_samples_leaf"": 3, ""n_estimators"": 500}",False,0.8545,
random_forest,optimized_search,0.82225,0.6672777268560953,0.867699642431466,0.3,"{""class_weight"": null, ""max_depth"": null, ""min_samples_leaf"": 3, ""n_estimators"": 500}",False,0.8545,
random_forest,optimized_search,0.824125,0.672360248447205,0.8601509733810091,0.31,"{""class_weight"": null, ""max_depth"": null, ""min_samples_leaf"": 3, ""n_estimators"": 500}",False,0.8545,
random_forest,optimized_search,0.82725,0.6791916640353647,0.8545887961859356,0.32,"{""class_weight"": null, ""max_depth"": null, ""min_samples_leaf"": 3, ""n_estimators"": 500}",False,0.8545,
random_forest,optimized_search,0.829875,0.6853752405388069,0.8490266189908622,0.33,"{""class_weight"": null, ""max_depth"": null, ""min_samples_leaf"": 3, ""n_estimators"": 500}",False,0.8545,
random_forest,optimized_search,0.830125,0.6885993485342019,0.8398887564560985,0.34,"{""class_weight"": null, ""max_depth"": null, ""min_samples_leaf"": 3, ""n_estimators"": 500}",False,0.8545,
random_forest,optimized_search,0.831125,0.6931742876076872,0.8311481922924115,0.35,"{""class_weight"": null, ""max_depth"": null, ""min_samples_leaf"": 3, ""n_estimators"": 500}",False,0.8545,
random_forest,optimized_search,0.832875,0.699189736664416,0.8228049264998013,0.36,"{""class_weight"": null, ""max_depth"": null, ""min_samples_leaf"": 3, ""n_estimators"": 500}",False,0.8545,
random_forest,optimized_search,0.834,0.7038052793966404,0.8156535558204211,0.37,"{""class_weight"": null, ""max_depth"": null, ""min_samples_leaf"": 3, ""n_estimators"": 500}",False,0.8545,
random_forest,optimized_search,0.834625,0.7087412587412587,0.8053237981724275,0.38,"{""class_weight"": null, ""max_depth"": null, ""min_samples_leaf"": 3, ""n_estimators"": 500}",False,0.8545,
random_forest,optimized_search,0.835,0.7124600638977636,0.797377830750894,0.39,"{""class_weight"": null, ""max_depth"": null, ""min_samples_leaf"": 3, ""n_estimators"": 500}",False,0.8545,
random_forest,optimized_search,0.83675,0.7185131721400216,0.7910210568136671,0.4,"{""class_weight"": null, ""max_depth"": null, ""min_samples_leaf"": 3, ""n_estimators"": 500}",False,0.8545,
random_forest,optimized_search,0.83775,0.7236697247706422,0.7834723877632102,0.41,"{""class_weight"": null, ""max_depth"": null, ""min_samples_leaf"": 3, ""n_estimators"": 500}",False,0.8545,
random_forest,optimized_search,0.837,0.7263904441955954,0.7731426301152166,0.42,"{""class_weight"": null, ""max_depth"": null, ""min_samples_leaf"": 3, ""n_estimators"": 500}",False,0.8545,
random_forest,optimized_search,0.837,0.7305207145572026,0.7636074692093763,0.43,"{""class_weight"": null, ""max_depth"": null, ""min_samples_leaf"": 3, ""n_estimators"": 500}",False,0.8545,
random_forest,optimized_search,0.838375,0.7362934362934362,0.7576479936432261,0.44,"{""class_weight"": null, ""max_depth"": null, ""min_samples_leaf"": 3, ""n_estimators"": 500}",False,0.8545,
random_forest,optimized_search,0.838,0.7393179145433163,0.7493047278506159,0.45,"{""class_weight"": null, ""max_depth"": null, ""min_samples_leaf"": 3, ""n_estimators"": 500}",False,0.8545,
random_forest,optimized_search,0.839,0.7437524791749306,0.7449344457687723,0.46,"{""class_weight"": null, ""max_depth"": null, ""min_samples_leaf"": 3, ""n_estimators"": 500}",False,0.8545,
random_forest,optimized_search,0.8395,0.7478890229191797,0.7389749702026222,0.47,"{""class_weight"": null, ""max_depth"": null, ""min_samples_leaf"": 3, ""n_estimators"": 500}",False,0.8545,
random_forest,optimized_search,0.8395,0.7523536635284487,0.7302344060389352,0.48,"{""class_weight"": null, ""max_depth"": null, ""min_samples_leaf"": 3, ""n_estimators"": 500}",False,0.8545,
random_forest,optimized_search,0.839875,0.7566445182724253,0.7238776321017084,0.49,"{""class_weight"": null, ""max_depth"": null, ""min_samples_leaf"": 3, ""n_estimators"": 500}",False,0.8545,
random_forest,optimized_search,0.83975,0.76,0.7171235597934048,0.5,"{""class_weight"": null, ""max_depth"": null, ""min_samples_leaf"": 3, ""n_estimators"": 500}",False,0.8545,
random_forest,optimized_search,0.838,0.7630331753554502,0.7036154151767978,0.51,"{""class_weight"": null, ""max_depth"": null, ""min_samples_leaf"": 3, ""n_estimators"": 500}",False,0.8545,
random_forest,optimized_search,0.83675,0.7668576465403262,0.6912991656734208,0.52,"{""class_weight"": null, ""max_depth"": null, ""min_samples_leaf"": 3, ""n_estimators"": 500}",False,0.8545,
random_forest,optimized_search,0.8365,0.7734056987788331,0.6793802145411204,0.53,"{""class_weight"": null, ""max_depth"": null, ""min_samples_leaf"": 3, ""n_estimators"": 500}",False,0.8545,
random_forest,optimized_search,0.837125,0.7797235023041474,0.6722288438617402,0.54,"{""class_weight"": null, ""max_depth"": null, ""min_samples_leaf"": 3, ""n_estimators"": 500}",False,0.8545,
random_forest,optimized_search,0.835375,0.7827521206409048,0.6599125943583631,0.55,"{""class_weight"": null, ""max_depth"": null, ""min_samples_leaf"": 3, ""n_estimators"": 500}",False,0.8545,
random_forest,optimized_search,0.835125,0.7885356454720617,0.6503774334525229,0.56,"{""class_weight"": null, ""max_depth"": null, ""min_samples_leaf"": 3, ""n_estimators"": 500}",False,0.8545,
random_forest,optimized_search,0.8335,0.794044665012407,0.6356773937226857,0.57,"{""class_weight"": null, ""max_depth"": null, ""min_samples_leaf"": 3, ""n_estimators"": 500}",False,0.8545,
random_forest,optimized_search,0.831875,0.7974619289340101,0.6241557409614621,0.58,"{""class_weight"": null, ""max_depth"": null, ""min_samples_leaf"": 3, ""n_estimators"": 500}",False,0.8545,
random_forest,optimized_search,0.831,0.801345059493016,0.6154151767977751,0.59,"{""class_weight"": null, ""max_depth"": null, ""min_samples_leaf"": 3, ""n_estimators"": 500}",False,0.8545,
random_forest,optimized_search,0.829875,0.8064687168610817,0.6042908224076281,0.6,"{""class_weight"": null, ""max_depth"": null, ""min_samples_leaf"": 3, ""n_estimators"": 500}",False,0.8545,
random_forest,optimized_search,0.82875,0.8128750681942172,0.591974572904251,0.61,"{""class_weight"": null, ""max_depth"": null, ""min_samples_leaf"": 3, ""n_estimators"": 500}",False,0.8545,
random_forest,optimized_search,0.827625,0.8182326621923938,0.5812475168851807,0.62,"{""class_weight"": null, ""max_depth"": null, ""min_samples_leaf"": 3, ""n_estimators"": 500}",False,0.8545,
random_forest,optimized_search,0.8255,0.8234275822273515,0.5669447755264203,0.63,"{""class_weight"": null, ""max_depth"": null, ""min_samples_leaf"": 3, ""n_estimators"": 500}",False,0.8545,
random_forest,optimized_search,0.823375,0.8266272189349112,0.55502582439412,0.64,"{""class_weight"": null, ""max_depth"": null, ""min_samples_leaf"": 3, ""n_estimators"": 500}",False,0.8545,
random_forest,optimized_search,0.822125,0.8319174757281553,0.5446960667461264,0.65,"{""class_weight"": null, ""max_depth"": null, ""min_samples_leaf"": 3, ""n_estimators"": 500}",False,0.8545,
random_forest,optimized_search,0.819875,0.8375156838143036,0.5303933253873659,0.66,"{""class_weight"": null, ""max_depth"": null, ""min_samples_leaf"": 3, ""n_estimators"": 500}",False,0.8545,
random_forest,optimized_search,0.816625,0.8395860284605433,0.5156932856575288,0.67,"{""class_weight"": null, ""max_depth"": null, ""min_samples_leaf"": 3, ""n_estimators"": 500}",False,0.8545,
random_forest,optimized_search,0.812875,0.842741935483871,0.49821215733015495,0.68,"{""class_weight"": null, ""max_depth"": null, ""min_samples_leaf"": 3, ""n_estimators"": 500}",False,0.8545,
random_forest,optimized_search,0.8105,0.8444597384721266,0.48748510131108463,0.69,"{""class_weight"": null, ""max_depth"": null, ""min_samples_leaf"": 3, ""n_estimators"": 500}",False,0.8545,
random_forest,optimized_search,0.809625,0.8519830028328612,0.47794994040524436,0.7,"{""class_weight"": null, ""max_depth"": null, ""min_samples_leaf"": 3, ""n_estimators"": 500}",False,0.8545,
random_forest,optimized_search,0.805,0.8531365313653136,0.45927691696464046,0.71,"{""class_weight"": null, ""max_depth"": null, ""min_samples_leaf"": 3, ""n_estimators"": 500}",False,0.8545,
random_forest,optimized_search,0.801875,0.8568147013782542,0.4445768772348033,0.72,"{""class_weight"": null, ""max_depth"": null, ""min_samples_leaf"": 3, ""n_estimators"": 500}",False,0.8545,
random_forest,optimized_search,0.799375,0.8624801271860095,0.4310687326181963,0.73,"{""class_weight"": null, ""max_depth"": null, ""min_samples_leaf"": 3, ""n_estimators"": 500}",False,0.8545,
random_forest,optimized_search,0.7965,0.8664468260511129,0.4175605880015892,0.74,"{""class_weight"": null, ""max_depth"": null, ""min_samples_leaf"": 3, ""n_estimators"": 500}",False,0.8545,
random_forest,optimized_search,0.79325,0.8735930735930736,0.4008740564163687,0.75,"{""class_weight"": null, ""max_depth"": null, ""min_samples_leaf"": 3, ""n_estimators"": 500}",False,0.8545,
random_forest,optimized_search,0.79075,0.8800721370604148,0.3877632101708383,0.76,"{""class_weight"": null, ""max_depth"": null, ""min_samples_leaf"": 3, ""n_estimators"": 500}",False,0.8545,
random_forest,optimized_search,0.786,0.8807947019867549,0.3698847834723878,0.77,"{""class_weight"": null, ""max_depth"": null, ""min_samples_leaf"": 3, ""n_estimators"": 500}",False,0.8545,
random_forest,optimized_search,0.782125,0.8831683168316832,0.3543901470003973,0.78,"{""class_weight"": null, ""max_depth"": null, ""min_samples_leaf"": 3, ""n_estimators"": 500}",False,0.8545,
random_forest,optimized_search,0.777,0.8829676071055381,0.3357171235597934,0.79,"{""class_weight"": null, ""max_depth"": null, ""min_samples_leaf"": 3, ""n_estimators"": 500}",False,0.8545,
random_forest,optimized_search,0.772,0.8854282536151279,0.31624950337703617,0.8,"{""class_weight"": null, ""max_depth"": null, ""min_samples_leaf"": 3, ""n_estimators"": 500}",False,0.8545,
random_forest,optimized_search,0.767,0.8919567827130852,0.2951926897099722,0.81,"{""class_weight"": null, ""max_depth"": null, ""min_samples_leaf"": 3, ""n_estimators"": 500}",False,0.8545,
random_forest,optimized_search,0.788,0.6058808356977045,0.933253873659118,0.2,"{""class_weight"": null, ""max_depth"": 12, ""min_samples_leaf"": 1, ""n_estimators"": 300}",False,0.8545,
random_forest,optimized_search,0.793625,0.6134696016771488,0.9300754866905045,0.21,"{""class_weight"": null, ""max_depth"": 12, ""min_samples_leaf"": 1, ""n_estimators"": 300}",False,0.8545,
random_forest,optimized_search,0.79775,0.6198347107438017,0.9237187127532777,0.22,"{""class_weight"": null, ""max_depth"": 12, ""min_samples_leaf"": 1, ""n_estimators"": 300}",False,0.8545,
random_forest,optimized_search,0.8,0.6240194752502028,0.9165673420738975,0.23,"{""class_weight"": null, ""max_depth"": 12, ""min_samples_leaf"": 1, ""n_estimators"": 300}",False,0.8545,
random_forest,optimized_search,0.804875,0.6314631463146315,0.912197059992054,0.24,"{""class_weight"": null, ""max_depth"": 12, ""min_samples_leaf"": 1, ""n_estimators"": 300}",False,0.8545,
random_forest,optimized_search,0.80925,0.6385239027117696,0.9074294795391339,0.25,"{""class_weight"": null, ""max_depth"": 12, ""min_samples_leaf"": 1, ""n_estimators"": 300}",False,0.8545,
random_forest,optimized_search,0.8135,0.6459698091711763,0.901072705601907,0.26,"{""class_weight"": null, ""max_depth"": 12, ""min_samples_leaf"": 1, ""n_estimators"": 300}",False,0.8545,
random_forest,optimized_search,0.816375,0.6513575967648758,0.8959078267779103,0.27,"{""class_weight"": null, ""max_depth"": 12, ""min_samples_leaf"": 1, ""n_estimators"": 300}",False,0.8545,
random_forest,optimized_search,0.819875,0.658235294117647,0.8891537544696066,0.28,"{""class_weight"": null, ""max_depth"": 12, ""min_samples_leaf"": 1, ""n_estimators"": 300}",False,0.8545,
random_forest,optimized_search,0.823625,0.6656680647094069,0.8827969805323799,0.29,"{""class_weight"": null, ""max_depth"": 12, ""min_samples_leaf"": 1, ""n_estimators"": 300}",False,0.8545,
random_forest,optimized_search,0.826,0.6706096451319381,0.8784266984505363,0.3,"{""class_weight"": null, ""max_depth"": 12, ""min_samples_leaf"": 1, ""n_estimators"": 300}",False,0.8545,
random_forest,optimized_search,0.825875,0.6731361675908811,0.8680969408025427,0.31,"{""class_weight"": null, ""max_depth"": 12, ""min_samples_leaf"": 1, ""n_estimators"": 300}",False,0.8545,
random_forest,optimized_search,0.828,0.679798298140561,0.8569725864123957,0.32,"{""class_weight"": null, ""max_depth"": 12, ""min_samples_leaf"": 1, ""n_estimators"": 300}",False,0.8545,
random_forest,optimized_search,0.829875,0.6851377322229341,0.8498212157330155,0.33,"{""class_weight"": null, ""max_depth"": 12, ""min_samples_leaf"": 1, ""n_estimators"": 300}",False,0.8545,
random_forest,optimized_search,0.831625,0.6910516002612671,0.8406833531982519,0.34,"{""class_weight"": null, ""max_depth"": 12, ""min_samples_leaf"": 1, ""n_estimators"": 300}",False,0.8545,
random_forest,optimized_search,0.832875,0.695364238410596,0.834326579261025,0.35,"{""class_weight"": null, ""max_depth"": 12, ""min_samples_leaf"": 1, ""n_estimators"": 300}",False,0.8545,
random_forest,optimized_search,0.833375,0.6997300944669366,0.8239968216130313,0.36,"{""class_weight"": null, ""max_depth"": 12, ""min_samples_leaf"": 1, ""n_estimators"": 300}",False,0.8545,
random_forest,optimized_search,0.836125,0.706648389307745,0.8192292411601112,0.37,"{""class_weight"": null, ""max_depth"": 12, ""min_samples_leaf"": 1, ""n_estimators"": 300}",False,0.8545,
random_forest,optimized_search,0.837375,0.7119944211994421,0.8112832737385777,0.38,"{""class_weight"": null, ""max_depth"": 12, ""min_samples_leaf"": 1, ""n_estimators"": 300}",False,0.8545,
random_forest,optimized_search,0.836875,0.7150461320085166,0.8005562177195074,0.39,"{""class_weight"": null, ""max_depth"": 12, ""min_samples_leaf"": 1, ""n_estimators"": 300}",False,0.8545,
random_forest,optimized_search,0.836875,0.7178289000718907,0.7934048470401271,0.4,"{""class_weight"": null, ""max_depth"": 12, ""min_samples_leaf"": 1, ""n_estimators"": 300}",False,0.8545,
random_forest,optimized_search,0.838375,0.7231947483588621,0.7878426698450537,0.41,"{""class_weight"": null, ""max_depth"": 12, ""min_samples_leaf"": 1, ""n_estimators"": 300}",False,0.8545,
random_forest,optimized_search,0.838625,0.727037037037037,0.77989670242352,0.42,"{""class_weight"": null, ""max_depth"": 12, ""min_samples_leaf"": 1, ""n_estimators"": 300}",False,0.8545,
random_forest,optimized_search,0.837875,0.7293233082706767,0.7707588398887565,0.43,"{""class_weight"": null, ""max_depth"": 12, ""min_samples_leaf"": 1, ""n_estimators"": 300}",False,0.8545,
random_forest,optimized_search,0.838,0.7313376278893521,0.7667858561779897,0.44,"{""class_weight"": null, ""max_depth"": 12, ""min_samples_leaf"": 1, ""n_estimators"": 300}",False,0.8545,
random_forest,optimized_search,0.838875,0.7372488408037094,0.7580452920143027,0.45,"{""class_weight"": null, ""max_depth"": 12, ""min_samples_leaf"": 1, ""n_estimators"": 300}",False,0.8545,
random_forest,optimized_search,0.838,0.7389432485322897,0.7500993245927692,0.46,"{""class_weight"": null, ""max_depth"": 12, ""min_samples_leaf"": 1, ""n_estimators"": 300}",False,0.8545,
random_forest,optimized_search,0.838625,0.7440286624203821,0.7425506555423123,0.47,"{""class_weight"": null, ""max_depth"": 12, ""min_samples_leaf"": 1, ""n_estimators"": 300}",False,0.8545,
random_forest,optimized_search,0.838875,0.7487844408427877,0.734207389749702,0.48,"{""class_weight"": null, ""max_depth"": 12, ""min_samples_leaf"": 1, ""n_estimators"": 300}",False,0.8545,
random_forest,optimized_search,0.838875,0.7528830313014827,0.7262614223281685,0.49,"{""class_weight"": null, ""max_depth"": 12, ""min_samples_leaf"": 1, ""n_estimators"": 300}",False,0.8545,
random_forest,optimized_search,0.8385,0.7576777450567943,0.7155343663090982,0.5,"{""class_weight"": null, ""max_depth"": 12, ""min_samples_leaf"": 1, ""n_estimators"": 300}",False,0.8545,
random_forest,optimized_search,0.838,0.7625806451612903,0.7044100119189511,0.51,"{""class_weight"": null, ""max_depth"": 12, ""min_samples_leaf"": 1, ""n_estimators"": 300}",False,0.8545,
random_forest,optimized_search,0.836875,0.7662565905096661,0.6928883591577275,0.52,"{""class_weight"": null, ""max_depth"": 12, ""min_samples_leaf"": 1, ""n_estimators"": 300}",False,0.8545,
random_forest,optimized_search,0.8365,0.7707120465741155,0.6837504966229638,0.53,"{""class_weight"": null, ""max_depth"": 12, ""min_samples_leaf"": 1, ""n_estimators"": 300}",False,0.8545,
random_forest,optimized_search,0.83625,0.7762013729977116,0.6738180373460468,0.54,"{""class_weight"": null, ""max_depth"": 12, ""min_samples_leaf"": 1, ""n_estimators"": 300}",False,0.8545,
random_forest,optimized_search,0.834125,0.7788191190253045,0.6603098927294399,0.55,"{""class_weight"": null, ""max_depth"": 12, ""min_samples_leaf"": 1, ""n_estimators"": 300}",False,0.8545,
random_forest,optimized_search,0.83275,0.7816531294792164,0.6499801350814461,0.56,"{""class_weight"": null, ""max_depth"": 12, ""min_samples_leaf"": 1, ""n_estimators"": 300}",False,0.8545,
random_forest,optimized_search,0.832125,0.7869012707722385,0.6396503774334525,0.57,"{""class_weight"": null, ""max_depth"": 12, ""min_samples_leaf"": 1, ""n_estimators"": 300}",False,0.8545,
random_forest,optimized_search,0.832125,0.7946787148594378,0.6289233214143822,0.58,"{""class_weight"": null, ""max_depth"": 12, ""min_samples_leaf"": 1, ""n_estimators"": 300}",False,0.8545,
random_forest,optimized_search,0.83175,0.8001025115325474,0.6201827572506953,0.59,"{""class_weight"": null, ""max_depth"": 12, ""min_samples_leaf"": 1, ""n_estimators"": 300}",False,0.8545,
random_forest,optimized_search,0.831875,0.8093980992608236,0.6090584028605482,0.6,"{""class_weight"": null, ""max_depth"": 12, ""min_samples_leaf"": 1, ""n_estimators"": 300}",False,0.8545,
random_forest,optimized_search,0.82975,0.8133478024959305,0.5955502582439413,0.61,"{""class_weight"": null, ""max_depth"": 12, ""min_samples_leaf"": 1, ""n_estimators"": 300}",False,0.8545,
random_forest,optimized_search,0.827625,0.8175223214285714,0.5820421136273342,0.62,"{""class_weight"": null, ""max_depth"": 12, ""min_samples_leaf"": 1, ""n_estimators"": 300}",False,0.8545,
random_forest,optimized_search,0.826375,0.8230240549828178,0.5709177592371871,0.63,"{""class_weight"": null, ""max_depth"": 12, ""min_samples_leaf"": 1, ""n_estimators"": 300}",False,0.8545,
random_forest,optimized_search,0.824625,0.8284198113207547,0.5582042113627335,0.64,"{""class_weight"": null, ""max_depth"": 12, ""min_samples_leaf"": 1, ""n_estimators"": 300}",False,0.8545,
random_forest,optimized_search,0.823625,0.8339371980676329,0.5486690504568932,0.65,"{""class_weight"": null, ""max_depth"": 12, ""min_samples_leaf"": 1, ""n_estimators"": 300}",False,0.8545,
random_forest,optimized_search,0.82125,0.8369497830130193,0.5363528009535161,0.66,"{""class_weight"": null, ""max_depth"": 12, ""min_samples_leaf"": 1, ""n_estimators"": 300}",False,0.8545,
random_forest,optimized_search,0.8195,0.8406349206349206,0.5260230433055224,0.67,"{""class_weight"": null, ""max_depth"": 12, ""min_samples_leaf"": 1, ""n_estimators"": 300}",False,0.8545,
random_forest,optimized_search,0.817125,0.8430989583333334,0.5145013905442988,0.68,"{""class_weight"": null, ""max_depth"": 12, ""min_samples_leaf"": 1, ""n_estimators"": 300}",False,0.8545,
random_forest,optimized_search,0.814,0.8441471571906355,0.5013905442987684,0.69,"{""class_weight"": null, ""max_depth"": 12, ""min_samples_leaf"": 1, ""n_estimators"": 300}",False,0.8545,
random_forest,optimized_search,0.811125,0.8478561549100968,0.4870878029400079,0.7,"{""class_weight"": null, ""max_depth"": 12, ""min_samples_leaf"": 1, ""n_estimators"": 300}",False,0.8545,
random_forest,optimized_search,0.808375,0.8514285714285714,0.4735796583234009,0.71,"{""class_weight"": null, ""max_depth"": 12, ""min_samples_leaf"": 1, ""n_estimators"": 300}",False,0.8545,
random_forest,optimized_search,0.80475,0.8529194382852919,0.4584823202224871,0.72,"{""class_weight"": null, ""max_depth"": 12, ""min_samples_leaf"": 1, ""n_estimators"": 300}",False,0.8545,
random_forest,optimized_search,0.802375,0.8605546995377504,0.44378228049265,0.73,"{""class_weight"": null, ""max_depth"": 12, ""min_samples_leaf"": 1, ""n_estimators"": 300}",False,0.8545,
random_forest,optimized_search,0.798625,0.8629807692307693,0.42789034564958284,0.74,"{""class_weight"": null, ""max_depth"": 12, ""min_samples_leaf"": 1, ""n_estimators"": 300}",False,0.8545,
random_forest,optimized_search,0.795375,0.8697478991596639,0.41120381406436235,0.75,"{""class_weight"": null, ""max_depth"": 12, ""min_samples_leaf"": 1, ""n_estimators"": 300}",False,0.8545,
random_forest,optimized_search,0.791125,0.8704028021015762,0.3949145808502185,0.76,"{""class_weight"": null, ""max_depth"": 12, ""min_samples_leaf"": 1, ""n_estimators"": 300}",False,0.8545,
random_forest,optimized_search,0.787125,0.8733944954128441,0.37822804926499803,0.77,"{""class_weight"": null, ""max_depth"": 12, ""min_samples_leaf"": 1, ""n_estimators"": 300}",False,0.8545,
random_forest,optimized_search,0.7835,0.87776708373436,0.36233611442193087,0.78,"{""class_weight"": null, ""max_depth"": 12, ""min_samples_leaf"": 1, ""n_estimators"": 300}",False,0.8545,
random_forest,optimized_search,0.779875,0.8810483870967742,0.3472387763210171,0.79,"{""class_weight"": null, ""max_depth"": 12, ""min_samples_leaf"": 1, ""n_estimators"": 300}",False,0.8545,
random_forest,optimized_search,0.775875,0.8859275053304904,0.3301549463647199,0.8,"{""class_weight"": null, ""max_depth"": 12, ""min_samples_leaf"": 1, ""n_estimators"": 300}",False,0.8545,
random_forest,optimized_search,0.7705,0.8900343642611683,0.30870083432657924,0.81,"{""class_weight"": null, ""max_depth"": 12, ""min_samples_leaf"": 1, ""n_estimators"": 300}",False,0.8545,
random_forest,optimized_search,0.7885,0.6063966984782048,0.9340484704012714,0.2,"{""class_weight"": null, ""max_depth"": 12, ""min_samples_leaf"": 1, ""n_estimators"": 500}",False,0.8545,
random_forest,optimized_search,0.7925,0.612084750196181,0.929678188319428,0.21,"{""class_weight"": null, ""max_depth"": 12, ""min_samples_leaf"": 1, ""n_estimators"": 500}",False,0.8545,
random_forest,optimized_search,0.798,0.6200373034905409,0.9245133094954311,0.22,"{""class_weight"": null, ""max_depth"": 12, ""min_samples_leaf"": 1, ""n_estimators"": 500}",False,0.8545,
random_forest,optimized_search,0.8015,0.6253034799028865,0.920937624155741,0.23,"{""class_weight"": null, ""max_depth"": 12, ""min_samples_leaf"": 1, ""n_estimators"": 500}",False,0.8545,
random_forest,optimized_search,0.8045,0.6304407336435807,0.9149781485895908,0.24,"{""class_weight"": null, ""max_depth"": 12, ""min_samples_leaf"": 1, ""n_estimators"": 500}",False,0.8545,
random_forest,optimized_search,0.81025,0.6399551695152704,0.9074294795391339,0.25,"{""class_weight"": null, ""max_depth"": 12, ""min_samples_leaf"": 1, ""n_estimators"": 500}",False,0.8545,
random_forest,optimized_search,0.814,0.6465394474508687,0.9018673023440604,0.26,"{""class_weight"": null, ""max_depth"": 12, ""min_samples_leaf"": 1, ""n_estimators"": 500}",False,0.8545,
random_forest,optimized_search,0.817375,0.6531322505800464,0.8947159316646802,0.27,"{""class_weight"": null, ""max_depth"": 12, ""min_samples_leaf"": 1, ""n_estimators"": 500}",False,0.8545,
random_forest,optimized_search,0.82025,0.6587231538687849,0.8895510528406834,0.28,"{""class_weight"": null, ""max_depth"": 12, ""min_samples_leaf"": 1, ""n_estimators"": 500}",False,0.8545,
random_forest,optimized_search,0.821875,0.6628878281622912,0.8827969805323799,0.29,"{""class_weight"": null, ""max_depth"": 12, ""min_samples_leaf"": 1, ""n_estimators"": 500}",False,0.8545,
random_forest,optimized_search,0.824125,0.6680799515445185,0.876440206595153,0.3,"{""class_weight"": null, ""max_depth"": 12, ""min_samples_leaf"": 1, ""n_estimators"": 500}",False,0.8545,
random_forest,optimized_search,0.825375,0.6726263871763255,0.8669050456893127,0.31,"{""class_weight"": null, ""max_depth"": 12, ""min_samples_leaf"": 1, ""n_estimators"": 500}",False,0.8545,
random_forest,optimized_search,0.82875,0.6801759346528432,0.8601509733810091,0.32,"{""class_weight"": null, ""max_depth"": 12, ""min_samples_leaf"": 1, ""n_estimators"": 500}",False,0.8545,
random_forest,optimized_search,0.831125,0.6868589743589744,0.8514104092173223,0.33,"{""class_weight"": null, ""max_depth"": 12, ""min_samples_leaf"": 1, ""n_estimators"": 500}",False,0.8545,
random_forest,optimized_search,0.831125,0.6897786458333334,0.841875248311482,0.34,"{""class_weight"": null, ""max_depth"": 12, ""min_samples_leaf"": 1, ""n_estimators"": 500}",False,0.8545,
random_forest,optimized_search,0.8335,0.6966478592764687,0.8339292808899483,0.35,"{""class_weight"": null, ""max_depth"": 12, ""min_samples_leaf"": 1, ""n_estimators"": 500}",False,0.8545,
random_forest,optimized_search,0.83375,0.6998989558773998,0.8255860150973381,0.36,"{""class_weight"": null, ""max_depth"": 12, ""min_samples_leaf"": 1, ""n_estimators"": 500}",False,0.8545,
random_forest,optimized_search,0.835375,0.7050580997949419,0.8196265395311879,0.37,"{""class_weight"": null, ""max_depth"": 12, ""min_samples_leaf"": 1, ""n_estimators"": 500}",False,0.8545,
random_forest,optimized_search,0.836875,0.7104166666666667,0.8128724672228844,0.38,"{""class_weight"": null, ""max_depth"": 12, ""min_samples_leaf"": 1, ""n_estimators"": 500}",False,0.8545,
random_forest,optimized_search,0.837875,0.7153954802259888,0.8049264998013508,0.39,"{""class_weight"": null, ""max_depth"": 12, ""min_samples_leaf"": 1, ""n_estimators"": 500}",False,0.8545,
random_forest,optimized_search,0.837375,0.7183908045977011,0.7945967421533572,0.4,"{""class_weight"": null, ""max_depth"": 12, ""min_samples_leaf"": 1, ""n_estimators"": 500}",False,0.8545,
random_forest,optimized_search,0.837625,0.7222627737226277,0.7862534763607469,0.41,"{""class_weight"": null, ""max_depth"": 12, ""min_samples_leaf"": 1, ""n_estimators"": 500}",False,0.8545,
random_forest,optimized_search,0.837625,0.7253886010362695,0.77870480731029,0.42,"{""class_weight"": null, ""max_depth"": 12, ""min_samples_leaf"": 1, ""n_estimators"": 500}",False,0.8545,
random_forest,optimized_search,0.838125,0.7295266716754321,0.7715534366309098,0.43,"{""class_weight"": null, ""max_depth"": 12, ""min_samples_leaf"": 1, ""n_estimators"": 500}",False,0.8545,
random_forest,optimized_search,0.838375,0.7326996197718632,0.7655939610647596,0.44,"{""class_weight"": null, ""max_depth"": 12, ""min_samples_leaf"": 1, ""n_estimators"": 500}",False,0.8545,
random_forest,optimized_search,0.839125,0.7369029275808937,0.7600317838696862,0.45,"{""class_weight"": null, ""max_depth"": 12, ""min_samples_leaf"": 1, ""n_estimators"": 500}",False,0.8545,
random_forest,optimized_search,0.838625,0.7402037617554859,0.7504966229638459,0.46,"{""class_weight"": null, ""max_depth"": 12, ""min_samples_leaf"": 1, ""n_estimators"": 500}",False,0.8545,
random_forest,optimized_search,0.83925,0.7453168593064966,0.742947953913389,0.47,"{""class_weight"": null, ""max_depth"": 12, ""min_samples_leaf"": 1, ""n_estimators"": 500}",False,0.8545,
random_forest,optimized_search,0.84025,0.7507082152974505,0.7369884783472388,0.48,"{""class_weight"": null, ""max_depth"": 12, ""min_samples_leaf"": 1, ""n_estimators"": 500}",False,0.8545,
random_forest,optimized_search,0.839875,0.7553719008264462,0.7262614223281685,0.49,"{""class_weight"": null, ""max_depth"": 12, ""min_samples_leaf"": 1, ""n_estimators"": 500}",False,0.8545,
random_forest,optimized_search,0.839125,0.7581863979848866,0.7175208581644815,0.5,"{""class_weight"": null, ""max_depth"": 12, ""min_samples_leaf"": 1, ""n_estimators"": 500}",False,0.8545,
random_forest,optimized_search,0.839375,0.7646048109965635,0.7071911005164879,0.51,"{""class_weight"": null, ""max_depth"": 12, ""min_samples_leaf"": 1, ""n_estimators"": 500}",False,0.8545,
random_forest,optimized_search,0.837625,0.7666374781085814,0.6956694477552642,0.52,"{""class_weight"": null, ""max_depth"": 12, ""min_samples_leaf"": 1, ""n_estimators"": 500}",False,0.8545,
random_forest,optimized_search,0.837375,0.7707034728406055,0.6877234803337307,0.53,"{""class_weight"": null, ""max_depth"": 12, ""min_samples_leaf"": 1, ""n_estimators"": 500}",False,0.8545,
random_forest,optimized_search,0.837625,0.7783363802559415,0.6765991259435836,0.54,"{""class_weight"": null, ""max_depth"": 12, ""min_samples_leaf"": 1, ""n_estimators"": 500}",False,0.8545,
random_forest,optimized_search,0.83525,0.7805334581188582,0.6626936829558999,0.55,"{""class_weight"": null, ""max_depth"": 12, ""min_samples_leaf"": 1, ""n_estimators"": 500}",False,0.8545,
random_forest,optimized_search,0.833625,0.783732057416268,0.6507747318235996,0.56,"{""class_weight"": null, ""max_depth"": 12, ""min_samples_leaf"": 1, ""n_estimators"": 500}",False,0.8545,
random_forest,optimized_search,0.832625,0.78759765625,0.6408422725466826,0.57,"{""class_weight"": null, ""max_depth"": 12, ""min_samples_leaf"": 1, ""n_estimators"": 500}",False,0.8545,
random_forest,optimized_search,0.832875,0.7955911823647295,0.6309098132697656,0.58,"{""class_weight"": null, ""max_depth"": 12, ""min_samples_leaf"": 1, ""n_estimators"": 500}",False,0.8545,
random_forest,optimized_search,0.831875,0.8020618556701031,0.6181962653953119,0.59,"{""class_weight"": null, ""max_depth"": 12, ""min_samples_leaf"": 1, ""n_estimators"": 500}",False,0.8545,
random_forest,optimized_search,0.830375,0.807855626326964,0.6046881207787048,0.6,"{""class_weight"": null, ""max_depth"": 12, ""min_samples_leaf"": 1, ""n_estimators"": 500}",False,0.8545,
random_forest,optimized_search,0.82825,0.8107667210440457,0.5923718712753278,0.61,"{""class_weight"": null, ""max_depth"": 12, ""min_samples_leaf"": 1, ""n_estimators"": 500}",False,0.8545,
random_forest,optimized_search,0.82525,0.8134453781512605,0.5768772348033373,0.62,"{""class_weight"": null, ""max_depth"": 12, ""min_samples_leaf"": 1, ""n_estimators"": 500}",False,0.8545,
random_forest,optimized_search,0.8245,0.8192771084337349,0.567342073897497,0.63,"{""class_weight"": null, ""max_depth"": 12, ""min_samples_leaf"": 1, ""n_estimators"": 500}",False,0.8545,
random_forest,optimized_search,0.8245,0.8279316440777843,0.5582042113627335,0.64,"{""class_weight"": null, ""max_depth"": 12, ""min_samples_leaf"": 1, ""n_estimators"": 500}",False,0.8545,
random_forest,optimized_search,0.823,0.8330308529945554,0.5470798569725864,0.65,"{""class_weight"": null, ""max_depth"": 12, ""min_samples_leaf"": 1, ""n_estimators"": 500}",False,0.8545,
random_forest,optimized_search,0.821625,0.8393524283935243,0.5355582042113627,0.66,"{""class_weight"": null, ""max_depth"": 12, ""min_samples_leaf"": 1, ""n_estimators"": 500}",False,0.8545,
random_forest,optimized_search,0.81975,0.8417037507946599,0.5260230433055224,0.67,"{""class_weight"": null, ""max_depth"": 12, ""min_samples_leaf"": 1, ""n_estimators"": 500}",False,0.8545,
random_forest,optimized_search,0.816625,0.8413524057217165,0.5141040921732221,0.68,"{""class_weight"": null, ""max_depth"": 12, ""min_samples_leaf"": 1, ""n_estimators"": 500}",False,0.8545,
random_forest,optimized_search,0.81425,0.8452779638312123,0.5013905442987684,0.69,"{""class_weight"": null, ""max_depth"": 12, ""min_samples_leaf"": 1, ""n_estimators"": 500}",False,0.8545,
random_forest,optimized_search,0.8105,0.8473282442748091,0.48510131108462456,0.7,"{""class_weight"": null, ""max_depth"": 12, ""min_samples_leaf"": 1, ""n_estimators"": 500}",False,0.8545,
random_forest,optimized_search,0.8075,0.8506819813352476,0.47079856972586415,0.71,"{""class_weight"": null, ""max_depth"": 12, ""min_samples_leaf"": 1, ""n_estimators"": 500}",False,0.8545,
random_forest,optimized_search,0.805625,0.8547197640117994,0.4604688120778705,0.72,"{""class_weight"": null, ""max_depth"": 12, ""min_samples_leaf"": 1, ""n_estimators"": 500}",False,0.8545,
random_forest,optimized_search,0.8025,0.8595548733691482,0.44497417560588004,0.73,"{""class_weight"": null, ""max_depth"": 12, ""min_samples_leaf"": 1, ""n_estimators"": 500}",False,0.8545,
random_forest,optimized_search,0.80025,0.8661354581673307,0.4318633293603496,0.74,"{""class_weight"": null, ""max_depth"": 12, ""min_samples_leaf"": 1, ""n_estimators"": 500}",False,0.8545,
random_forest,optimized_search,0.79475,0.8667225481978206,0.41080651569328563,0.75,"{""class_weight"": null, ""max_depth"": 12, ""min_samples_leaf"": 1, ""n_estimators"": 500}",False,0.8545,
random_forest,optimized_search,0.791875,0.8704347826086957,0.39769566944775525,0.76,"{""class_weight"": null, ""max_depth"": 12, ""min_samples_leaf"": 1, ""n_estimators"": 500}",False,0.8545,
random_forest,optimized_search,0.788375,0.876599634369287,0.38100913786253476,0.77,"{""class_weight"": null, ""max_depth"": 12, ""min_samples_leaf"": 1, ""n_estimators"": 500}",False,0.8545,
random_forest,optimized_search,0.784125,0.8776290630975143,0.36471990464839094,0.78,"{""class_weight"": null, ""max_depth"": 12, ""min_samples_leaf"": 1, ""n_estimators"": 500}",False,0.8545,
random_forest,optimized_search,0.78,0.8827098078867543,0.3468414779499404,0.79,"{""class_weight"": null, ""max_depth"": 12, ""min_samples_leaf"": 1, ""n_estimators"": 500}",False,0.8545,
random_forest,optimized_search,0.774625,0.8830472103004292,0.3269765593961065,0.8,"{""class_weight"": null, ""max_depth"": 12, ""min_samples_leaf"": 1, ""n_estimators"": 500}",False,0.8545,
random_forest,optimized_search,0.771,0.8878822197055493,0.31148192292411603,0.81,"{""class_weight"": null, ""max_depth"": 12, ""min_samples_leaf"": 1, ""n_estimators"": 500}",False,0.8545,
random_forest,optimized_search,0.786125,0.6032274590163934,0.9356376638855781,0.2,"{""class_weight"": null, ""max_depth"": 12, ""min_samples_leaf"": 3, ""n_estimators"": 300}",False,0.8545,
random_forest,optimized_search,0.79125,0.6107768767983259,0.9276916964640445,0.21,"{""class_weight"": null, ""max_depth"": 12, ""min_samples_leaf"": 3, ""n_estimators"": 300}",False,0.8545,
random_forest,optimized_search,0.794875,0.6166755460841769,0.919745729042511,0.22,"{""class_weight"": null, ""max_depth"": 12, ""min_samples_leaf"": 3, ""n_estimators"": 300}",False,0.8545,
random_forest,optimized_search,0.79825,0.6223245732863723,0.9125943583631307,0.23,"{""class_weight"": null, ""max_depth"": 12, ""min_samples_leaf"": 3, ""n_estimators"": 300}",False,0.8545,
random_forest,optimized_search,0.802125,0.6292197011621472,0.9034564958283671,0.24,"{""class_weight"": null, ""max_depth"": 12, ""min_samples_leaf"": 3, ""n_estimators"": 300}",False,0.8545,
random_forest,optimized_search,0.805625,0.6354929577464788,0.8963051251489869,0.25,"{""class_weight"": null, ""max_depth"": 12, ""min_samples_leaf"": 3, ""n_estimators"": 300}",False,0.8545,
random_forest,optimized_search,0.808375,0.6410550458715596,0.8883591577274533,0.26,"{""class_weight"": null, ""max_depth"": 12, ""min_samples_leaf"": 3, ""n_estimators"": 300}",False,0.8545,
random_forest,optimized_search,0.81175,0.6475912408759124,0.8812077870480731,0.27,"{""class_weight"": null, ""max_depth"": 12, ""min_samples_leaf"": 3, ""n_estimators"": 300}",False,0.8545,
random_forest,optimized_search,0.814625,0.6531398104265402,0.8760429082240763,0.28,"{""class_weight"": null, ""max_depth"": 12, ""min_samples_leaf"": 3, ""n_estimators"": 300}",False,0.8545,
random_forest,optimized_search,0.818375,0.660144491270319,0.8712753277711561,0.29,"{""class_weight"": null, ""max_depth"": 12, ""min_samples_leaf"": 3, ""n_estimators"": 300}",False,0.8545,
random_forest,optimized_search,0.822125,0.6669719169719169,0.8680969408025427,0.3,"{""class_weight"": null, ""max_depth"": 12, ""min_samples_leaf"": 3, ""n_estimators"": 300}",False,0.8545,
random_forest,optimized_search,0.825625,0.6737918215613383,0.8641239570917759,0.31,"{""class_weight"": null, ""max_depth"": 12, ""min_samples_leaf"": 3, ""n_estimators"": 300}",False,0.8545,
random_forest,optimized_search,0.827375,0.6786163522012578,0.8573698847834724,0.32,"{""class_weight"": null, ""max_depth"": 12, ""min_samples_leaf"": 3, ""n_estimators"": 300}",False,0.8545,
random_forest,optimized_search,0.828125,0.6827784891165173,0.8474374255065554,0.33,"{""class_weight"": null, ""max_depth"": 12, ""min_samples_leaf"": 3, ""n_estimators"": 300}",False,0.8545,
random_forest,optimized_search,0.82925,0.6866688290626014,0.8410806515693285,0.34,"{""class_weight"": null, ""max_depth"": 12, ""min_samples_leaf"": 3, ""n_estimators"": 300}",False,0.8545,
random_forest,optimized_search,0.831,0.6933289080650514,0.8299562971791815,0.35,"{""class_weight"": null, ""max_depth"": 12, ""min_samples_leaf"": 3, ""n_estimators"": 300}",False,0.8545,
random_forest,optimized_search,0.83225,0.6976118398923646,0.8239968216130313,0.36,"{""class_weight"": null, ""max_depth"": 12, ""min_samples_leaf"": 3, ""n_estimators"": 300}",False,0.8545,
random_forest,optimized_search,0.83275,0.7018144471071551,0.8144616607071911,0.37,"{""class_weight"": null, ""max_depth"": 12, ""min_samples_leaf"": 3, ""n_estimators"": 300}",False,0.8545,
random_forest,optimized_search,0.83525,0.7092495636998255,0.8073102900278109,0.38,"{""class_weight"": null, ""max_depth"": 12, ""min_samples_leaf"": 3, ""n_estimators"": 300}",False,0.8545,
random_forest,optimized_search,0.836125,0.7139815471965933,0.7993643226062773,0.39,"{""class_weight"": null, ""max_depth"": 12, ""min_samples_leaf"": 3, ""n_estimators"": 300}",False,0.8545,
random_forest,optimized_search,0.837875,0.7200577200577201,0.7930075486690504,0.4,"{""class_weight"": null, ""max_depth"": 12, ""min_samples_leaf"": 3, ""n_estimators"": 300}",False,0.8545,
random_forest,optimized_search,0.838375,0.7233576642335766,0.787445371473977,0.41,"{""class_weight"": null, ""max_depth"": 12, ""min_samples_leaf"": 3, ""n_estimators"": 300}",False,0.8545,
random_forest,optimized_search,0.8395,0.7289268473821018,0.77989670242352,0.42,"{""class_weight"": null, ""max_depth"": 12, ""min_samples_leaf"": 3, ""n_estimators"": 300}",False,0.8545,
random_forest,optimized_search,0.84,0.7331323030531474,0.7727453317441398,0.43,"{""class_weight"": null, ""max_depth"": 12, ""min_samples_leaf"": 3, ""n_estimators"": 300}",False,0.8545,
random_forest,optimized_search,0.84,0.7367011098354382,0.7647993643226063,0.44,"{""class_weight"": null, ""max_depth"": 12, ""min_samples_leaf"": 3, ""n_estimators"": 300}",False,0.8545,
random_forest,optimized_search,0.84075,0.7421114141020647,0.7568533969010727,0.45,"{""class_weight"": null, ""max_depth"": 12, ""min_samples_leaf"": 3, ""n_estimators"": 300}",False,0.8545,
random_forest,optimized_search,0.8405,0.7449664429530202,0.7497020262216925,0.46,"{""class_weight"": null, ""max_depth"": 12, ""min_samples_leaf"": 3, ""n_estimators"": 300}",False,0.8545,
random_forest,optimized_search,0.84,0.7486932046642542,0.7397695669447756,0.47,"{""class_weight"": null, ""max_depth"": 12, ""min_samples_leaf"": 3, ""n_estimators"": 300}",False,0.8545,
random_forest,optimized_search,0.83925,0.7511219910240718,0.7314263011521652,0.48,"{""class_weight"": null, ""max_depth"": 12, ""min_samples_leaf"": 3, ""n_estimators"": 300}",False,0.8545,
random_forest,optimized_search,0.839375,0.7551781275890638,0.724274930472785,0.49,"{""class_weight"": null, ""max_depth"": 12, ""min_samples_leaf"": 3, ""n_estimators"": 300}",False,0.8545,
random_forest,optimized_search,0.839,0.759830866807611,0.7139451728247914,0.5,"{""class_weight"": null, ""max_depth"": 12, ""min_samples_leaf"": 3, ""n_estimators"": 300}",False,0.8545,
random_forest,optimized_search,0.8385,0.7650367806144526,0.7024235200635678,0.51,"{""class_weight"": null, ""max_depth"": 12, ""min_samples_leaf"": 3, ""n_estimators"": 300}",False,0.8545,
random_forest,optimized_search,0.8385,0.7704194260485652,0.6932856575288041,0.52,"{""class_weight"": null, ""max_depth"": 12, ""min_samples_leaf"": 3, ""n_estimators"": 300}",False,0.8545,
random_forest,optimized_search,0.838375,0.7759242560865645,0.6837504966229638,0.53,"{""class_weight"": null, ""max_depth"": 12, ""min_samples_leaf"": 3, ""n_estimators"": 300}",False,0.8545,
random_forest,optimized_search,0.83775,0.781005071461503,0.6730234406038935,0.54,"{""class_weight"": null, ""max_depth"": 12, ""min_samples_leaf"": 3, ""n_estimators"": 300}",False,0.8545,
random_forest,optimized_search,0.836125,0.784433962264151,0.6607071911005165,0.55,"{""class_weight"": null, ""max_depth"": 12, ""min_samples_leaf"": 3, ""n_estimators"": 300}",False,0.8545,
random_forest,optimized_search,0.834625,0.7898058252427185,0.646404449741756,0.56,"{""class_weight"": null, ""max_depth"": 12, ""min_samples_leaf"": 3, ""n_estimators"": 300}",False,0.8545,
random_forest,optimized_search,0.834625,0.7970149253731343,0.636471990464839,0.57,"{""class_weight"": null, ""max_depth"": 12, ""min_samples_leaf"": 3, ""n_estimators"": 300}",False,0.8545,
random_forest,optimized_search,0.8335,0.8033794162826421,0.6233611442193087,0.58,"{""class_weight"": null, ""max_depth"": 12, ""min_samples_leaf"": 3, ""n_estimators"": 300}",False,0.8545,
random_forest,optimized_search,0.8315,0.8068241469816273,0.610647596344855,0.59,"{""class_weight"": null, ""max_depth"": 12, ""min_samples_leaf"": 3, ""n_estimators"": 300}",False,0.8545,
random_forest,optimized_search,0.828875,0.8089343379978472,0.5971394517282479,0.6,"{""class_weight"": null, ""max_depth"": 12, ""min_samples_leaf"": 3, ""n_estimators"": 300}",False,0.8545,
random_forest,optimized_search,0.827625,0.815410199556541,0.5844259038537942,0.61,"{""class_weight"": null, ""max_depth"": 12, ""min_samples_leaf"": 3, ""n_estimators"": 300}",False,0.8545,
random_forest,optimized_search,0.82625,0.8221841052029731,0.5713150576082638,0.62,"{""class_weight"": null, ""max_depth"": 12, ""min_samples_leaf"": 3, ""n_estimators"": 300}",False,0.8545,
random_forest,optimized_search,0.8265,0.8299240210403273,0.5641636869288836,0.63,"{""class_weight"": null, ""max_depth"": 12, ""min_samples_leaf"": 3, ""n_estimators"": 300}",False,0.8545,
random_forest,optimized_search,0.82325,0.8316295850871919,0.5494636471990465,0.64,"{""class_weight"": null, ""max_depth"": 12, ""min_samples_leaf"": 3, ""n_estimators"": 300}",False,0.8545,
random_forest,optimized_search,0.821125,0.8343596059113301,0.5383392928088995,0.65,"{""class_weight"": null, ""max_depth"": 12, ""min_samples_leaf"": 3, ""n_estimators"": 300}",False,0.8545,
random_forest,optimized_search,0.819125,0.8377525252525253,0.5272149384187524,0.66,"{""class_weight"": null, ""max_depth"": 12, ""min_samples_leaf"": 3, ""n_estimators"": 300}",False,0.8545,
random_forest,optimized_search,0.8165,0.8394822006472492,0.5152959872864521,0.67,"{""class_weight"": null, ""max_depth"": 12, ""min_samples_leaf"": 3, ""n_estimators"": 300}",False,0.8545,
random_forest,optimized_search,0.81525,0.8470273881095525,0.5037743345252285,0.68,"{""class_weight"": null, ""max_depth"": 12, ""min_samples_leaf"": 3, ""n_estimators"": 300}",False,0.8545,
random_forest,optimized_search,0.81375,0.8524365133836651,0.4934445768772348,0.69,"{""class_weight"": null, ""max_depth"": 12, ""min_samples_leaf"": 3, ""n_estimators"": 300}",False,0.8545,
random_forest,optimized_search,0.811125,0.8557284299858557,0.4807310290027811,0.7,"{""class_weight"": null, ""max_depth"": 12, ""min_samples_leaf"": 3, ""n_estimators"": 300}",False,0.8545,
random_forest,optimized_search,0.80875,0.860482103725347,0.46801748112832736,0.71,"{""class_weight"": null, ""max_depth"": 12, ""min_samples_leaf"": 3, ""n_estimators"": 300}",False,0.8545,
random_forest,optimized_search,0.80475,0.8625664388762339,0.4513309495431069,0.72,"{""class_weight"": null, ""max_depth"": 12, ""min_samples_leaf"": 3, ""n_estimators"": 300}",False,0.8545,
random_forest,optimized_search,0.80175,0.8679841897233201,0.4362336114421931,0.73,"{""class_weight"": null, ""max_depth"": 12, ""min_samples_leaf"": 3, ""n_estimators"": 300}",False,0.8545,
random_forest,optimized_search,0.797375,0.8702479338842976,0.41835518474374256,0.74,"{""class_weight"": null, ""max_depth"": 12, ""min_samples_leaf"": 3, ""n_estimators"": 300}",False,0.8545,
random_forest,optimized_search,0.793625,0.877177700348432,0.4000794596742153,0.75,"{""class_weight"": null, ""max_depth"": 12, ""min_samples_leaf"": 3, ""n_estimators"": 300}",False,0.8545,
random_forest,optimized_search,0.79025,0.8810172570390554,0.38537941994437824,0.76,"{""class_weight"": null, ""max_depth"": 12, ""min_samples_leaf"": 3, ""n_estimators"": 300}",False,0.8545,
random_forest,optimized_search,0.785,0.8798856053384175,0.36670639650377435,0.77,"{""class_weight"": null, ""max_depth"": 12, ""min_samples_leaf"": 3, ""n_estimators"": 300}",False,0.8545,
random_forest,optimized_search,0.780875,0.8858585858585859,0.3484306714342471,0.78,"{""class_weight"": null, ""max_depth"": 12, ""min_samples_leaf"": 3, ""n_estimators"": 300}",False,0.8545,
random_forest,optimized_search,0.776,0.8835978835978836,0.3317441398490266,0.79,"{""class_weight"": null, ""max_depth"": 12, ""min_samples_leaf"": 3, ""n_estimators"": 300}",False,0.8545,
random_forest,optimized_search,0.77075,0.8850056369785795,0.3118792212951927,0.8,"{""class_weight"": null, ""max_depth"": 12, ""min_samples_leaf"": 3, ""n_estimators"": 300}",False,0.8545,
random_forest,optimized_search,0.765625,0.8914634146341464,0.29042510925705206,0.81,"{""class_weight"": null, ""max_depth"": 12, ""min_samples_leaf"": 3, ""n_estimators"": 300}",False,0.8545,
random_forest,optimized_search,0.7855,0.602718645806617,0.9336511720301947,0.2,"{""class_weight"": null, ""max_depth"": 12, ""min_samples_leaf"": 3, ""n_estimators"": 500}",False,0.8545,
random_forest,optimized_search,0.7915,0.6109223935197282,0.9288835915772745,0.21,"{""class_weight"": null, ""max_depth"": 12, ""min_samples_leaf"": 3, ""n_estimators"": 500}",False,0.8545,
random_forest,optimized_search,0.795125,0.6165693043016464,0.9225268176400476,0.22,"{""class_weight"": null, ""max_depth"": 12, ""min_samples_leaf"": 3, ""n_estimators"": 500}",False,0.8545,
random_forest,optimized_search,0.799125,0.6231060606060606,0.9149781485895908,0.23,"{""class_weight"": null, ""max_depth"": 12, ""min_samples_leaf"": 3, ""n_estimators"": 500}",False,0.8545,
random_forest,optimized_search,0.80425,0.6311000827129859,0.9094159713945172,0.24,"{""class_weight"": null, ""max_depth"": 12, ""min_samples_leaf"": 3, ""n_estimators"": 500}",False,0.8545,
random_forest,optimized_search,0.8075,0.6377220186072737,0.8986889153754469,0.25,"{""class_weight"": null, ""max_depth"": 12, ""min_samples_leaf"": 3, ""n_estimators"": 500}",False,0.8545,
random_forest,optimized_search,0.809125,0.6420780711825488,0.88875645609853,0.26,"{""class_weight"": null, ""max_depth"": 12, ""min_samples_leaf"": 3, ""n_estimators"": 500}",False,0.8545,
random_forest,optimized_search,0.81225,0.6480887073241902,0.8823996821613032,0.27,"{""class_weight"": null, ""max_depth"": 12, ""min_samples_leaf"": 3, ""n_estimators"": 500}",False,0.8545,
random_forest,optimized_search,0.8155,0.6542222222222223,0.8772348033373063,0.28,"{""class_weight"": null, ""max_depth"": 12, ""min_samples_leaf"": 3, ""n_estimators"": 500}",False,0.8545,
random_forest,optimized_search,0.818625,0.6606389391199518,0.8708780294000794,0.29,"{""class_weight"": null, ""max_depth"": 12, ""min_samples_leaf"": 3, ""n_estimators"": 500}",False,0.8545,
random_forest,optimized_search,0.82225,0.6668698567509905,0.8692888359157728,0.3,"{""class_weight"": null, ""max_depth"": 12, ""min_samples_leaf"": 3, ""n_estimators"": 500}",False,0.8545,
random_forest,optimized_search,0.823625,0.6706790123456791,0.8633293603496226,0.31,"{""class_weight"": null, ""max_depth"": 12, ""min_samples_leaf"": 3, ""n_estimators"": 500}",False,0.8545,
random_forest,optimized_search,0.827,0.6783128737802959,0.8561779896702424,0.32,"{""class_weight"": null, ""max_depth"": 12, ""min_samples_leaf"": 3, ""n_estimators"": 500}",False,0.8545,
random_forest,optimized_search,0.830125,0.6854580397181294,0.8502185141040922,0.33,"{""class_weight"": null, ""max_depth"": 12, ""min_samples_leaf"": 3, ""n_estimators"": 500}",False,0.8545,
random_forest,optimized_search,0.831375,0.6898569570871261,0.843067143424712,0.34,"{""class_weight"": null, ""max_depth"": 12, ""min_samples_leaf"": 3, ""n_estimators"": 500}",False,0.8545,
random_forest,optimized_search,0.832625,0.6951623591782637,0.8335319825188717,0.35,"{""class_weight"": null, ""max_depth"": 12, ""min_samples_leaf"": 3, ""n_estimators"": 500}",False,0.8545,
random_forest,optimized_search,0.833375,0.6995954146999326,0.824394119984108,0.36,"{""class_weight"": null, ""max_depth"": 12, ""min_samples_leaf"": 3, ""n_estimators"": 500}",False,0.8545,
random_forest,optimized_search,0.833125,0.7026748971193416,0.8140643623361145,0.37,"{""class_weight"": null, ""max_depth"": 12, ""min_samples_leaf"": 3, ""n_estimators"": 500}",False,0.8545,
random_forest,optimized_search,0.835,0.7094854742737137,0.8053237981724275,0.38,"{""class_weight"": null, ""max_depth"": 12, ""min_samples_leaf"": 3, ""n_estimators"": 500}",False,0.8545,
random_forest,optimized_search,0.83675,0.7150976909413854,0.799761620977354,0.39,"{""class_weight"": null, ""max_depth"": 12, ""min_samples_leaf"": 3, ""n_estimators"": 500}",False,0.8545,
random_forest,optimized_search,0.837875,0.720216606498195,0.7926102502979738,0.4,"{""class_weight"": null, ""max_depth"": 12, ""min_samples_leaf"": 3, ""n_estimators"": 500}",False,0.8545,
random_forest,optimized_search,0.8395,0.7260726072607261,0.7866507747318237,0.41,"{""class_weight"": null, ""max_depth"": 12, ""min_samples_leaf"": 3, ""n_estimators"": 500}",False,0.8545,
random_forest,optimized_search,0.840125,0.7299405646359584,0.7806912991656734,0.42,"{""class_weight"": null, ""max_depth"": 12, ""min_samples_leaf"": 3, ""n_estimators"": 500}",False,0.8545,
random_forest,optimized_search,0.840125,0.7334087481146304,0.7727453317441398,0.43,"{""class_weight"": null, ""max_depth"": 12, ""min_samples_leaf"": 3, ""n_estimators"": 500}",False,0.8545,
random_forest,optimized_search,0.84025,0.7372654155495979,0.7647993643226063,0.44,"{""class_weight"": null, ""max_depth"": 12, ""min_samples_leaf"": 3, ""n_estimators"": 500}",False,0.8545,
random_forest,optimized_search,0.84075,0.7413592233009709,0.7584425903853794,0.45,"{""class_weight"": null, ""max_depth"": 12, ""min_samples_leaf"": 3, ""n_estimators"": 500}",False,0.8545,
random_forest,optimized_search,0.839625,0.7446471054718478,0.7461263408820024,0.46,"{""class_weight"": null, ""max_depth"": 12, ""min_samples_leaf"": 3, ""n_estimators"": 500}",False,0.8545,
random_forest,optimized_search,0.84025,0.7486953030911281,0.7409614620580056,0.47,"{""class_weight"": null, ""max_depth"": 12, ""min_samples_leaf"": 3, ""n_estimators"": 500}",False,0.8545,
random_forest,optimized_search,0.83925,0.751532488761749,0.7306317044100119,0.48,"{""class_weight"": null, ""max_depth"": 12, ""min_samples_leaf"": 3, ""n_estimators"": 500}",False,0.8545,
random_forest,optimized_search,0.83975,0.7556935817805382,0.7250695272149384,0.49,"{""class_weight"": null, ""max_depth"": 12, ""min_samples_leaf"": 3, ""n_estimators"": 500}",False,0.8545,
random_forest,optimized_search,0.83875,0.7602885023334748,0.7119586809694081,0.5,"{""class_weight"": null, ""max_depth"": 12, ""min_samples_leaf"": 3, ""n_estimators"": 500}",False,0.8545,
random_forest,optimized_search,0.837625,0.764093668690373,0.7000397298371077,0.51,"{""class_weight"": null, ""max_depth"": 12, ""min_samples_leaf"": 3, ""n_estimators"": 500}",False,0.8545,
random_forest,optimized_search,0.8385,0.7706584180291648,0.6928883591577275,0.52,"{""class_weight"": null, ""max_depth"": 12, ""min_samples_leaf"": 3, ""n_estimators"": 500}",False,0.8545,
random_forest,optimized_search,0.838375,0.7754275427542754,0.6845450933651172,0.53,"{""class_weight"": null, ""max_depth"": 12, ""min_samples_leaf"": 3, ""n_estimators"": 500}",False,0.8545,
random_forest,optimized_search,0.839375,0.7841328413284133,0.6754072308303536,0.54,"{""class_weight"": null, ""max_depth"": 12, ""min_samples_leaf"": 3, ""n_estimators"": 500}",False,0.8545,
random_forest,optimized_search,0.835625,0.7842951750236519,0.6587206992451331,0.55,"{""class_weight"": null, ""max_depth"": 12, ""min_samples_leaf"": 3, ""n_estimators"": 500}",False,0.8545,
random_forest,optimized_search,0.834875,0.7894482090997096,0.6479936432260628,0.56,"{""class_weight"": null, ""max_depth"": 12, ""min_samples_leaf"": 3, ""n_estimators"": 500}",False,0.8545,
random_forest,optimized_search,0.833625,0.7947316103379721,0.635280095351609,0.57,"{""class_weight"": null, ""max_depth"": 12, ""min_samples_leaf"": 3, ""n_estimators"": 500}",False,0.8545,
random_forest,optimized_search,0.833125,0.8024564994882293,0.6229638458482321,0.58,"{""class_weight"": null, ""max_depth"": 12, ""min_samples_leaf"": 3, ""n_estimators"": 500}",False,0.8545,
random_forest,optimized_search,0.83125,0.8069437138348238,0.609455701231625,0.59,"{""class_weight"": null, ""max_depth"": 12, ""min_samples_leaf"": 3, ""n_estimators"": 500}",False,0.8545,
random_forest,optimized_search,0.828875,0.8102702702702703,0.5955502582439413,0.6,"{""class_weight"": null, ""max_depth"": 12, ""min_samples_leaf"": 3, ""n_estimators"": 500}",False,0.8545,
random_forest,optimized_search,0.827,0.8155988857938719,0.5816448152562574,0.61,"{""class_weight"": null, ""max_depth"": 12, ""min_samples_leaf"": 3, ""n_estimators"": 500}",False,0.8545,
random_forest,optimized_search,0.82625,0.8210826210826211,0.5725069527214939,0.62,"{""class_weight"": null, ""max_depth"": 12, ""min_samples_leaf"": 3, ""n_estimators"": 500}",False,0.8545,
random_forest,optimized_search,0.8255,0.8279695728496197,0.5621771950735002,0.63,"{""class_weight"": null, ""max_depth"": 12, ""min_samples_leaf"": 3, ""n_estimators"": 500}",False,0.8545,
random_forest,optimized_search,0.823875,0.8317365269461078,0.5518474374255066,0.64,"{""class_weight"": null, ""max_depth"": 12, ""min_samples_leaf"": 3, ""n_estimators"": 500}",False,0.8545,
random_forest,optimized_search,0.822625,0.8372235872235873,0.5415176797775129,0.65,"{""class_weight"": null, ""max_depth"": 12, ""min_samples_leaf"": 3, ""n_estimators"": 500}",False,0.8545,
random_forest,optimized_search,0.81975,0.8391167192429022,0.5284068335319825,0.66,"{""class_weight"": null, ""max_depth"": 12, ""min_samples_leaf"": 3, ""n_estimators"": 500}",False,0.8545,
random_forest,optimized_search,0.817375,0.8428571428571429,0.5156932856575288,0.67,"{""class_weight"": null, ""max_depth"": 12, ""min_samples_leaf"": 3, ""n_estimators"": 500}",False,0.8545,
random_forest,optimized_search,0.8145,0.844103930712858,0.5033770361541517,0.68,"{""class_weight"": null, ""max_depth"": 12, ""min_samples_leaf"": 3, ""n_estimators"": 500}",False,0.8545,
random_forest,optimized_search,0.814125,0.8512960436562074,0.4958283671036949,0.69,"{""class_weight"": null, ""max_depth"": 12, ""min_samples_leaf"": 3, ""n_estimators"": 500}",False,0.8545,
random_forest,optimized_search,0.8115,0.8545326774420239,0.48311481922924115,0.7,"{""class_weight"": null, ""max_depth"": 12, ""min_samples_leaf"": 3, ""n_estimators"": 500}",False,0.8545,
random_forest,optimized_search,0.808375,0.8596491228070176,0.46722288438617404,0.71,"{""class_weight"": null, ""max_depth"": 12, ""min_samples_leaf"": 3, ""n_estimators"": 500}",False,0.8545,
random_forest,optimized_search,0.80475,0.8614685844057532,0.45212554628526025,0.72,"{""class_weight"": null, ""max_depth"": 12, ""min_samples_leaf"": 3, ""n_estimators"": 500}",False,0.8545,
random_forest,optimized_search,0.800125,0.8648648648648649,0.4322606277314263,0.73,"{""class_weight"": null, ""max_depth"": 12, ""min_samples_leaf"": 3, ""n_estimators"": 500}",False,0.8545,
random_forest,optimized_search,0.798125,0.8739635157545605,0.4187524831148192,0.74,"{""class_weight"": null, ""max_depth"": 12, ""min_samples_leaf"": 3, ""n_estimators"": 500}",False,0.8545,
random_forest,optimized_search,0.795125,0.8804159445407279,0.4036551450139054,0.75,"{""class_weight"": null, ""max_depth"": 12, ""min_samples_leaf"": 3, ""n_estimators"": 500}",False,0.8545,
random_forest,optimized_search,0.790125,0.8802177858439202,0.38537941994437824,0.76,"{""class_weight"": null, ""max_depth"": 12, ""min_samples_leaf"": 3, ""n_estimators"": 500}",False,0.8545,
random_forest,optimized_search,0.785375,0.8831417624521073,0.36630909813269763,0.77,"{""class_weight"": null, ""max_depth"": 12, ""min_samples_leaf"": 3, ""n_estimators"": 500}",False,0.8545,
random_forest,optimized_search,0.780375,0.8830645161290323,0.34803337306317045,0.78,"{""class_weight"": null, ""max_depth"": 12, ""min_samples_leaf"": 3, ""n_estimators"": 500}",False,0.8545,
random_forest,optimized_search,0.7755,0.8855614973262033,0.3289630512514899,0.79,"{""class_weight"": null, ""max_depth"": 12, ""min_samples_leaf"": 3, ""n_estimators"": 500}",False,0.8545,
random_forest,optimized_search,0.770375,0.8872437357630979,0.3094954310687326,0.8,"{""class_weight"": null, ""max_depth"": 12, ""min_samples_leaf"": 3, ""n_estimators"": 500}",False,0.8545,
random_forest,optimized_search,0.764875,0.8897058823529411,0.28843861740166865,0.81,"{""class_weight"": null, ""max_depth"": 12, ""min_samples_leaf"": 3, ""n_estimators"": 500}",False,0.8545,
random_forest,optimized_search,0.788,0.6078276858418702,0.9193484306714342,0.2,"{""class_weight"": ""balanced_subsample"", ""max_depth"": null, ""min_samples_leaf"": 1, ""n_estimators"": 300}",False,0.8545,
random_forest,optimized_search,0.792,0.6143738267632073,0.9102105681366707,0.21,"{""class_weight"": ""balanced_subsample"", ""max_depth"": null, ""min_samples_leaf"": 1, ""n_estimators"": 300}",False,0.8545,
random_forest,optimized_search,0.794875,0.6197375615090214,0.9006754072308304,0.22,"{""class_weight"": ""balanced_subsample"", ""max_depth"": null, ""min_samples_leaf"": 1, ""n_estimators"": 300}",False,0.8545,
random_forest,optimized_search,0.79975,0.6271186440677966,0.8967024235200636,0.23,"{""class_weight"": ""balanced_subsample"", ""max_depth"": null, ""min_samples_leaf"": 1, ""n_estimators"": 300}",False,0.8545,
random_forest,optimized_search,0.805,0.6353606789250353,0.8923321414382201,0.24,"{""class_weight"": ""balanced_subsample"", ""max_depth"": null, ""min_samples_leaf"": 1, ""n_estimators"": 300}",False,0.8545,
random_forest,optimized_search,0.80875,0.6420143884892087,0.88637266587207,0.25,"{""class_weight"": ""balanced_subsample"", ""max_depth"": null, ""min_samples_leaf"": 1, ""n_estimators"": 300}",False,0.8545,
random_forest,optimized_search,0.813,0.6494875549048317,0.8812077870480731,0.26,"{""class_weight"": ""balanced_subsample"", ""max_depth"": null, ""min_samples_leaf"": 1, ""n_estimators"": 300}",False,0.8545,
random_forest,optimized_search,0.815125,0.6548329355608592,0.8720699245133094,0.27,"{""class_weight"": ""balanced_subsample"", ""max_depth"": null, ""min_samples_leaf"": 1, ""n_estimators"": 300}",False,0.8545,
random_forest,optimized_search,0.816375,0.6588841722255913,0.8633293603496226,0.28,"{""class_weight"": ""balanced_subsample"", ""max_depth"": null, ""min_samples_leaf"": 1, ""n_estimators"": 300}",False,0.8545,
random_forest,optimized_search,0.818625,0.6647095179233622,0.8545887961859356,0.29,"{""class_weight"": ""balanced_subsample"", ""max_depth"": null, ""min_samples_leaf"": 1, ""n_estimators"": 300}",False,0.8545,
random_forest,optimized_search,0.82,0.6697132051686101,0.844259038537942,0.3,"{""class_weight"": ""balanced_subsample"", ""max_depth"": null, ""min_samples_leaf"": 1, ""n_estimators"": 300}",False,0.8545,
random_forest,optimized_search,0.821375,0.6742472773862909,0.8363130711164084,0.31,"{""class_weight"": ""balanced_subsample"", ""max_depth"": null, ""min_samples_leaf"": 1, ""n_estimators"": 300}",False,0.8545,
random_forest,optimized_search,0.822375,0.6779220779220779,0.8295589988081049,0.32,"{""class_weight"": ""balanced_subsample"", ""max_depth"": null, ""min_samples_leaf"": 1, ""n_estimators"": 300}",False,0.8545,
random_forest,optimized_search,0.824625,0.6840713813615333,0.8224076281287247,0.33,"{""class_weight"": ""balanced_subsample"", ""max_depth"": null, ""min_samples_leaf"": 1, ""n_estimators"": 300}",False,0.8545,
random_forest,optimized_search,0.824625,0.6860387441549766,0.8160508541914978,0.34,"{""class_weight"": ""balanced_subsample"", ""max_depth"": null, ""min_samples_leaf"": 1, ""n_estimators"": 300}",False,0.8545,
random_forest,optimized_search,0.82525,0.6902414144848691,0.8065156932856575,0.35,"{""class_weight"": ""balanced_subsample"", ""max_depth"": null, ""min_samples_leaf"": 1, ""n_estimators"": 300}",False,0.8545,
random_forest,optimized_search,0.82625,0.6942433643571182,0.8001589193484306,0.36,"{""class_weight"": ""balanced_subsample"", ""max_depth"": null, ""min_samples_leaf"": 1, ""n_estimators"": 300}",False,0.8545,
random_forest,optimized_search,0.827875,0.6993006993006993,0.7945967421533572,0.37,"{""class_weight"": ""balanced_subsample"", ""max_depth"": null, ""min_samples_leaf"": 1, ""n_estimators"": 300}",False,0.8545,
random_forest,optimized_search,0.828625,0.7034801136363636,0.7870480731029003,0.38,"{""class_weight"": ""balanced_subsample"", ""max_depth"": null, ""min_samples_leaf"": 1, ""n_estimators"": 300}",False,0.8545,
random_forest,optimized_search,0.82975,0.7081081081081081,0.7806912991656734,0.39,"{""class_weight"": ""balanced_subsample"", ""max_depth"": null, ""min_samples_leaf"": 1, ""n_estimators"": 300}",False,0.8545,
random_forest,optimized_search,0.829,0.7099013518450858,0.7719507350019865,0.4,"{""class_weight"": ""balanced_subsample"", ""max_depth"": null, ""min_samples_leaf"": 1, ""n_estimators"": 300}",False,0.8545,
random_forest,optimized_search,0.828,0.7123185708969111,0.7604290822407628,0.41,"{""class_weight"": ""balanced_subsample"", ""max_depth"": null, ""min_samples_leaf"": 1, ""n_estimators"": 300}",False,0.8545,
random_forest,optimized_search,0.82925,0.7167608286252354,0.7560588001589194,0.42,"{""class_weight"": ""balanced_subsample"", ""max_depth"": null, ""min_samples_leaf"": 1, ""n_estimators"": 300}",False,0.8545,
random_forest,optimized_search,0.830375,0.7223926380368099,0.7485101311084624,0.43,"{""class_weight"": ""balanced_subsample"", ""max_depth"": null, ""min_samples_leaf"": 1, ""n_estimators"": 300}",False,0.8545,
random_forest,optimized_search,0.831125,0.7279124315871774,0.7397695669447756,0.44,"{""class_weight"": ""balanced_subsample"", ""max_depth"": null, ""min_samples_leaf"": 1, ""n_estimators"": 300}",False,0.8545,
random_forest,optimized_search,0.831125,0.7328274760383386,0.7290425109257052,0.45,"{""class_weight"": ""balanced_subsample"", ""max_depth"": null, ""min_samples_leaf"": 1, ""n_estimators"": 300}",False,0.8545,
random_forest,optimized_search,0.8315,0.7371196754563895,0.721891140246325,0.46,"{""class_weight"": ""balanced_subsample"", ""max_depth"": null, ""min_samples_leaf"": 1, ""n_estimators"": 300}",False,0.8545,
random_forest,optimized_search,0.832625,0.743993371996686,0.7135478744537147,0.47,"{""class_weight"": ""balanced_subsample"", ""max_depth"": null, ""min_samples_leaf"": 1, ""n_estimators"": 300}",False,0.8545,
random_forest,optimized_search,0.8325,0.7467505241090147,0.7075883988875645,0.48,"{""class_weight"": ""balanced_subsample"", ""max_depth"": null, ""min_samples_leaf"": 1, ""n_estimators"": 300}",False,0.8545,
random_forest,optimized_search,0.831875,0.7502134927412468,0.6980532379817243,0.49,"{""class_weight"": ""balanced_subsample"", ""max_depth"": null, ""min_samples_leaf"": 1, ""n_estimators"": 300}",False,0.8545,
random_forest,optimized_search,0.830125,0.7519582245430809,0.6865315852205006,0.5,"{""class_weight"": ""balanced_subsample"", ""max_depth"": null, ""min_samples_leaf"": 1, ""n_estimators"": 300}",False,0.8545,
random_forest,optimized_search,0.829125,0.7537511032656664,0.678585617798967,0.51,"{""class_weight"": ""balanced_subsample"", ""max_depth"": null, ""min_samples_leaf"": 1, ""n_estimators"": 300}",False,0.8545,
random_forest,optimized_search,0.829875,0.7594254937163375,0.6722288438617402,0.52,"{""class_weight"": ""balanced_subsample"", ""max_depth"": null, ""min_samples_leaf"": 1, ""n_estimators"": 300}",False,0.8545,
random_forest,optimized_search,0.83025,0.7637687756030951,0.6666666666666666,0.53,"{""class_weight"": ""balanced_subsample"", ""max_depth"": null, ""min_samples_leaf"": 1, ""n_estimators"": 300}",False,0.8545,
random_forest,optimized_search,0.831,0.7708042770804278,0.6587206992451331,0.54,"{""class_weight"": ""balanced_subsample"", ""max_depth"": null, ""min_samples_leaf"": 1, ""n_estimators"": 300}",False,0.8545,
random_forest,optimized_search,0.829875,0.7747148288973384,0.6475963448549861,0.55,"{""class_weight"": ""balanced_subsample"", ""max_depth"": null, ""min_samples_leaf"": 1, ""n_estimators"": 300}",False,0.8545,
random_forest,optimized_search,0.829375,0.7787996127783156,0.6392530790623758,0.56,"{""class_weight"": ""balanced_subsample"", ""max_depth"": null, ""min_samples_leaf"": 1, ""n_estimators"": 300}",False,0.8545,
random_forest,optimized_search,0.8275,0.7812963879267689,0.6273341279300755,0.57,"{""class_weight"": ""balanced_subsample"", ""max_depth"": null, ""min_samples_leaf"": 1, ""n_estimators"": 300}",False,0.8545,
random_forest,optimized_search,0.8255,0.785823559408465,0.6122367898291617,0.58,"{""class_weight"": ""balanced_subsample"", ""max_depth"": null, ""min_samples_leaf"": 1, ""n_estimators"": 300}",False,0.8545,
random_forest,optimized_search,0.824125,0.7887617065556711,0.6023043305522447,0.59,"{""class_weight"": ""balanced_subsample"", ""max_depth"": null, ""min_samples_leaf"": 1, ""n_estimators"": 300}",False,0.8545,
random_forest,optimized_search,0.821625,0.7898936170212766,0.5899880810488677,0.6,"{""class_weight"": ""balanced_subsample"", ""max_depth"": null, ""min_samples_leaf"": 1, ""n_estimators"": 300}",False,0.8545,
random_forest,optimized_search,0.820625,0.7930660888407367,0.5816448152562574,0.61,"{""class_weight"": ""balanced_subsample"", ""max_depth"": null, ""min_samples_leaf"": 1, ""n_estimators"": 300}",False,0.8545,
random_forest,optimized_search,0.817625,0.7938888888888889,0.5677393722685737,0.62,"{""class_weight"": ""balanced_subsample"", ""max_depth"": null, ""min_samples_leaf"": 1, ""n_estimators"": 300}",False,0.8545,
random_forest,optimized_search,0.81525,0.7943342776203967,0.5570123162495034,0.63,"{""class_weight"": ""balanced_subsample"", ""max_depth"": null, ""min_samples_leaf"": 1, ""n_estimators"": 300}",False,0.8545,
random_forest,optimized_search,0.81475,0.7982708933717579,0.5502582439411998,0.64,"{""class_weight"": ""balanced_subsample"", ""max_depth"": null, ""min_samples_leaf"": 1, ""n_estimators"": 300}",False,0.8545,
random_forest,optimized_search,0.81325,0.8010594467333726,0.5407230830353595,0.65,"{""class_weight"": ""balanced_subsample"", ""max_depth"": null, ""min_samples_leaf"": 1, ""n_estimators"": 300}",False,0.8545,
random_forest,optimized_search,0.811375,0.8054545454545454,0.5280095351609059,0.66,"{""class_weight"": ""balanced_subsample"", ""max_depth"": null, ""min_samples_leaf"": 1, ""n_estimators"": 300}",False,0.8545,
random_forest,optimized_search,0.808625,0.8062111801242235,0.5156932856575288,0.67,"{""class_weight"": ""balanced_subsample"", ""max_depth"": null, ""min_samples_leaf"": 1, ""n_estimators"": 300}",False,0.8545,
random_forest,optimized_search,0.807,0.8108626198083068,0.5041716328963052,0.68,"{""class_weight"": ""balanced_subsample"", ""max_depth"": null, ""min_samples_leaf"": 1, ""n_estimators"": 300}",False,0.8545,
random_forest,optimized_search,0.8065,0.8181221273801708,0.4950337703615415,0.69,"{""class_weight"": ""balanced_subsample"", ""max_depth"": null, ""min_samples_leaf"": 1, ""n_estimators"": 300}",False,0.8545,
random_forest,optimized_search,0.803375,0.8193504736129905,0.48112832737385774,0.7,"{""class_weight"": ""balanced_subsample"", ""max_depth"": null, ""min_samples_leaf"": 1, ""n_estimators"": 300}",False,0.8545,
random_forest,optimized_search,0.801875,0.8240611961057024,0.47079856972586415,0.71,"{""class_weight"": ""balanced_subsample"", ""max_depth"": null, ""min_samples_leaf"": 1, ""n_estimators"": 300}",False,0.8545,
random_forest,optimized_search,0.79875,0.8255563531945441,0.4568931267381804,0.72,"{""class_weight"": ""balanced_subsample"", ""max_depth"": null, ""min_samples_leaf"": 1, ""n_estimators"": 300}",False,0.8545,
random_forest,optimized_search,0.796625,0.8262463343108505,0.44775526420341677,0.73,"{""class_weight"": ""balanced_subsample"", ""max_depth"": null, ""min_samples_leaf"": 1, ""n_estimators"": 300}",False,0.8545,
random_forest,optimized_search,0.79425,0.8291761148904006,0.4358363130711164,0.74,"{""class_weight"": ""balanced_subsample"", ""max_depth"": null, ""min_samples_leaf"": 1, ""n_estimators"": 300}",False,0.8545,
random_forest,optimized_search,0.791,0.8334648776637726,0.4195470798569726,0.75,"{""class_weight"": ""balanced_subsample"", ""max_depth"": null, ""min_samples_leaf"": 1, ""n_estimators"": 300}",False,0.8545,
random_forest,optimized_search,0.78775,0.838150289017341,0.40325784664282877,0.76,"{""class_weight"": ""balanced_subsample"", ""max_depth"": null, ""min_samples_leaf"": 1, ""n_estimators"": 300}",False,0.8545,
random_forest,optimized_search,0.784625,0.8422413793103448,0.388160508541915,0.77,"{""class_weight"": ""balanced_subsample"", ""max_depth"": null, ""min_samples_leaf"": 1, ""n_estimators"": 300}",False,0.8545,
random_forest,optimized_search,0.782875,0.8482142857142857,0.37743345252284466,0.78,"{""class_weight"": ""balanced_subsample"", ""max_depth"": null, ""min_samples_leaf"": 1, ""n_estimators"": 300}",False,0.8545,
random_forest,optimized_search,0.78075,0.8503213957759412,0.3678982916170044,0.79,"{""class_weight"": ""balanced_subsample"", ""max_depth"": null, ""min_samples_leaf"": 1, ""n_estimators"": 300}",False,0.8545,
random_forest,optimized_search,0.777125,0.8488593155893536,0.354787445371474,0.8,"{""class_weight"": ""balanced_subsample"", ""max_depth"": null, ""min_samples_leaf"": 1, ""n_estimators"": 300}",False,0.8545,
random_forest,optimized_search,0.77475,0.8571428571428571,0.34088200238379024,0.81,"{""class_weight"": ""balanced_subsample"", ""max_depth"": null, ""min_samples_leaf"": 1, ""n_estimators"": 300}",False,0.8545,
random_forest,optimized_search,0.788,0.608054751250329,0.9177592371871275,0.2,"{""class_weight"": ""balanced_subsample"", ""max_depth"": null, ""min_samples_leaf"": 1, ""n_estimators"": 500}",False,0.8545,
random_forest,optimized_search,0.79375,0.6165635923635386,0.911005164878824,0.21,"{""class_weight"": ""balanced_subsample"", ""max_depth"": null, ""min_samples_leaf"": 1, ""n_estimators"": 500}",False,0.8545,
random_forest,optimized_search,0.797375,0.6221374045801527,0.9066348827969806,0.22,"{""class_weight"": ""balanced_subsample"", ""max_depth"": null, ""min_samples_leaf"": 1, ""n_estimators"": 500}",False,0.8545,
random_forest,optimized_search,0.801375,0.6287458379578247,0.9002781088597537,0.23,"{""class_weight"": ""balanced_subsample"", ""max_depth"": null, ""min_samples_leaf"": 1, ""n_estimators"": 500}",False,0.8545,
random_forest,optimized_search,0.806875,0.6375212224108658,0.8951132300357568,0.24,"{""class_weight"": ""balanced_subsample"", ""max_depth"": null, ""min_samples_leaf"": 1, ""n_estimators"": 500}",False,0.8545,
random_forest,optimized_search,0.809,0.6419753086419753,0.8883591577274533,0.25,"{""class_weight"": ""balanced_subsample"", ""max_depth"": null, ""min_samples_leaf"": 1, ""n_estimators"": 500}",False,0.8545,
random_forest,optimized_search,0.810375,0.6461133839859731,0.8784266984505363,0.26,"{""class_weight"": ""balanced_subsample"", ""max_depth"": null, ""min_samples_leaf"": 1, ""n_estimators"": 500}",False,0.8545,
random_forest,optimized_search,0.813375,0.6520190023752969,0.8724672228843862,0.27,"{""class_weight"": ""balanced_subsample"", ""max_depth"": null, ""min_samples_leaf"": 1, ""n_estimators"": 500}",False,0.8545,
random_forest,optimized_search,0.817375,0.6603888213851762,0.8637266587206992,0.28,"{""class_weight"": ""balanced_subsample"", ""max_depth"": null, ""min_samples_leaf"": 1, ""n_estimators"": 500}",False,0.8545,
random_forest,optimized_search,0.8185,0.6645041705282669,0.8545887961859356,0.29,"{""class_weight"": ""balanced_subsample"", ""max_depth"": null, ""min_samples_leaf"": 1, ""n_estimators"": 500}",False,0.8545,
random_forest,optimized_search,0.821125,0.6705402010050251,0.8482320222487088,0.3,"{""class_weight"": ""balanced_subsample"", ""max_depth"": null, ""min_samples_leaf"": 1, ""n_estimators"": 500}",False,0.8545,
random_forest,optimized_search,0.822875,0.6752708731676227,0.841875248311482,0.31,"{""class_weight"": ""balanced_subsample"", ""max_depth"": null, ""min_samples_leaf"": 1, ""n_estimators"": 500}",False,0.8545,
random_forest,optimized_search,0.822875,0.6777634130575307,0.833134684147795,0.32,"{""class_weight"": ""balanced_subsample"", ""max_depth"": null, ""min_samples_leaf"": 1, ""n_estimators"": 500}",False,0.8545,
random_forest,optimized_search,0.8235,0.6813258943222842,0.8247914183551848,0.33,"{""class_weight"": ""balanced_subsample"", ""max_depth"": null, ""min_samples_leaf"": 1, ""n_estimators"": 500}",False,0.8545,
random_forest,optimized_search,0.824875,0.6864973262032086,0.8160508541914978,0.34,"{""class_weight"": ""balanced_subsample"", ""max_depth"": null, ""min_samples_leaf"": 1, ""n_estimators"": 500}",False,0.8545,
random_forest,optimized_search,0.826375,0.6913161465400272,0.8096940802542709,0.35,"{""class_weight"": ""balanced_subsample"", ""max_depth"": null, ""min_samples_leaf"": 1, ""n_estimators"": 500}",False,0.8545,
random_forest,optimized_search,0.82775,0.6960413080895008,0.8033373063170441,0.36,"{""class_weight"": ""balanced_subsample"", ""max_depth"": null, ""min_samples_leaf"": 1, ""n_estimators"": 500}",False,0.8545,
random_forest,optimized_search,0.827,0.6982849142457123,0.7926102502979738,0.37,"{""class_weight"": ""balanced_subsample"", ""max_depth"": null, ""min_samples_leaf"": 1, ""n_estimators"": 500}",False,0.8545,
random_forest,optimized_search,0.82825,0.7031638819765375,0.7858561779896702,0.38,"{""class_weight"": ""balanced_subsample"", ""max_depth"": null, ""min_samples_leaf"": 1, ""n_estimators"": 500}",False,0.8545,
random_forest,optimized_search,0.82875,0.7072641850379472,0.77751291219706,0.39,"{""class_weight"": ""balanced_subsample"", ""max_depth"": null, ""min_samples_leaf"": 1, ""n_estimators"": 500}",False,0.8545,
random_forest,optimized_search,0.829,0.7108256880733945,0.7695669447755265,0.4,"{""class_weight"": ""balanced_subsample"", ""max_depth"": null, ""min_samples_leaf"": 1, ""n_estimators"": 500}",False,0.8545,
random_forest,optimized_search,0.8285,0.7127461910070606,0.7620182757250695,0.41,"{""class_weight"": ""balanced_subsample"", ""max_depth"": null, ""min_samples_leaf"": 1, ""n_estimators"": 500}",False,0.8545,
random_forest,optimized_search,0.829375,0.7175226586102719,0.7548669050456893,0.42,"{""class_weight"": ""balanced_subsample"", ""max_depth"": null, ""min_samples_leaf"": 1, ""n_estimators"": 500}",False,0.8545,
random_forest,optimized_search,0.82925,0.7212610534409842,0.745331744139849,0.43,"{""class_weight"": ""balanced_subsample"", ""max_depth"": null, ""min_samples_leaf"": 1, ""n_estimators"": 500}",False,0.8545,
random_forest,optimized_search,0.830125,0.7265258215962441,0.7377830750893921,0.44,"{""class_weight"": ""balanced_subsample"", ""max_depth"": null, ""min_samples_leaf"": 1, ""n_estimators"": 500}",False,0.8545,
random_forest,optimized_search,0.8315,0.7333333333333333,0.7298371076678586,0.45,"{""class_weight"": ""balanced_subsample"", ""max_depth"": null, ""min_samples_leaf"": 1, ""n_estimators"": 500}",False,0.8545,
random_forest,optimized_search,0.832,0.7377381434941224,0.723083035359555,0.46,"{""class_weight"": ""balanced_subsample"", ""max_depth"": null, ""min_samples_leaf"": 1, ""n_estimators"": 500}",False,0.8545,
random_forest,optimized_search,0.83225,0.7420683971981871,0.7155343663090982,0.47,"{""class_weight"": ""balanced_subsample"", ""max_depth"": null, ""min_samples_leaf"": 1, ""n_estimators"": 500}",False,0.8545,
random_forest,optimized_search,0.831625,0.7462121212121212,0.7044100119189511,0.48,"{""class_weight"": ""balanced_subsample"", ""max_depth"": null, ""min_samples_leaf"": 1, ""n_estimators"": 500}",False,0.8545,
random_forest,optimized_search,0.831375,0.7504288164665524,0.6952721493841876,0.49,"{""class_weight"": ""balanced_subsample"", ""max_depth"": null, ""min_samples_leaf"": 1, ""n_estimators"": 500}",False,0.8545,
random_forest,optimized_search,0.8305,0.752062527138515,0.6881207787048073,0.5,"{""class_weight"": ""balanced_subsample"", ""max_depth"": null, ""min_samples_leaf"": 1, ""n_estimators"": 500}",False,0.8545,
random_forest,optimized_search,0.831875,0.758833922261484,0.6825586015097338,0.51,"{""class_weight"": ""balanced_subsample"", ""max_depth"": null, ""min_samples_leaf"": 1, ""n_estimators"": 500}",False,0.8545,
random_forest,optimized_search,0.832625,0.7646001796945193,0.6762018275725069,0.52,"{""class_weight"": ""balanced_subsample"", ""max_depth"": null, ""min_samples_leaf"": 1, ""n_estimators"": 500}",False,0.8545,
random_forest,optimized_search,0.831375,0.7671546203110704,0.66626936829559,0.53,"{""class_weight"": ""balanced_subsample"", ""max_depth"": null, ""min_samples_leaf"": 1, ""n_estimators"": 500}",False,0.8545,
random_forest,optimized_search,0.83025,0.7709209911173446,0.655145013905443,0.54,"{""class_weight"": ""balanced_subsample"", ""max_depth"": null, ""min_samples_leaf"": 1, ""n_estimators"": 500}",False,0.8545,
random_forest,optimized_search,0.829875,0.776555023923445,0.6448152562574494,0.55,"{""class_weight"": ""balanced_subsample"", ""max_depth"": null, ""min_samples_leaf"": 1, ""n_estimators"": 500}",False,0.8545,
random_forest,optimized_search,0.829,0.7806546165119688,0.6348827969805324,0.56,"{""class_weight"": ""balanced_subsample"", ""max_depth"": null, ""min_samples_leaf"": 1, ""n_estimators"": 500}",False,0.8545,
random_forest,optimized_search,0.82675,0.7828914457228614,0.621771950735002,0.57,"{""class_weight"": ""balanced_subsample"", ""max_depth"": null, ""min_samples_leaf"": 1, ""n_estimators"": 500}",False,0.8545,
random_forest,optimized_search,0.825625,0.7868098159509203,0.6114421930870083,0.58,"{""class_weight"": ""balanced_subsample"", ""max_depth"": null, ""min_samples_leaf"": 1, ""n_estimators"": 500}",False,0.8545,
random_forest,optimized_search,0.8245,0.7899947889525795,0.6023043305522447,0.59,"{""class_weight"": ""balanced_subsample"", ""max_depth"": null, ""min_samples_leaf"": 1, ""n_estimators"": 500}",False,0.8545,
random_forest,optimized_search,0.82275,0.79182156133829,0.5923718712753278,0.6,"{""class_weight"": ""balanced_subsample"", ""max_depth"": null, ""min_samples_leaf"": 1, ""n_estimators"": 500}",False,0.8545,
random_forest,optimized_search,0.821125,0.794468546637744,0.5820421136273342,0.61,"{""class_weight"": ""balanced_subsample"", ""max_depth"": null, ""min_samples_leaf"": 1, ""n_estimators"": 500}",False,0.8545,
random_forest,optimized_search,0.817875,0.7957589285714286,0.5665474771553437,0.62,"{""class_weight"": ""balanced_subsample"", ""max_depth"": null, ""min_samples_leaf"": 1, ""n_estimators"": 500}",False,0.8545,
random_forest,optimized_search,0.815875,0.7976054732041049,0.5558204211362734,0.63,"{""class_weight"": ""balanced_subsample"", ""max_depth"": null, ""min_samples_leaf"": 1, ""n_estimators"": 500}",False,0.8545,
random_forest,optimized_search,0.8135,0.7974463145676146,0.5458879618593564,0.64,"{""class_weight"": ""balanced_subsample"", ""max_depth"": null, ""min_samples_leaf"": 1, ""n_estimators"": 500}",False,0.8545,
random_forest,optimized_search,0.811625,0.8005952380952381,0.5343663090981327,0.65,"{""class_weight"": ""balanced_subsample"", ""max_depth"": null, ""min_samples_leaf"": 1, ""n_estimators"": 500}",False,0.8545,
random_forest,optimized_search,0.810125,0.8042682926829269,0.524036551450139,0.66,"{""class_weight"": ""balanced_subsample"", ""max_depth"": null, ""min_samples_leaf"": 1, ""n_estimators"": 500}",False,0.8545,
random_forest,optimized_search,0.809,0.809255784865541,0.5141040921732221,0.67,"{""class_weight"": ""balanced_subsample"", ""max_depth"": null, ""min_samples_leaf"": 1, ""n_estimators"": 500}",False,0.8545,
random_forest,optimized_search,0.806625,0.8116966580976864,0.5017878426698451,0.68,"{""class_weight"": ""balanced_subsample"", ""max_depth"": null, ""min_samples_leaf"": 1, ""n_estimators"": 500}",False,0.8545,
random_forest,optimized_search,0.80525,0.815668202764977,0.4922526817640048,0.69,"{""class_weight"": ""balanced_subsample"", ""max_depth"": null, ""min_samples_leaf"": 1, ""n_estimators"": 500}",False,0.8545,
random_forest,optimized_search,0.803125,0.8182432432432433,0.48112832737385774,0.7,"{""class_weight"": ""balanced_subsample"", ""max_depth"": null, ""min_samples_leaf"": 1, ""n_estimators"": 500}",False,0.8545,
random_forest,optimized_search,0.800875,0.8208333333333333,0.4696066746126341,0.71,"{""class_weight"": ""balanced_subsample"", ""max_depth"": null, ""min_samples_leaf"": 1, ""n_estimators"": 500}",False,0.8545,
random_forest,optimized_search,0.798625,0.8249641319942611,0.4568931267381804,0.72,"{""class_weight"": ""balanced_subsample"", ""max_depth"": null, ""min_samples_leaf"": 1, ""n_estimators"": 500}",False,0.8545,
random_forest,optimized_search,0.79625,0.8273062730627306,0.4453714739769567,0.73,"{""class_weight"": ""balanced_subsample"", ""max_depth"": null, ""min_samples_leaf"": 1, ""n_estimators"": 500}",False,0.8545,
random_forest,optimized_search,0.79425,0.8321891685736079,0.43345252284465635,0.74,"{""class_weight"": ""balanced_subsample"", ""max_depth"": null, ""min_samples_leaf"": 1, ""n_estimators"": 500}",False,0.8545,
random_forest,optimized_search,0.791875,0.8354330708661417,0.421533571712356,0.75,"{""class_weight"": ""balanced_subsample"", ""max_depth"": null, ""min_samples_leaf"": 1, ""n_estimators"": 500}",False,0.8545,
random_forest,optimized_search,0.789,0.8400328137817884,0.40683353198251887,0.76,"{""class_weight"": ""balanced_subsample"", ""max_depth"": null, ""min_samples_leaf"": 1, ""n_estimators"": 500}",False,0.8545,
random_forest,optimized_search,0.785875,0.8441780821917808,0.3917361938816051,0.77,"{""class_weight"": ""balanced_subsample"", ""max_depth"": null, ""min_samples_leaf"": 1, ""n_estimators"": 500}",False,0.8545,
random_forest,optimized_search,0.7835,0.8482697426796806,0.37981724274930473,0.78,"{""class_weight"": ""balanced_subsample"", ""max_depth"": null, ""min_samples_leaf"": 1, ""n_estimators"": 500}",False,0.8545,
random_forest,optimized_search,0.78075,0.8542246982358404,0.3655145013905443,0.79,"{""class_weight"": ""balanced_subsample"", ""max_depth"": null, ""min_samples_leaf"": 1, ""n_estimators"": 500}",False,0.8545,
random_forest,optimized_search,0.776375,0.8527131782945736,0.34962256654747714,0.8,"{""class_weight"": ""balanced_subsample"", ""max_depth"": null, ""min_samples_leaf"": 1, ""n_estimators"": 500}",False,0.8545,
random_forest,optimized_search,0.77375,0.8574317492416582,0.3369090186730234,0.81,"{""class_weight"": ""balanced_subsample"", ""max_depth"": null, ""min_samples_leaf"": 1, ""n_estimators"": 500}",False,0.8545,
random_forest,optimized_search,0.737375,0.5470588235294118,0.9606674612634089,0.2,"{""class_weight"": ""balanced_subsample"", ""max_depth"": null, ""min_samples_leaf"": 3, ""n_estimators"": 300}",False,0.8545,
random_forest,optimized_search,0.7465,0.556453474948049,0.9574890742947954,0.21,"{""class_weight"": ""balanced_subsample"", ""max_depth"": null, ""min_samples_leaf"": 3, ""n_estimators"": 300}",False,0.8545,
random_forest,optimized_search,0.754625,0.5652993870815654,0.9527214938418752,0.22,"{""class_weight"": ""balanced_subsample"", ""max_depth"": null, ""min_samples_leaf"": 3, ""n_estimators"": 300}",False,0.8545,
random_forest,optimized_search,0.760375,0.5717703349282297,0.9495431068732618,0.23,"{""class_weight"": ""balanced_subsample"", ""max_depth"": null, ""min_samples_leaf"": 3, ""n_estimators"": 300}",False,0.8545,
random_forest,optimized_search,0.766125,0.5783980582524272,0.946762018275725,0.24,"{""class_weight"": ""balanced_subsample"", ""max_depth"": null, ""min_samples_leaf"": 3, ""n_estimators"": 300}",False,0.8545,
random_forest,optimized_search,0.772125,0.5854679802955665,0.944378228049265,0.25,"{""class_weight"": ""balanced_subsample"", ""max_depth"": null, ""min_samples_leaf"": 3, ""n_estimators"": 300}",False,0.8545,
random_forest,optimized_search,0.77675,0.5913521619595101,0.9400079459674215,0.26,"{""class_weight"": ""balanced_subsample"", ""max_depth"": null, ""min_samples_leaf"": 3, ""n_estimators"": 300}",False,0.8545,
random_forest,optimized_search,0.781375,0.5975609756097561,0.9344457687723481,0.27,"{""class_weight"": ""balanced_subsample"", ""max_depth"": null, ""min_samples_leaf"": 3, ""n_estimators"": 300}",False,0.8545,
random_forest,optimized_search,0.785625,0.6034038164002062,0.929678188319428,0.28,"{""class_weight"": ""balanced_subsample"", ""max_depth"": null, ""min_samples_leaf"": 3, ""n_estimators"": 300}",False,0.8545,
random_forest,optimized_search,0.7905,0.6101073579471066,0.9257052046086611,0.29,"{""class_weight"": ""balanced_subsample"", ""max_depth"": null, ""min_samples_leaf"": 3, ""n_estimators"": 300}",False,0.8545,
random_forest,optimized_search,0.793125,0.6143236074270557,0.9201430274135876,0.3,"{""class_weight"": ""balanced_subsample"", ""max_depth"": null, ""min_samples_leaf"": 3, ""n_estimators"": 300}",False,0.8545,
random_forest,optimized_search,0.795375,0.6179624664879356,0.9157727453317441,0.31,"{""class_weight"": ""balanced_subsample"", ""max_depth"": null, ""min_samples_leaf"": 3, ""n_estimators"": 300}",False,0.8545,
random_forest,optimized_search,0.799375,0.6244541484716157,0.9090186730234406,0.32,"{""class_weight"": ""balanced_subsample"", ""max_depth"": null, ""min_samples_leaf"": 3, ""n_estimators"": 300}",False,0.8545,
random_forest,optimized_search,0.803375,0.6308203991130821,0.9042510925705205,0.33,"{""class_weight"": ""balanced_subsample"", ""max_depth"": null, ""min_samples_leaf"": 3, ""n_estimators"": 300}",False,0.8545,
random_forest,optimized_search,0.806625,0.6364659538548115,0.8986889153754469,0.34,"{""class_weight"": ""balanced_subsample"", ""max_depth"": null, ""min_samples_leaf"": 3, ""n_estimators"": 300}",False,0.8545,
random_forest,optimized_search,0.8085,0.6411579249068501,0.88875645609853,0.35,"{""class_weight"": ""balanced_subsample"", ""max_depth"": null, ""min_samples_leaf"": 3, ""n_estimators"": 300}",False,0.8545,
random_forest,optimized_search,0.811375,0.6462565293093442,0.8847834723877632,0.36,"{""class_weight"": ""balanced_subsample"", ""max_depth"": null, ""min_samples_leaf"": 3, ""n_estimators"": 300}",False,0.8545,
random_forest,optimized_search,0.814,0.6511013215859031,0.8808104886769964,0.37,"{""class_weight"": ""balanced_subsample"", ""max_depth"": null, ""min_samples_leaf"": 3, ""n_estimators"": 300}",False,0.8545,
random_forest,optimized_search,0.81625,0.6557572151145492,0.8756456098529996,0.38,"{""class_weight"": ""balanced_subsample"", ""max_depth"": null, ""min_samples_leaf"": 3, ""n_estimators"": 300}",False,0.8545,
random_forest,optimized_search,0.81825,0.6598496240601504,0.8716726261422328,0.39,"{""class_weight"": ""balanced_subsample"", ""max_depth"": null, ""min_samples_leaf"": 3, ""n_estimators"": 300}",False,0.8545,
random_forest,optimized_search,0.821,0.6653459311185614,0.8673023440603893,0.4,"{""class_weight"": ""balanced_subsample"", ""max_depth"": null, ""min_samples_leaf"": 3, ""n_estimators"": 300}",False,0.8545,
random_forest,optimized_search,0.824,0.6714064914992272,0.8629320619785459,0.41,"{""class_weight"": ""balanced_subsample"", ""max_depth"": null, ""min_samples_leaf"": 3, ""n_estimators"": 300}",False,0.8545,
random_forest,optimized_search,0.826625,0.6774497487437185,0.8569725864123957,0.42,"{""class_weight"": ""balanced_subsample"", ""max_depth"": null, ""min_samples_leaf"": 3, ""n_estimators"": 300}",False,0.8545,
random_forest,optimized_search,0.82775,0.68119630925867,0.8506158124751688,0.43,"{""class_weight"": ""balanced_subsample"", ""max_depth"": null, ""min_samples_leaf"": 3, ""n_estimators"": 300}",False,0.8545,
random_forest,optimized_search,0.82875,0.6845831992275507,0.8450536352800954,0.44,"{""class_weight"": ""balanced_subsample"", ""max_depth"": null, ""min_samples_leaf"": 3, ""n_estimators"": 300}",False,0.8545,
random_forest,optimized_search,0.8305,0.6896439072198628,0.8386968613428685,0.45,"{""class_weight"": ""balanced_subsample"", ""max_depth"": null, ""min_samples_leaf"": 3, ""n_estimators"": 300}",False,0.8545,
random_forest,optimized_search,0.831625,0.6934523809523809,0.833134684147795,0.46,"{""class_weight"": ""balanced_subsample"", ""max_depth"": null, ""min_samples_leaf"": 3, ""n_estimators"": 300}",False,0.8545,
random_forest,optimized_search,0.832125,0.697112155809268,0.8247914183551848,0.47,"{""class_weight"": ""balanced_subsample"", ""max_depth"": null, ""min_samples_leaf"": 3, ""n_estimators"": 300}",False,0.8545,
random_forest,optimized_search,0.833125,0.7014314928425358,0.8176400476758046,0.48,"{""class_weight"": ""balanced_subsample"", ""max_depth"": null, ""min_samples_leaf"": 3, ""n_estimators"": 300}",False,0.8545,
random_forest,optimized_search,0.833625,0.705617198335645,0.8085021851410409,0.49,"{""class_weight"": ""balanced_subsample"", ""max_depth"": null, ""min_samples_leaf"": 3, ""n_estimators"": 300}",False,0.8545,
random_forest,optimized_search,0.834625,0.7102112676056338,0.8013508144616607,0.5,"{""class_weight"": ""balanced_subsample"", ""max_depth"": null, ""min_samples_leaf"": 3, ""n_estimators"": 300}",False,0.8545,
random_forest,optimized_search,0.836,0.7157178660938059,0.7941994437822805,0.51,"{""class_weight"": ""balanced_subsample"", ""max_depth"": null, ""min_samples_leaf"": 3, ""n_estimators"": 300}",False,0.8545,
random_forest,optimized_search,0.837,0.7204652853507816,0.787445371473977,0.52,"{""class_weight"": ""balanced_subsample"", ""max_depth"": null, ""min_samples_leaf"": 3, ""n_estimators"": 300}",False,0.8545,
random_forest,optimized_search,0.836125,0.7220176730486009,0.7791021056813667,0.53,"{""class_weight"": ""balanced_subsample"", ""max_depth"": null, ""min_samples_leaf"": 3, ""n_estimators"": 300}",False,0.8545,
random_forest,optimized_search,0.836625,0.7267616191904048,0.7703615415176798,0.54,"{""class_weight"": ""balanced_subsample"", ""max_depth"": null, ""min_samples_leaf"": 3, ""n_estimators"": 300}",False,0.8545,
random_forest,optimized_search,0.83775,0.7314849981010254,0.7651966626936829,0.55,"{""class_weight"": ""balanced_subsample"", ""max_depth"": null, ""min_samples_leaf"": 3, ""n_estimators"": 300}",False,0.8545,
random_forest,optimized_search,0.837625,0.7354988399071926,0.7556615017878426,0.56,"{""class_weight"": ""balanced_subsample"", ""max_depth"": null, ""min_samples_leaf"": 3, ""n_estimators"": 300}",False,0.8545,
random_forest,optimized_search,0.837375,0.7389937106918238,0.7469209376241558,0.57,"{""class_weight"": ""balanced_subsample"", ""max_depth"": null, ""min_samples_leaf"": 3, ""n_estimators"": 300}",False,0.8545,
random_forest,optimized_search,0.8375,0.741948310139165,0.7413587604290822,0.58,"{""class_weight"": ""balanced_subsample"", ""max_depth"": null, ""min_samples_leaf"": 3, ""n_estimators"": 300}",False,0.8545,
random_forest,optimized_search,0.83825,0.7472705216336434,0.734207389749702,0.59,"{""class_weight"": ""balanced_subsample"", ""max_depth"": null, ""min_samples_leaf"": 3, ""n_estimators"": 300}",False,0.8545,
random_forest,optimized_search,0.838125,0.749795584627964,0.7286452125546286,0.6,"{""class_weight"": ""balanced_subsample"", ""max_depth"": null, ""min_samples_leaf"": 3, ""n_estimators"": 300}",False,0.8545,
random_forest,optimized_search,0.8385,0.754889721181856,0.7206992451330949,0.61,"{""class_weight"": ""balanced_subsample"", ""max_depth"": null, ""min_samples_leaf"": 3, ""n_estimators"": 300}",False,0.8545,
random_forest,optimized_search,0.83775,0.7581533248623464,0.7111640842272546,0.62,"{""class_weight"": ""balanced_subsample"", ""max_depth"": null, ""min_samples_leaf"": 3, ""n_estimators"": 300}",False,0.8545,
random_forest,optimized_search,0.837875,0.7636127917026794,0.7020262216924911,0.63,"{""class_weight"": ""balanced_subsample"", ""max_depth"": null, ""min_samples_leaf"": 3, ""n_estimators"": 300}",False,0.8545,
random_forest,optimized_search,0.83675,0.7661538461538462,0.6924910607866508,0.64,"{""class_weight"": ""balanced_subsample"", ""max_depth"": null, ""min_samples_leaf"": 3, ""n_estimators"": 300}",False,0.8545,
random_forest,optimized_search,0.8375,0.7727476467951592,0.6849423917361939,0.65,"{""class_weight"": ""balanced_subsample"", ""max_depth"": null, ""min_samples_leaf"": 3, ""n_estimators"": 300}",False,0.8545,
random_forest,optimized_search,0.83525,0.7763946519133241,0.6690504568931267,0.66,"{""class_weight"": ""balanced_subsample"", ""max_depth"": null, ""min_samples_leaf"": 3, ""n_estimators"": 300}",False,0.8545,
random_forest,optimized_search,0.83375,0.7800849457291175,0.6567342073897497,0.67,"{""class_weight"": ""balanced_subsample"", ""max_depth"": null, ""min_samples_leaf"": 3, ""n_estimators"": 300}",False,0.8545,
random_forest,optimized_search,0.833,0.7862336403296171,0.6444179578863727,0.68,"{""class_weight"": ""balanced_subsample"", ""max_depth"": null, ""min_samples_leaf"": 3, ""n_estimators"": 300}",False,0.8545,
random_forest,optimized_search,0.83025,0.7884519661523146,0.6293206197854588,0.69,"{""class_weight"": ""balanced_subsample"", ""max_depth"": null, ""min_samples_leaf"": 3, ""n_estimators"": 300}",False,0.8545,
random_forest,optimized_search,0.829875,0.7951991828396323,0.6185935637663885,0.7,"{""class_weight"": ""balanced_subsample"", ""max_depth"": null, ""min_samples_leaf"": 3, ""n_estimators"": 300}",False,0.8545,
random_forest,optimized_search,0.829,0.8028465998945704,0.6050854191497815,0.71,"{""class_weight"": ""balanced_subsample"", ""max_depth"": null, ""min_samples_leaf"": 3, ""n_estimators"": 300}",False,0.8545,
random_forest,optimized_search,0.825875,0.8047722342733189,0.589590782677791,0.72,"{""class_weight"": ""balanced_subsample"", ""max_depth"": null, ""min_samples_leaf"": 3, ""n_estimators"": 300}",False,0.8545,
random_forest,optimized_search,0.8245,0.8103736754043502,0.577274533174414,0.73,"{""class_weight"": ""balanced_subsample"", ""max_depth"": null, ""min_samples_leaf"": 3, ""n_estimators"": 300}",False,0.8545,
random_forest,optimized_search,0.824,0.8199653779572995,0.5645609852999602,0.74,"{""class_weight"": ""balanced_subsample"", ""max_depth"": null, ""min_samples_leaf"": 3, ""n_estimators"": 300}",False,0.8545,
random_forest,optimized_search,0.82175,0.8229721728833629,0.5522447357965833,0.75,"{""class_weight"": ""balanced_subsample"", ""max_depth"": null, ""min_samples_leaf"": 3, ""n_estimators"": 300}",False,0.8545,
random_forest,optimized_search,0.819875,0.8304668304668305,0.5371473976956694,0.76,"{""class_weight"": ""balanced_subsample"", ""max_depth"": null, ""min_samples_leaf"": 3, ""n_estimators"": 300}",False,0.8545,
random_forest,optimized_search,0.8165,0.833015873015873,0.5212554628526023,0.77,"{""class_weight"": ""balanced_subsample"", ""max_depth"": null, ""min_samples_leaf"": 3, ""n_estimators"": 300}",False,0.8545,
random_forest,optimized_search,0.812625,0.8370860927152318,0.5021851410409217,0.78,"{""class_weight"": ""balanced_subsample"", ""max_depth"": null, ""min_samples_leaf"": 3, ""n_estimators"": 300}",False,0.8545,
random_forest,optimized_search,0.8085,0.8413028413028413,0.4823202224870878,0.79,"{""class_weight"": ""balanced_subsample"", ""max_depth"": null, ""min_samples_leaf"": 3, ""n_estimators"": 300}",False,0.8545,
random_forest,optimized_search,0.806,0.8443968593861527,0.47000397298371077,0.8,"{""class_weight"": ""balanced_subsample"", ""max_depth"": null, ""min_samples_leaf"": 3, ""n_estimators"": 300}",False,0.8545,
random_forest,optimized_search,0.803,0.8492947290274685,0.4545093365117203,0.81,"{""class_weight"": ""balanced_subsample"", ""max_depth"": null, ""min_samples_leaf"": 3, ""n_estimators"": 300}",False,0.8545,
random_forest,optimized_search,0.7385,0.5481313703284258,0.9614620580055622,0.2,"{""class_weight"": ""balanced_subsample"", ""max_depth"": null, ""min_samples_leaf"": 3, ""n_estimators"": 500}",False,0.8545,
random_forest,optimized_search,0.74825,0.5582310720074091,0.9578863726658721,0.21,"{""class_weight"": ""balanced_subsample"", ""max_depth"": null, ""min_samples_leaf"": 3, ""n_estimators"": 500}",False,0.8545,
random_forest,optimized_search,0.754625,0.5653301886792453,0.9523241954707986,0.22,"{""class_weight"": ""balanced_subsample"", ""max_depth"": null, ""min_samples_leaf"": 3, ""n_estimators"": 500}",False,0.8545,
random_forest,optimized_search,0.761,0.5723857382148839,0.9503377036154151,0.23,"{""class_weight"": ""balanced_subsample"", ""max_depth"": null, ""min_samples_leaf"": 3, ""n_estimators"": 500}",False,0.8545,
random_forest,optimized_search,0.7655,0.5776969696969697,0.946762018275725,0.24,"{""class_weight"": ""balanced_subsample"", ""max_depth"": null, ""min_samples_leaf"": 3, ""n_estimators"": 500}",False,0.8545,
random_forest,optimized_search,0.771375,0.5846456692913385,0.9439809296781884,0.25,"{""class_weight"": ""balanced_subsample"", ""max_depth"": null, ""min_samples_leaf"": 3, ""n_estimators"": 500}",False,0.8545,
random_forest,optimized_search,0.77725,0.5919439579684763,0.9400079459674215,0.26,"{""class_weight"": ""balanced_subsample"", ""max_depth"": null, ""min_samples_leaf"": 3, ""n_estimators"": 500}",False,0.8545,
random_forest,optimized_search,0.78275,0.5991346398574701,0.9352403655145014,0.27,"{""class_weight"": ""balanced_subsample"", ""max_depth"": null, ""min_samples_leaf"": 3, ""n_estimators"": 500}",False,0.8545,
random_forest,optimized_search,0.786,0.6038173845757029,0.9300754866905045,0.28,"{""class_weight"": ""balanced_subsample"", ""max_depth"": null, ""min_samples_leaf"": 3, ""n_estimators"": 500}",False,0.8545,
random_forest,optimized_search,0.78975,0.6092074287208998,0.9253079062375844,0.29,"{""class_weight"": ""balanced_subsample"", ""max_depth"": null, ""min_samples_leaf"": 3, ""n_estimators"": 500}",False,0.8545,
random_forest,optimized_search,0.7935,0.6147519235871584,0.9205403257846643,0.3,"{""class_weight"": ""balanced_subsample"", ""max_depth"": null, ""min_samples_leaf"": 3, ""n_estimators"": 500}",False,0.8545,
random_forest,optimized_search,0.796375,0.6196120689655172,0.9137862534763608,0.31,"{""class_weight"": ""balanced_subsample"", ""max_depth"": null, ""min_samples_leaf"": 3, ""n_estimators"": 500}",False,0.8545,
random_forest,optimized_search,0.798,0.6225850340136054,0.9090186730234406,0.32,"{""class_weight"": ""balanced_subsample"", ""max_depth"": null, ""min_samples_leaf"": 3, ""n_estimators"": 500}",False,0.8545,
random_forest,optimized_search,0.801375,0.628106018774158,0.9038537941994438,0.33,"{""class_weight"": ""balanced_subsample"", ""max_depth"": null, ""min_samples_leaf"": 3, ""n_estimators"": 500}",False,0.8545,
random_forest,optimized_search,0.80475,0.6339410939691444,0.8978943186332936,0.34,"{""class_weight"": ""balanced_subsample"", ""max_depth"": null, ""min_samples_leaf"": 3, ""n_estimators"": 500}",False,0.8545,
random_forest,optimized_search,0.809125,0.6418338108882522,0.8899483512117601,0.35,"{""class_weight"": ""balanced_subsample"", ""max_depth"": null, ""min_samples_leaf"": 3, ""n_estimators"": 500}",False,0.8545,
random_forest,optimized_search,0.812125,0.6473837209302326,0.8847834723877632,0.36,"{""class_weight"": ""balanced_subsample"", ""max_depth"": null, ""min_samples_leaf"": 3, ""n_estimators"": 500}",False,0.8545,
random_forest,optimized_search,0.8155,0.6534040671971706,0.8808104886769964,0.37,"{""class_weight"": ""balanced_subsample"", ""max_depth"": null, ""min_samples_leaf"": 3, ""n_estimators"": 500}",False,0.8545,
random_forest,optimized_search,0.816375,0.6561382598331347,0.8748510131108462,0.38,"{""class_weight"": ""balanced_subsample"", ""max_depth"": null, ""min_samples_leaf"": 3, ""n_estimators"": 500}",False,0.8545,
random_forest,optimized_search,0.818375,0.660144491270319,0.8712753277711561,0.39,"{""class_weight"": ""balanced_subsample"", ""max_depth"": null, ""min_samples_leaf"": 3, ""n_estimators"": 500}",False,0.8545,
random_forest,optimized_search,0.822375,0.6672771672771672,0.8684942391736193,0.4,"{""class_weight"": ""balanced_subsample"", ""max_depth"": null, ""min_samples_leaf"": 3, ""n_estimators"": 500}",False,0.8545,
random_forest,optimized_search,0.825125,0.6730650154798762,0.8637266587206992,0.41,"{""class_weight"": ""balanced_subsample"", ""max_depth"": null, ""min_samples_leaf"": 3, ""n_estimators"": 500}",False,0.8545,
random_forest,optimized_search,0.827,0.6776418940106617,0.8585617798967025,0.42,"{""class_weight"": ""balanced_subsample"", ""max_depth"": null, ""min_samples_leaf"": 3, ""n_estimators"": 500}",False,0.8545,
random_forest,optimized_search,0.827875,0.680952380952381,0.8522050059594756,0.43,"{""class_weight"": ""balanced_subsample"", ""max_depth"": null, ""min_samples_leaf"": 3, ""n_estimators"": 500}",False,0.8545,
random_forest,optimized_search,0.829625,0.6857694784288474,0.8462455303933254,0.44,"{""class_weight"": ""balanced_subsample"", ""max_depth"": null, ""min_samples_leaf"": 3, ""n_estimators"": 500}",False,0.8545,
random_forest,optimized_search,0.830125,0.6882314694408322,0.8410806515693285,0.45,"{""class_weight"": ""balanced_subsample"", ""max_depth"": null, ""min_samples_leaf"": 3, ""n_estimators"": 500}",False,0.8545,
random_forest,optimized_search,0.83125,0.692892561983471,0.8327373857767183,0.46,"{""class_weight"": ""balanced_subsample"", ""max_depth"": null, ""min_samples_leaf"": 3, ""n_estimators"": 500}",False,0.8545,
random_forest,optimized_search,0.83175,0.6964106004696411,0.8247914183551848,0.47,"{""class_weight"": ""balanced_subsample"", ""max_depth"": null, ""min_samples_leaf"": 3, ""n_estimators"": 500}",False,0.8545,
random_forest,optimized_search,0.832625,0.7011612021857924,0.8156535558204211,0.48,"{""class_weight"": ""balanced_subsample"", ""max_depth"": null, ""min_samples_leaf"": 3, ""n_estimators"": 500}",False,0.8545,
random_forest,optimized_search,0.834375,0.7073764787752261,0.8077075883988876,0.49,"{""class_weight"": ""balanced_subsample"", ""max_depth"": null, ""min_samples_leaf"": 3, ""n_estimators"": 500}",False,0.8545,
random_forest,optimized_search,0.834125,0.7105449398443029,0.7977751291219706,0.5,"{""class_weight"": ""balanced_subsample"", ""max_depth"": null, ""min_samples_leaf"": 3, ""n_estimators"": 500}",False,0.8545,
random_forest,optimized_search,0.83525,0.7152603231597846,0.7914183551847438,0.51,"{""class_weight"": ""balanced_subsample"", ""max_depth"": null, ""min_samples_leaf"": 3, ""n_estimators"": 500}",False,0.8545,
random_forest,optimized_search,0.836375,0.7196363636363636,0.7862534763607469,0.52,"{""class_weight"": ""balanced_subsample"", ""max_depth"": null, ""min_samples_leaf"": 3, ""n_estimators"": 500}",False,0.8545,
random_forest,optimized_search,0.837,0.7233885819521179,0.7802940007945968,0.53,"{""class_weight"": ""balanced_subsample"", ""max_depth"": null, ""min_samples_leaf"": 3, ""n_estimators"": 500}",False,0.8545,
random_forest,optimized_search,0.837375,0.7280570142535634,0.7711561382598331,0.54,"{""class_weight"": ""balanced_subsample"", ""max_depth"": null, ""min_samples_leaf"": 3, ""n_estimators"": 500}",False,0.8545,
random_forest,optimized_search,0.8385,0.7331556909021698,0.7651966626936829,0.55,"{""class_weight"": ""balanced_subsample"", ""max_depth"": null, ""min_samples_leaf"": 3, ""n_estimators"": 500}",False,0.8545,
random_forest,optimized_search,0.838375,0.7362934362934362,0.7576479936432261,0.56,"{""class_weight"": ""balanced_subsample"", ""max_depth"": null, ""min_samples_leaf"": 3, ""n_estimators"": 500}",False,0.8545,
random_forest,optimized_search,0.838,0.7395056885052962,0.7489074294795391,0.57,"{""class_weight"": ""balanced_subsample"", ""max_depth"": null, ""min_samples_leaf"": 3, ""n_estimators"": 500}",False,0.8545,
random_forest,optimized_search,0.838625,0.7444178628389154,0.7417560588001589,0.58,"{""class_weight"": ""balanced_subsample"", ""max_depth"": null, ""min_samples_leaf"": 3, ""n_estimators"": 500}",False,0.8545,
random_forest,optimized_search,0.839,0.7476823861346231,0.7369884783472388,0.59,"{""class_weight"": ""balanced_subsample"", ""max_depth"": null, ""min_samples_leaf"": 3, ""n_estimators"": 500}",False,0.8545,
random_forest,optimized_search,0.839125,0.7514309076042518,0.7302344060389352,0.6,"{""class_weight"": ""balanced_subsample"", ""max_depth"": null, ""min_samples_leaf"": 3, ""n_estimators"": 500}",False,0.8545,
random_forest,optimized_search,0.8385,0.7551020408163265,0.7203019467620183,0.61,"{""class_weight"": ""balanced_subsample"", ""max_depth"": null, ""min_samples_leaf"": 3, ""n_estimators"": 500}",False,0.8545,
random_forest,optimized_search,0.837875,0.7580372250423012,0.7119586809694081,0.62,"{""class_weight"": ""balanced_subsample"", ""max_depth"": null, ""min_samples_leaf"": 3, ""n_estimators"": 500}",False,0.8545,
random_forest,optimized_search,0.83675,0.7617812364894077,0.7000397298371077,0.63,"{""class_weight"": ""balanced_subsample"", ""max_depth"": null, ""min_samples_leaf"": 3, ""n_estimators"": 500}",False,0.8545,
random_forest,optimized_search,0.83775,0.7683839718185821,0.6932856575288041,0.64,"{""class_weight"": ""balanced_subsample"", ""max_depth"": null, ""min_samples_leaf"": 3, ""n_estimators"": 500}",False,0.8545,
random_forest,optimized_search,0.837,0.7728295096716149,0.6825586015097338,0.65,"{""class_weight"": ""balanced_subsample"", ""max_depth"": null, ""min_samples_leaf"": 3, ""n_estimators"": 500}",False,0.8545,
random_forest,optimized_search,0.8365,0.7789570835256114,0.6706396503774334,0.66,"{""class_weight"": ""balanced_subsample"", ""max_depth"": null, ""min_samples_leaf"": 3, ""n_estimators"": 500}",False,0.8545,
random_forest,optimized_search,0.83575,0.7843971631205674,0.6591179976162098,0.67,"{""class_weight"": ""balanced_subsample"", ""max_depth"": null, ""min_samples_leaf"": 3, ""n_estimators"": 500}",False,0.8545,
random_forest,optimized_search,0.83325,0.7867183713039263,0.6448152562574494,0.68,"{""class_weight"": ""balanced_subsample"", ""max_depth"": null, ""min_samples_leaf"": 3, ""n_estimators"": 500}",False,0.8545,
random_forest,optimized_search,0.831,0.7913956978489245,0.6285260230433055,0.69,"{""class_weight"": ""balanced_subsample"", ""max_depth"": null, ""min_samples_leaf"": 3, ""n_estimators"": 500}",False,0.8545,
random_forest,optimized_search,0.82975,0.795094532447624,0.6181962653953119,0.7,"{""class_weight"": ""balanced_subsample"", ""max_depth"": null, ""min_samples_leaf"": 3, ""n_estimators"": 500}",False,0.8545,
random_forest,optimized_search,0.82775,0.7995791688584956,0.6038935240365515,0.71,"{""class_weight"": ""balanced_subsample"", ""max_depth"": null, ""min_samples_leaf"": 3, ""n_estimators"": 500}",False,0.8545,
random_forest,optimized_search,0.825875,0.8054347826086956,0.5887961859356377,0.72,"{""class_weight"": ""balanced_subsample"", ""max_depth"": null, ""min_samples_leaf"": 3, ""n_estimators"": 500}",False,0.8545,
random_forest,optimized_search,0.824625,0.8111731843575419,0.5768772348033373,0.73,"{""class_weight"": ""balanced_subsample"", ""max_depth"": null, ""min_samples_leaf"": 3, ""n_estimators"": 500}",False,0.8545,
random_forest,optimized_search,0.824125,0.8193325661680092,0.5657528804131903,0.74,"{""class_weight"": ""balanced_subsample"", ""max_depth"": null, ""min_samples_leaf"": 3, ""n_estimators"": 500}",False,0.8545,
random_forest,optimized_search,0.821625,0.8236342042755345,0.5510528406833533,0.75,"{""class_weight"": ""balanced_subsample"", ""max_depth"": null, ""min_samples_leaf"": 3, ""n_estimators"": 500}",False,0.8545,
random_forest,optimized_search,0.818875,0.8276073619631902,0.5359555025824394,0.76,"{""class_weight"": ""balanced_subsample"", ""max_depth"": null, ""min_samples_leaf"": 3, ""n_estimators"": 500}",False,0.8545,
random_forest,optimized_search,0.815375,0.8316326530612245,0.5180770758839889,0.77,"{""class_weight"": ""balanced_subsample"", ""max_depth"": null, ""min_samples_leaf"": 3, ""n_estimators"": 500}",False,0.8545,
random_forest,optimized_search,0.813375,0.8399734395750332,0.5025824394119984,0.78,"{""class_weight"": ""balanced_subsample"", ""max_depth"": null, ""min_samples_leaf"": 3, ""n_estimators"": 500}",False,0.8545,
random_forest,optimized_search,0.81025,0.8418891170431212,0.48867699642431467,0.79,"{""class_weight"": ""balanced_subsample"", ""max_depth"": null, ""min_samples_leaf"": 3, ""n_estimators"": 500}",False,0.8545,
random_forest,optimized_search,0.8065,0.8458244111349036,0.47079856972586415,0.8,"{""class_weight"": ""balanced_subsample"", ""max_depth"": null, ""min_samples_leaf"": 3, ""n_estimators"": 500}",False,0.8545,
random_forest,optimized_search,0.803375,0.8511904761904762,0.4545093365117203,0.81,"{""class_weight"": ""balanced_subsample"", ""max_depth"": null, ""min_samples_leaf"": 3, ""n_estimators"": 500}",False,0.8545,
random_forest,optimized_search,0.759625,0.5704125177809388,0.9558998808104887,0.2,"{""class_weight"": ""balanced_subsample"", ""max_depth"": 12, ""min_samples_leaf"": 1, ""n_estimators"": 300}",False,0.8545,
random_forest,optimized_search,0.7655,0.5772475295251868,0.9515295987286452,0.21,"{""class_weight"": ""balanced_subsample"", ""max_depth"": 12, ""min_samples_leaf"": 1, ""n_estimators"": 300}",False,0.8545,
random_forest,optimized_search,0.771625,0.5844760039177277,0.9483512117600318,0.22,"{""class_weight"": ""balanced_subsample"", ""max_depth"": 12, ""min_samples_leaf"": 1, ""n_estimators"": 300}",False,0.8545,
random_forest,optimized_search,0.77775,0.591984067712223,0.9447755264203417,0.23,"{""class_weight"": ""balanced_subsample"", ""max_depth"": 12, ""min_samples_leaf"": 1, ""n_estimators"": 300}",False,0.8545,
random_forest,optimized_search,0.783375,0.599240506329114,0.9404052443384983,0.24,"{""class_weight"": ""balanced_subsample"", ""max_depth"": 12, ""min_samples_leaf"": 1, ""n_estimators"": 300}",False,0.8545,
random_forest,optimized_search,0.787125,0.6042520491803278,0.9372268573698848,0.25,"{""class_weight"": ""balanced_subsample"", ""max_depth"": 12, ""min_samples_leaf"": 1, ""n_estimators"": 300}",False,0.8545,
random_forest,optimized_search,0.79125,0.6100285788516497,0.9328565752880413,0.26,"{""class_weight"": ""balanced_subsample"", ""max_depth"": 12, ""min_samples_leaf"": 1, ""n_estimators"": 300}",False,0.8545,
random_forest,optimized_search,0.795,0.6155467720685112,0.9280889948351212,0.27,"{""class_weight"": ""balanced_subsample"", ""max_depth"": 12, ""min_samples_leaf"": 1, ""n_estimators"": 300}",False,0.8545,
random_forest,optimized_search,0.7995,0.6222222222222222,0.9233214143822011,0.28,"{""class_weight"": ""balanced_subsample"", ""max_depth"": 12, ""min_samples_leaf"": 1, ""n_estimators"": 300}",False,0.8545,
random_forest,optimized_search,0.803625,0.6286724700761698,0.9181565355582042,0.29,"{""class_weight"": ""balanced_subsample"", ""max_depth"": 12, ""min_samples_leaf"": 1, ""n_estimators"": 300}",False,0.8545,
random_forest,optimized_search,0.808,0.6355346780878696,0.9137862534763608,0.3,"{""class_weight"": ""balanced_subsample"", ""max_depth"": 12, ""min_samples_leaf"": 1, ""n_estimators"": 300}",False,0.8545,
random_forest,optimized_search,0.809625,0.6390598768886402,0.9074294795391339,0.31,"{""class_weight"": ""balanced_subsample"", ""max_depth"": 12, ""min_samples_leaf"": 1, ""n_estimators"": 300}",False,0.8545,
random_forest,optimized_search,0.811375,0.6430192962542566,0.9002781088597537,0.32,"{""class_weight"": ""balanced_subsample"", ""max_depth"": 12, ""min_samples_leaf"": 1, ""n_estimators"": 300}",False,0.8545,
random_forest,optimized_search,0.814,0.647887323943662,0.8955105284068335,0.33,"{""class_weight"": ""balanced_subsample"", ""max_depth"": 12, ""min_samples_leaf"": 1, ""n_estimators"": 300}",False,0.8545,
random_forest,optimized_search,0.814625,0.65055329062318,0.8875645609853,0.34,"{""class_weight"": ""balanced_subsample"", ""max_depth"": 12, ""min_samples_leaf"": 1, ""n_estimators"": 300}",False,0.8545,
random_forest,optimized_search,0.8155,0.6534945443821881,0.8804131903059197,0.35,"{""class_weight"": ""balanced_subsample"", ""max_depth"": 12, ""min_samples_leaf"": 1, ""n_estimators"": 300}",False,0.8545,
random_forest,optimized_search,0.818,0.6591659165916591,0.8728645212554629,0.36,"{""class_weight"": ""balanced_subsample"", ""max_depth"": 12, ""min_samples_leaf"": 1, ""n_estimators"": 300}",False,0.8545,
random_forest,optimized_search,0.82,0.6634294385432473,0.8684942391736193,0.37,"{""class_weight"": ""balanced_subsample"", ""max_depth"": 12, ""min_samples_leaf"": 1, ""n_estimators"": 300}",False,0.8545,
random_forest,optimized_search,0.82325,0.6699537750385208,0.8637266587206992,0.38,"{""class_weight"": ""balanced_subsample"", ""max_depth"": 12, ""min_samples_leaf"": 1, ""n_estimators"": 300}",False,0.8545,
random_forest,optimized_search,0.825,0.6749138740995929,0.8561779896702424,0.39,"{""class_weight"": ""balanced_subsample"", ""max_depth"": 12, ""min_samples_leaf"": 1, ""n_estimators"": 300}",False,0.8545,
random_forest,optimized_search,0.827125,0.6801143583227446,0.8506158124751688,0.4,"{""class_weight"": ""balanced_subsample"", ""max_depth"": 12, ""min_samples_leaf"": 1, ""n_estimators"": 300}",False,0.8545,
random_forest,optimized_search,0.828,0.6832637327336974,0.8450536352800954,0.41,"{""class_weight"": ""balanced_subsample"", ""max_depth"": 12, ""min_samples_leaf"": 1, ""n_estimators"": 300}",False,0.8545,
random_forest,optimized_search,0.829375,0.6873780091086532,0.8394914580850219,0.42,"{""class_weight"": ""balanced_subsample"", ""max_depth"": 12, ""min_samples_leaf"": 1, ""n_estimators"": 300}",False,0.8545,
random_forest,optimized_search,0.83125,0.6918776718184808,0.8359157727453318,0.43,"{""class_weight"": ""balanced_subsample"", ""max_depth"": 12, ""min_samples_leaf"": 1, ""n_estimators"": 300}",False,0.8545,
random_forest,optimized_search,0.831375,0.6944074567243675,0.8287644020659515,0.44,"{""class_weight"": ""balanced_subsample"", ""max_depth"": 12, ""min_samples_leaf"": 1, ""n_estimators"": 300}",False,0.8545,
random_forest,optimized_search,0.83325,0.6997635933806147,0.823202224870878,0.45,"{""class_weight"": ""balanced_subsample"", ""max_depth"": 12, ""min_samples_leaf"": 1, ""n_estimators"": 300}",False,0.8545,
random_forest,optimized_search,0.834,0.7032478632478633,0.8172427493047278,0.46,"{""class_weight"": ""balanced_subsample"", ""max_depth"": 12, ""min_samples_leaf"": 1, ""n_estimators"": 300}",False,0.8545,
random_forest,optimized_search,0.83475,0.7075373393539424,0.8092967818831943,0.47,"{""class_weight"": ""balanced_subsample"", ""max_depth"": 12, ""min_samples_leaf"": 1, ""n_estimators"": 300}",False,0.8545,
random_forest,optimized_search,0.83625,0.7130250617719732,0.8025427095748907,0.48,"{""class_weight"": ""balanced_subsample"", ""max_depth"": 12, ""min_samples_leaf"": 1, ""n_estimators"": 300}",False,0.8545,
random_forest,optimized_search,0.836625,0.7174694464414091,0.7930075486690504,0.49,"{""class_weight"": ""balanced_subsample"", ""max_depth"": 12, ""min_samples_leaf"": 1, ""n_estimators"": 300}",False,0.8545,
random_forest,optimized_search,0.836125,0.7208791208791209,0.7818831942789034,0.5,"{""class_weight"": ""balanced_subsample"", ""max_depth"": 12, ""min_samples_leaf"": 1, ""n_estimators"": 300}",False,0.8545,
random_forest,optimized_search,0.83625,0.7239332096474954,0.7751291219705999,0.51,"{""class_weight"": ""balanced_subsample"", ""max_depth"": 12, ""min_samples_leaf"": 1, ""n_estimators"": 300}",False,0.8545,
random_forest,optimized_search,0.83675,0.7285768214420536,0.7667858561779897,0.52,"{""class_weight"": ""balanced_subsample"", ""max_depth"": 12, ""min_samples_leaf"": 1, ""n_estimators"": 300}",False,0.8545,
random_forest,optimized_search,0.83725,0.7316050324056423,0.7624155740961462,0.53,"{""class_weight"": ""balanced_subsample"", ""max_depth"": 12, ""min_samples_leaf"": 1, ""n_estimators"": 300}",False,0.8545,
random_forest,optimized_search,0.836375,0.7339271882261813,0.752880413190306,0.54,"{""class_weight"": ""balanced_subsample"", ""max_depth"": 12, ""min_samples_leaf"": 1, ""n_estimators"": 300}",False,0.8545,
random_forest,optimized_search,0.836125,0.7370283018867925,0.7449344457687723,0.55,"{""class_weight"": ""balanced_subsample"", ""max_depth"": 12, ""min_samples_leaf"": 1, ""n_estimators"": 300}",False,0.8545,
random_forest,optimized_search,0.836125,0.7412,0.7361938816050854,0.56,"{""class_weight"": ""balanced_subsample"", ""max_depth"": 12, ""min_samples_leaf"": 1, ""n_estimators"": 300}",False,0.8545,
random_forest,optimized_search,0.838125,0.747168284789644,0.7338100913786253,0.57,"{""class_weight"": ""balanced_subsample"", ""max_depth"": 12, ""min_samples_leaf"": 1, ""n_estimators"": 300}",False,0.8545,
random_forest,optimized_search,0.837,0.7503095336359884,0.7222884386174017,0.58,"{""class_weight"": ""balanced_subsample"", ""max_depth"": 12, ""min_samples_leaf"": 1, ""n_estimators"": 300}",False,0.8545,
random_forest,optimized_search,0.837375,0.7543933054393306,0.7163289630512515,0.59,"{""class_weight"": ""balanced_subsample"", ""max_depth"": 12, ""min_samples_leaf"": 1, ""n_estimators"": 300}",False,0.8545,
random_forest,optimized_search,0.838,0.7603411513859275,0.708382995629718,0.6,"{""class_weight"": ""balanced_subsample"", ""max_depth"": 12, ""min_samples_leaf"": 1, ""n_estimators"": 300}",False,0.8545,
random_forest,optimized_search,0.838625,0.7653679653679654,0.7024235200635678,0.61,"{""class_weight"": ""balanced_subsample"", ""max_depth"": 12, ""min_samples_leaf"": 1, ""n_estimators"": 300}",False,0.8545,
random_forest,optimized_search,0.837375,0.7683142100617829,0.6916964640444975,0.62,"{""class_weight"": ""balanced_subsample"", ""max_depth"": 12, ""min_samples_leaf"": 1, ""n_estimators"": 300}",False,0.8545,
random_forest,optimized_search,0.835375,0.7690582959641256,0.6813667063965038,0.63,"{""class_weight"": ""balanced_subsample"", ""max_depth"": 12, ""min_samples_leaf"": 1, ""n_estimators"": 300}",False,0.8545,
random_forest,optimized_search,0.834,0.7720823798627002,0.6702423520063567,0.64,"{""class_weight"": ""balanced_subsample"", ""max_depth"": 12, ""min_samples_leaf"": 1, ""n_estimators"": 300}",False,0.8545,
random_forest,optimized_search,0.833375,0.7774133083411434,0.6591179976162098,0.65,"{""class_weight"": ""balanced_subsample"", ""max_depth"": 12, ""min_samples_leaf"": 1, ""n_estimators"": 300}",False,0.8545,
random_forest,optimized_search,0.830875,0.7798076923076923,0.6444179578863727,0.66,"{""class_weight"": ""balanced_subsample"", ""max_depth"": 12, ""min_samples_leaf"": 1, ""n_estimators"": 300}",False,0.8545,
random_forest,optimized_search,0.8295,0.7835710772257747,0.6328963051251489,0.67,"{""class_weight"": ""balanced_subsample"", ""max_depth"": 12, ""min_samples_leaf"": 1, ""n_estimators"": 300}",False,0.8545,
random_forest,optimized_search,0.827625,0.7876643073811931,0.6189908621374652,0.68,"{""class_weight"": ""balanced_subsample"", ""max_depth"": 12, ""min_samples_leaf"": 1, ""n_estimators"": 300}",False,0.8545,
random_forest,optimized_search,0.827875,0.7974947807933194,0.6070719110051649,0.69,"{""class_weight"": ""balanced_subsample"", ""max_depth"": 12, ""min_samples_leaf"": 1, ""n_estimators"": 300}",False,0.8545,
random_forest,optimized_search,0.826625,0.8050755939524838,0.5923718712753278,0.7,"{""class_weight"": ""balanced_subsample"", ""max_depth"": 12, ""min_samples_leaf"": 1, ""n_estimators"": 300}",False,0.8545,
random_forest,optimized_search,0.824375,0.8109619686800895,0.576082638061184,0.71,"{""class_weight"": ""balanced_subsample"", ""max_depth"": 12, ""min_samples_leaf"": 1, ""n_estimators"": 300}",False,0.8545,
random_forest,optimized_search,0.82075,0.8128249566724437,0.5589988081048868,0.72,"{""class_weight"": ""balanced_subsample"", ""max_depth"": 12, ""min_samples_leaf"": 1, ""n_estimators"": 300}",False,0.8545,
random_forest,optimized_search,0.817625,0.8175270108043218,0.5411203814064363,0.73,"{""class_weight"": ""balanced_subsample"", ""max_depth"": 12, ""min_samples_leaf"": 1, ""n_estimators"": 300}",False,0.8545,
random_forest,optimized_search,0.814875,0.8213399503722084,0.5260230433055224,0.74,"{""class_weight"": ""balanced_subsample"", ""max_depth"": 12, ""min_samples_leaf"": 1, ""n_estimators"": 300}",False,0.8545,
random_forest,optimized_search,0.813375,0.8273657289002557,0.5141040921732221,0.75,"{""class_weight"": ""balanced_subsample"", ""max_depth"": 12, ""min_samples_leaf"": 1, ""n_estimators"": 300}",False,0.8545,
random_forest,optimized_search,0.810125,0.8322237017310253,0.49662296384584825,0.76,"{""class_weight"": ""balanced_subsample"", ""max_depth"": 12, ""min_samples_leaf"": 1, ""n_estimators"": 300}",False,0.8545,
random_forest,optimized_search,0.809375,0.8406593406593407,0.4862932061978546,0.77,"{""class_weight"": ""balanced_subsample"", ""max_depth"": 12, ""min_samples_leaf"": 1, ""n_estimators"": 300}",False,0.8545,
random_forest,optimized_search,0.80575,0.8422174840085288,0.47079856972586415,0.78,"{""class_weight"": ""balanced_subsample"", ""max_depth"": 12, ""min_samples_leaf"": 1, ""n_estimators"": 300}",False,0.8545,
random_forest,optimized_search,0.802625,0.8458702064896755,0.45570123162495035,0.79,"{""class_weight"": ""balanced_subsample"", ""max_depth"": 12, ""min_samples_leaf"": 1, ""n_estimators"": 300}",False,0.8545,
random_forest,optimized_search,0.7995,0.849808429118774,0.44060389352403656,0.8,"{""class_weight"": ""balanced_subsample"", ""max_depth"": 12, ""min_samples_leaf"": 1, ""n_estimators"": 300}",False,0.8545,
random_forest,optimized_search,0.79675,0.8572574178027266,0.4247119586809694,0.81,"{""class_weight"": ""balanced_subsample"", ""max_depth"": 12, ""min_samples_leaf"": 1, ""n_estimators"": 300}",False,0.8545,
random_forest,optimized_search,0.759,0.5697701966358683,0.955502582439412,0.2,"{""class_weight"": ""balanced_subsample"", ""max_depth"": 12, ""min_samples_leaf"": 1, ""n_estimators"": 500}",False,0.8545,
random_forest,optimized_search,0.76575,0.5774139176498917,0.9527214938418752,0.21,"{""class_weight"": ""balanced_subsample"", ""max_depth"": 12, ""min_samples_leaf"": 1, ""n_estimators"": 500}",False,0.8545,
random_forest,optimized_search,0.772125,0.5850073493385596,0.9487485101311085,0.22,"{""class_weight"": ""balanced_subsample"", ""max_depth"": 12, ""min_samples_leaf"": 1, ""n_estimators"": 500}",False,0.8545,
random_forest,optimized_search,0.777125,0.5912481352560915,0.9447755264203417,0.23,"{""class_weight"": ""balanced_subsample"", ""max_depth"": 12, ""min_samples_leaf"": 1, ""n_estimators"": 500}",False,0.8545,
random_forest,optimized_search,0.782875,0.5985844287158746,0.9408025427095749,0.24,"{""class_weight"": ""balanced_subsample"", ""max_depth"": 12, ""min_samples_leaf"": 1, ""n_estimators"": 500}",False,0.8545,
random_forest,optimized_search,0.78675,0.603894440174225,0.9364322606277314,0.25,"{""class_weight"": ""balanced_subsample"", ""max_depth"": 12, ""min_samples_leaf"": 1, ""n_estimators"": 500}",False,0.8545,
random_forest,optimized_search,0.790625,0.6092938733125649,0.9324592769169646,0.26,"{""class_weight"": ""balanced_subsample"", ""max_depth"": 12, ""min_samples_leaf"": 1, ""n_estimators"": 500}",False,0.8545,
random_forest,optimized_search,0.795875,0.6165611814345991,0.9288835915772745,0.27,"{""class_weight"": ""balanced_subsample"", ""max_depth"": 12, ""min_samples_leaf"": 1, ""n_estimators"": 500}",False,0.8545,
random_forest,optimized_search,0.799625,0.6221272047033671,0.9249106078665077,0.28,"{""class_weight"": ""balanced_subsample"", ""max_depth"": 12, ""min_samples_leaf"": 1, ""n_estimators"": 500}",False,0.8545,
random_forest,optimized_search,0.80325,0.6280206353516156,0.9189511323003575,0.29,"{""class_weight"": ""balanced_subsample"", ""max_depth"": 12, ""min_samples_leaf"": 1, ""n_estimators"": 500}",False,0.8545,
random_forest,optimized_search,0.8065,0.6335078534031413,0.9133889551052841,0.3,"{""class_weight"": ""balanced_subsample"", ""max_depth"": 12, ""min_samples_leaf"": 1, ""n_estimators"": 500}",False,0.8545,
random_forest,optimized_search,0.810625,0.640414798206278,0.9078267779102106,0.31,"{""class_weight"": ""balanced_subsample"", ""max_depth"": 12, ""min_samples_leaf"": 1, ""n_estimators"": 500}",False,0.8545,
random_forest,optimized_search,0.811875,0.6435868331441543,0.901072705601907,0.32,"{""class_weight"": ""balanced_subsample"", ""max_depth"": 12, ""min_samples_leaf"": 1, ""n_estimators"": 500}",False,0.8545,
random_forest,optimized_search,0.81325,0.647533890972022,0.8919348430671434,0.33,"{""class_weight"": ""balanced_subsample"", ""max_depth"": 12, ""min_samples_leaf"": 1, ""n_estimators"": 500}",False,0.8545,
random_forest,optimized_search,0.81475,0.6512715580239696,0.8851807707588399,0.34,"{""class_weight"": ""balanced_subsample"", ""max_depth"": 12, ""min_samples_leaf"": 1, ""n_estimators"": 500}",False,0.8545,
random_forest,optimized_search,0.815875,0.6548961424332345,0.8768375049662296,0.35,"{""class_weight"": ""balanced_subsample"", ""max_depth"": 12, ""min_samples_leaf"": 1, ""n_estimators"": 500}",False,0.8545,
random_forest,optimized_search,0.8185,0.6597659765976598,0.8736591179976162,0.36,"{""class_weight"": ""balanced_subsample"", ""max_depth"": 12, ""min_samples_leaf"": 1, ""n_estimators"": 500}",False,0.8545,
random_forest,optimized_search,0.821875,0.6662606577344702,0.8692888359157728,0.37,"{""class_weight"": ""balanced_subsample"", ""max_depth"": 12, ""min_samples_leaf"": 1, ""n_estimators"": 500}",False,0.8545,
random_forest,optimized_search,0.8225,0.6694470188446092,0.8609455701231625,0.38,"{""class_weight"": ""balanced_subsample"", ""max_depth"": 12, ""min_samples_leaf"": 1, ""n_estimators"": 500}",False,0.8545,
random_forest,optimized_search,0.8255,0.6751015307716338,0.8585617798967025,0.39,"{""class_weight"": ""balanced_subsample"", ""max_depth"": 12, ""min_samples_leaf"": 1, ""n_estimators"": 500}",False,0.8545,
random_forest,optimized_search,0.827625,0.6807496823379924,0.8514104092173223,0.4,"{""class_weight"": ""balanced_subsample"", ""max_depth"": 12, ""min_samples_leaf"": 1, ""n_estimators"": 500}",False,0.8545,
random_forest,optimized_search,0.828875,0.6843288375080283,0.8466428287644021,0.41,"{""class_weight"": ""balanced_subsample"", ""max_depth"": 12, ""min_samples_leaf"": 1, ""n_estimators"": 500}",False,0.8545,
random_forest,optimized_search,0.830125,0.6888454011741683,0.8390941597139452,0.42,"{""class_weight"": ""balanced_subsample"", ""max_depth"": 12, ""min_samples_leaf"": 1, ""n_estimators"": 500}",False,0.8545,
random_forest,optimized_search,0.83,0.6907352456313881,0.8323400874056416,0.43,"{""class_weight"": ""balanced_subsample"", ""max_depth"": 12, ""min_samples_leaf"": 1, ""n_estimators"": 500}",False,0.8545,
random_forest,optimized_search,0.830625,0.6934087882822902,0.8275725069527214,0.44,"{""class_weight"": ""balanced_subsample"", ""max_depth"": 12, ""min_samples_leaf"": 1, ""n_estimators"": 500}",False,0.8545,
random_forest,optimized_search,0.83275,0.6994923857868021,0.8212157330154947,0.45,"{""class_weight"": ""balanced_subsample"", ""max_depth"": 12, ""min_samples_leaf"": 1, ""n_estimators"": 500}",False,0.8545,
random_forest,optimized_search,0.8335,0.7029804727646455,0.8152562574493445,0.46,"{""class_weight"": ""balanced_subsample"", ""max_depth"": 12, ""min_samples_leaf"": 1, ""n_estimators"": 500}",False,0.8545,
random_forest,optimized_search,0.834125,0.7070285316631872,0.8073102900278109,0.47,"{""class_weight"": ""balanced_subsample"", ""max_depth"": 12, ""min_samples_leaf"": 1, ""n_estimators"": 500}",False,0.8545,
random_forest,optimized_search,0.83475,0.7110561638996821,0.799761620977354,0.48,"{""class_weight"": ""balanced_subsample"", ""max_depth"": 12, ""min_samples_leaf"": 1, ""n_estimators"": 500}",False,0.8545,
random_forest,optimized_search,0.835625,0.7160316319194824,0.7914183551847438,0.49,"{""class_weight"": ""balanced_subsample"", ""max_depth"": 12, ""min_samples_leaf"": 1, ""n_estimators"": 500}",False,0.8545,
random_forest,optimized_search,0.83575,0.7192854538826102,0.7838696861342869,0.5,"{""class_weight"": ""balanced_subsample"", ""max_depth"": 12, ""min_samples_leaf"": 1, ""n_estimators"": 500}",False,0.8545,
random_forest,optimized_search,0.836875,0.7254464285714286,0.7747318235995232,0.51,"{""class_weight"": ""balanced_subsample"", ""max_depth"": 12, ""min_samples_leaf"": 1, ""n_estimators"": 500}",False,0.8545,
random_forest,optimized_search,0.836875,0.728334589299171,0.7679777512912197,0.52,"{""class_weight"": ""balanced_subsample"", ""max_depth"": 12, ""min_samples_leaf"": 1, ""n_estimators"": 500}",False,0.8545,
random_forest,optimized_search,0.837625,0.7335122699386503,0.7600317838696862,0.53,"{""class_weight"": ""balanced_subsample"", ""max_depth"": 12, ""min_samples_leaf"": 1, ""n_estimators"": 500}",False,0.8545,
random_forest,optimized_search,0.837375,0.7367601246105919,0.7516885180770759,0.54,"{""class_weight"": ""balanced_subsample"", ""max_depth"": 12, ""min_samples_leaf"": 1, ""n_estimators"": 500}",False,0.8545,
random_forest,optimized_search,0.83675,0.73810460086512,0.7457290425109258,0.55,"{""class_weight"": ""balanced_subsample"", ""max_depth"": 12, ""min_samples_leaf"": 1, ""n_estimators"": 500}",False,0.8545,
random_forest,optimized_search,0.8375,0.743108270075909,0.7389749702026222,0.56,"{""class_weight"": ""balanced_subsample"", ""max_depth"": 12, ""min_samples_leaf"": 1, ""n_estimators"": 500}",False,0.8545,
random_forest,optimized_search,0.83775,0.7466612707405909,0.733015494636472,0.57,"{""class_weight"": ""balanced_subsample"", ""max_depth"": 12, ""min_samples_leaf"": 1, ""n_estimators"": 500}",False,0.8545,
random_forest,optimized_search,0.838,0.7507186858316222,0.7262614223281685,0.58,"{""class_weight"": ""balanced_subsample"", ""max_depth"": 12, ""min_samples_leaf"": 1, ""n_estimators"": 500}",False,0.8545,
random_forest,optimized_search,0.837125,0.753338898163606,0.7171235597934048,0.59,"{""class_weight"": ""balanced_subsample"", ""max_depth"": 12, ""min_samples_leaf"": 1, ""n_estimators"": 500}",False,0.8545,
random_forest,optimized_search,0.837375,0.7576271186440678,0.7103694874851013,0.6,"{""class_weight"": ""balanced_subsample"", ""max_depth"": 12, ""min_samples_leaf"": 1, ""n_estimators"": 500}",False,0.8545,
random_forest,optimized_search,0.838375,0.7642487046632125,0.7032181168057211,0.61,"{""class_weight"": ""balanced_subsample"", ""max_depth"": 12, ""min_samples_leaf"": 1, ""n_estimators"": 500}",False,0.8545,
random_forest,optimized_search,0.8385,0.7689942907334212,0.6956694477552642,0.62,"{""class_weight"": ""balanced_subsample"", ""max_depth"": 12, ""min_samples_leaf"": 1, ""n_estimators"": 500}",False,0.8545,
random_forest,optimized_search,0.836375,0.7720720720720721,0.680969408025427,0.63,"{""class_weight"": ""balanced_subsample"", ""max_depth"": 12, ""min_samples_leaf"": 1, ""n_estimators"": 500}",False,0.8545,
random_forest,optimized_search,0.835,0.7736625514403292,0.6722288438617402,0.64,"{""class_weight"": ""balanced_subsample"", ""max_depth"": 12, ""min_samples_leaf"": 1, ""n_estimators"": 500}",False,0.8545,
random_forest,optimized_search,0.832875,0.7759588400374181,0.6591179976162098,0.65,"{""class_weight"": ""balanced_subsample"", ""max_depth"": 12, ""min_samples_leaf"": 1, ""n_estimators"": 500}",False,0.8545,
random_forest,optimized_search,0.831125,0.7794822627037392,0.6460071513706794,0.66,"{""class_weight"": ""balanced_subsample"", ""max_depth"": 12, ""min_samples_leaf"": 1, ""n_estimators"": 500}",False,0.8545,
random_forest,optimized_search,0.830125,0.7846607669616519,0.634088200238379,0.67,"{""class_weight"": ""balanced_subsample"", ""max_depth"": 12, ""min_samples_leaf"": 1, ""n_estimators"": 500}",False,0.8545,
random_forest,optimized_search,0.829375,0.791497975708502,0.6213746523639253,0.68,"{""class_weight"": ""balanced_subsample"", ""max_depth"": 12, ""min_samples_leaf"": 1, ""n_estimators"": 500}",False,0.8545,
random_forest,optimized_search,0.82875,0.8001046572475143,0.6074692093762416,0.69,"{""class_weight"": ""balanced_subsample"", ""max_depth"": 12, ""min_samples_leaf"": 1, ""n_estimators"": 500}",False,0.8545,
random_forest,optimized_search,0.828125,0.8083153347732182,0.5947556615017878,0.7,"{""class_weight"": ""balanced_subsample"", ""max_depth"": 12, ""min_samples_leaf"": 1, ""n_estimators"": 500}",False,0.8545,
random_forest,optimized_search,0.824875,0.8117318435754189,0.577274533174414,0.71,"{""class_weight"": ""balanced_subsample"", ""max_depth"": 12, ""min_samples_leaf"": 1, ""n_estimators"": 500}",False,0.8545,
random_forest,optimized_search,0.821625,0.8135788262370541,0.5617798967024236,0.72,"{""class_weight"": ""balanced_subsample"", ""max_depth"": 12, ""min_samples_leaf"": 1, ""n_estimators"": 500}",False,0.8545,
random_forest,optimized_search,0.818875,0.8178571428571428,0.5458879618593564,0.73,"{""class_weight"": ""balanced_subsample"", ""max_depth"": 12, ""min_samples_leaf"": 1, ""n_estimators"": 500}",False,0.8545,
random_forest,optimized_search,0.81575,0.8221124150710315,0.5288041319030592,0.74,"{""class_weight"": ""balanced_subsample"", ""max_depth"": 12, ""min_samples_leaf"": 1, ""n_estimators"": 500}",False,0.8545,
random_forest,optimized_search,0.81425,0.8289725590299937,0.5160905840286055,0.75,"{""class_weight"": ""balanced_subsample"", ""max_depth"": 12, ""min_samples_leaf"": 1, ""n_estimators"": 500}",False,0.8545,
random_forest,optimized_search,0.810875,0.8324503311258278,0.499404052443385,0.76,"{""class_weight"": ""balanced_subsample"", ""max_depth"": 12, ""min_samples_leaf"": 1, ""n_estimators"": 500}",False,0.8545,
random_forest,optimized_search,0.8085,0.8348062542488104,0.4878823996821613,0.77,"{""class_weight"": ""balanced_subsample"", ""max_depth"": 12, ""min_samples_leaf"": 1, ""n_estimators"": 500}",False,0.8545,
random_forest,optimized_search,0.806125,0.840620592383639,0.4735796583234009,0.78,"{""class_weight"": ""balanced_subsample"", ""max_depth"": 12, ""min_samples_leaf"": 1, ""n_estimators"": 500}",False,0.8545,
random_forest,optimized_search,0.803875,0.8485294117647059,0.4584823202224871,0.79,"{""class_weight"": ""balanced_subsample"", ""max_depth"": 12, ""min_samples_leaf"": 1, ""n_estimators"": 500}",False,0.8545,
random_forest,optimized_search,0.7995,0.8508839354342813,0.4398092967818832,0.8,"{""class_weight"": ""balanced_subsample"", ""max_depth"": 12, ""min_samples_leaf"": 1, ""n_estimators"": 500}",False,0.8545,
random_forest,optimized_search,0.7965,0.8564554931836408,0.42431466030989273,0.81,"{""class_weight"": ""balanced_subsample"", ""max_depth"": 12, ""min_samples_leaf"": 1, ""n_estimators"": 500}",False,0.8545,
random_forest,optimized_search,0.73075,0.5404141616566466,0.964243146603099,0.2,"{""class_weight"": ""balanced_subsample"", ""max_depth"": 12, ""min_samples_leaf"": 3, ""n_estimators"": 300}",False,0.8545,
random_forest,optimized_search,0.7385,0.5481531837752096,0.9610647596344855,0.21,"{""class_weight"": ""balanced_subsample"", ""max_depth"": 12, ""min_samples_leaf"": 3, ""n_estimators"": 300}",False,0.8545,
random_forest,optimized_search,0.746375,0.5565076424270495,0.9547079856972587,0.22,"{""class_weight"": ""balanced_subsample"", ""max_depth"": 12, ""min_samples_leaf"": 3, ""n_estimators"": 300}",False,0.8545,
random_forest,optimized_search,0.751375,0.5621468926553672,0.9487485101311085,0.23,"{""class_weight"": ""balanced_subsample"", ""max_depth"": 12, ""min_samples_leaf"": 3, ""n_estimators"": 300}",False,0.8545,
random_forest,optimized_search,0.75875,0.5703668185087509,0.9451728247914184,0.24,"{""class_weight"": ""balanced_subsample"", ""max_depth"": 12, ""min_samples_leaf"": 3, ""n_estimators"": 300}",False,0.8545,
random_forest,optimized_search,0.76375,0.5762217359591539,0.9415971394517283,0.25,"{""class_weight"": ""balanced_subsample"", ""max_depth"": 12, ""min_samples_leaf"": 3, ""n_estimators"": 300}",False,0.8545,
random_forest,optimized_search,0.769125,0.5826344351258017,0.9384187524831148,0.26,"{""class_weight"": ""balanced_subsample"", ""max_depth"": 12, ""min_samples_leaf"": 3, ""n_estimators"": 300}",False,0.8545,
random_forest,optimized_search,0.77525,0.5900325569747057,0.9360349622566547,0.27,"{""class_weight"": ""balanced_subsample"", ""max_depth"": 12, ""min_samples_leaf"": 3, ""n_estimators"": 300}",False,0.8545,
random_forest,optimized_search,0.78175,0.5983669303393723,0.9316646801748113,0.28,"{""class_weight"": ""balanced_subsample"", ""max_depth"": 12, ""min_samples_leaf"": 3, ""n_estimators"": 300}",False,0.8545,
random_forest,optimized_search,0.78625,0.6046692607003891,0.9261025029797377,0.29,"{""class_weight"": ""balanced_subsample"", ""max_depth"": 12, ""min_samples_leaf"": 3, ""n_estimators"": 300}",False,0.8545,
random_forest,optimized_search,0.78925,0.6091410559495666,0.9213349225268176,0.3,"{""class_weight"": ""balanced_subsample"", ""max_depth"": 12, ""min_samples_leaf"": 3, ""n_estimators"": 300}",False,0.8545,
random_forest,optimized_search,0.790625,0.6120276742948377,0.9137862534763608,0.31,"{""class_weight"": ""balanced_subsample"", ""max_depth"": 12, ""min_samples_leaf"": 3, ""n_estimators"": 300}",False,0.8545,
random_forest,optimized_search,0.793,0.6160064672594988,0.9082240762812872,0.32,"{""class_weight"": ""balanced_subsample"", ""max_depth"": 12, ""min_samples_leaf"": 3, ""n_estimators"": 300}",False,0.8545,
random_forest,optimized_search,0.79725,0.6221676221676221,0.9054429876837505,0.33,"{""class_weight"": ""balanced_subsample"", ""max_depth"": 12, ""min_samples_leaf"": 3, ""n_estimators"": 300}",False,0.8545,
random_forest,optimized_search,0.801375,0.6283895960154953,0.902264600715137,0.34,"{""class_weight"": ""balanced_subsample"", ""max_depth"": 12, ""min_samples_leaf"": 3, ""n_estimators"": 300}",False,0.8545,
random_forest,optimized_search,0.805625,0.6352643419572553,0.8974970202622169,0.35,"{""class_weight"": ""balanced_subsample"", ""max_depth"": 12, ""min_samples_leaf"": 3, ""n_estimators"": 300}",False,0.8545,
random_forest,optimized_search,0.80875,0.640638358506697,0.8931267381803735,0.36,"{""class_weight"": ""balanced_subsample"", ""max_depth"": 12, ""min_samples_leaf"": 3, ""n_estimators"": 300}",False,0.8545,
random_forest,optimized_search,0.811375,0.6454125793421812,0.88875645609853,0.37,"{""class_weight"": ""balanced_subsample"", ""max_depth"": 12, ""min_samples_leaf"": 3, ""n_estimators"": 300}",False,0.8545,
random_forest,optimized_search,0.814875,0.6517281780902168,0.8839888756456099,0.38,"{""class_weight"": ""balanced_subsample"", ""max_depth"": 12, ""min_samples_leaf"": 3, ""n_estimators"": 300}",False,0.8545,
random_forest,optimized_search,0.817125,0.6562870699881376,0.8792212951926897,0.39,"{""class_weight"": ""balanced_subsample"", ""max_depth"": 12, ""min_samples_leaf"": 3, ""n_estimators"": 300}",False,0.8545,
random_forest,optimized_search,0.821,0.6634528472431456,0.8748510131108462,0.4,"{""class_weight"": ""balanced_subsample"", ""max_depth"": 12, ""min_samples_leaf"": 3, ""n_estimators"": 300}",False,0.8545,
random_forest,optimized_search,0.82325,0.6683969465648855,0.8696861342868494,0.41,"{""class_weight"": ""balanced_subsample"", ""max_depth"": 12, ""min_samples_leaf"": 3, ""n_estimators"": 300}",False,0.8545,
random_forest,optimized_search,0.8255,0.6732612055641422,0.865315852205006,0.42,"{""class_weight"": ""balanced_subsample"", ""max_depth"": 12, ""min_samples_leaf"": 3, ""n_estimators"": 300}",False,0.8545,
random_forest,optimized_search,0.825625,0.6756418284283031,0.8573698847834724,0.43,"{""class_weight"": ""balanced_subsample"", ""max_depth"": 12, ""min_samples_leaf"": 3, ""n_estimators"": 300}",False,0.8545,
random_forest,optimized_search,0.827875,0.6804939835338822,0.8537941994437823,0.44,"{""class_weight"": ""balanced_subsample"", ""max_depth"": 12, ""min_samples_leaf"": 3, ""n_estimators"": 300}",False,0.8545,
random_forest,optimized_search,0.829625,0.6846991037131882,0.8498212157330155,0.45,"{""class_weight"": ""balanced_subsample"", ""max_depth"": 12, ""min_samples_leaf"": 3, ""n_estimators"": 300}",False,0.8545,
random_forest,optimized_search,0.831375,0.6897335932423652,0.8434644417957886,0.46,"{""class_weight"": ""balanced_subsample"", ""max_depth"": 12, ""min_samples_leaf"": 3, ""n_estimators"": 300}",False,0.8545,
random_forest,optimized_search,0.831875,0.6928900592495063,0.8363130711164084,0.47,"{""class_weight"": ""balanced_subsample"", ""max_depth"": 12, ""min_samples_leaf"": 3, ""n_estimators"": 300}",False,0.8545,
random_forest,optimized_search,0.832375,0.696,0.8295589988081049,0.48,"{""class_weight"": ""balanced_subsample"", ""max_depth"": 12, ""min_samples_leaf"": 3, ""n_estimators"": 300}",False,0.8545,
random_forest,optimized_search,0.8345,0.702271956595456,0.8228049264998013,0.49,"{""class_weight"": ""balanced_subsample"", ""max_depth"": 12, ""min_samples_leaf"": 3, ""n_estimators"": 300}",False,0.8545,
random_forest,optimized_search,0.836,0.7079737659647911,0.8148589590782678,0.5,"{""class_weight"": ""balanced_subsample"", ""max_depth"": 12, ""min_samples_leaf"": 3, ""n_estimators"": 300}",False,0.8545,
random_forest,optimized_search,0.835375,0.7103786816269285,0.8049264998013508,0.51,"{""class_weight"": ""balanced_subsample"", ""max_depth"": 12, ""min_samples_leaf"": 3, ""n_estimators"": 300}",False,0.8545,
random_forest,optimized_search,0.836375,0.7144886363636364,0.7993643226062773,0.52,"{""class_weight"": ""balanced_subsample"", ""max_depth"": 12, ""min_samples_leaf"": 3, ""n_estimators"": 300}",False,0.8545,
random_forest,optimized_search,0.83775,0.7191657677094571,0.7945967421533572,0.53,"{""class_weight"": ""balanced_subsample"", ""max_depth"": 12, ""min_samples_leaf"": 3, ""n_estimators"": 300}",False,0.8545,
random_forest,optimized_search,0.838125,0.7228300510576222,0.787445371473977,0.54,"{""class_weight"": ""balanced_subsample"", ""max_depth"": 12, ""min_samples_leaf"": 3, ""n_estimators"": 300}",False,0.8545,
random_forest,optimized_search,0.8395,0.728587319243604,0.7806912991656734,0.55,"{""class_weight"": ""balanced_subsample"", ""max_depth"": 12, ""min_samples_leaf"": 3, ""n_estimators"": 300}",False,0.8545,
random_forest,optimized_search,0.8405,0.7338861666038448,0.7735399284862932,0.56,"{""class_weight"": ""balanced_subsample"", ""max_depth"": 12, ""min_samples_leaf"": 3, ""n_estimators"": 300}",False,0.8545,
random_forest,optimized_search,0.840875,0.7375859434682964,0.7671831545490664,0.57,"{""class_weight"": ""balanced_subsample"", ""max_depth"": 12, ""min_samples_leaf"": 3, ""n_estimators"": 300}",False,0.8545,
random_forest,optimized_search,0.839125,0.7389277389277389,0.7556615017878426,0.58,"{""class_weight"": ""balanced_subsample"", ""max_depth"": 12, ""min_samples_leaf"": 3, ""n_estimators"": 300}",False,0.8545,
random_forest,optimized_search,0.8385,0.7414268821442649,0.7473182359952324,0.59,"{""class_weight"": ""balanced_subsample"", ""max_depth"": 12, ""min_samples_leaf"": 3, ""n_estimators"": 300}",False,0.8545,
random_forest,optimized_search,0.83875,0.745105872952457,0.7409614620580056,0.6,"{""class_weight"": ""balanced_subsample"", ""max_depth"": 12, ""min_samples_leaf"": 3, ""n_estimators"": 300}",False,0.8545,
random_forest,optimized_search,0.8385,0.7494908350305499,0.7310290027810886,0.61,"{""class_weight"": ""balanced_subsample"", ""max_depth"": 12, ""min_samples_leaf"": 3, ""n_estimators"": 300}",False,0.8545,
random_forest,optimized_search,0.838375,0.7531017369727047,0.7234803337306317,0.62,"{""class_weight"": ""balanced_subsample"", ""max_depth"": 12, ""min_samples_leaf"": 3, ""n_estimators"": 300}",False,0.8545,
random_forest,optimized_search,0.838125,0.7569386038687973,0.7151370679380215,0.63,"{""class_weight"": ""balanced_subsample"", ""max_depth"": 12, ""min_samples_leaf"": 3, ""n_estimators"": 300}",False,0.8545,
random_forest,optimized_search,0.838375,0.761986301369863,0.7071911005164879,0.64,"{""class_weight"": ""balanced_subsample"", ""max_depth"": 12, ""min_samples_leaf"": 3, ""n_estimators"": 300}",False,0.8545,
random_forest,optimized_search,0.838125,0.7679824561403509,0.6956694477552642,0.65,"{""class_weight"": ""balanced_subsample"", ""max_depth"": 12, ""min_samples_leaf"": 3, ""n_estimators"": 300}",False,0.8545,
random_forest,optimized_search,0.836375,0.7698838248436104,0.6845450933651172,0.66,"{""class_weight"": ""balanced_subsample"", ""max_depth"": 12, ""min_samples_leaf"": 3, ""n_estimators"": 300}",False,0.8545,
random_forest,optimized_search,0.83625,0.7764544205222171,0.6734207389749702,0.67,"{""class_weight"": ""balanced_subsample"", ""max_depth"": 12, ""min_samples_leaf"": 3, ""n_estimators"": 300}",False,0.8545,
random_forest,optimized_search,0.835125,0.7809568480300187,0.6615017878426699,0.68,"{""class_weight"": ""balanced_subsample"", ""max_depth"": 12, ""min_samples_leaf"": 3, ""n_estimators"": 300}",False,0.8545,
random_forest,optimized_search,0.83225,0.7836793819410912,0.6448152562574494,0.69,"{""class_weight"": ""balanced_subsample"", ""max_depth"": 12, ""min_samples_leaf"": 3, ""n_estimators"": 300}",False,0.8545,
random_forest,optimized_search,0.832375,0.7916666666666666,0.634088200238379,0.7,"{""class_weight"": ""balanced_subsample"", ""max_depth"": 12, ""min_samples_leaf"": 3, ""n_estimators"": 300}",False,0.8545,
random_forest,optimized_search,0.832125,0.8007172131147541,0.6209773539928486,0.71,"{""class_weight"": ""balanced_subsample"", ""max_depth"": 12, ""min_samples_leaf"": 3, ""n_estimators"": 300}",False,0.8545,
random_forest,optimized_search,0.82925,0.8046585494970884,0.6038935240365515,0.72,"{""class_weight"": ""balanced_subsample"", ""max_depth"": 12, ""min_samples_leaf"": 3, ""n_estimators"": 300}",False,0.8545,
random_forest,optimized_search,0.82675,0.8112272977435333,0.5856177989670243,0.73,"{""class_weight"": ""balanced_subsample"", ""max_depth"": 12, ""min_samples_leaf"": 3, ""n_estimators"": 300}",False,0.8545,
random_forest,optimized_search,0.824625,0.8164772727272728,0.5709177592371871,0.74,"{""class_weight"": ""balanced_subsample"", ""max_depth"": 12, ""min_samples_leaf"": 3, ""n_estimators"": 300}",False,0.8545,
random_forest,optimized_search,0.82275,0.8207822533566842,0.5586015097338101,0.75,"{""class_weight"": ""balanced_subsample"", ""max_depth"": 12, ""min_samples_leaf"": 3, ""n_estimators"": 300}",False,0.8545,
random_forest,optimized_search,0.821,0.8254349130173965,0.5466825586015097,0.76,"{""class_weight"": ""balanced_subsample"", ""max_depth"": 12, ""min_samples_leaf"": 3, ""n_estimators"": 300}",False,0.8545,
random_forest,optimized_search,0.81875,0.8332292317301686,0.5299960270162892,0.77,"{""class_weight"": ""balanced_subsample"", ""max_depth"": 12, ""min_samples_leaf"": 3, ""n_estimators"": 300}",False,0.8545,
random_forest,optimized_search,0.816,0.8381877022653722,0.5145013905442988,0.78,"{""class_weight"": ""balanced_subsample"", ""max_depth"": 12, ""min_samples_leaf"": 3, ""n_estimators"": 300}",False,0.8545,
random_forest,optimized_search,0.813875,0.8445040214477212,0.5005959475566151,0.79,"{""class_weight"": ""balanced_subsample"", ""max_depth"": 12, ""min_samples_leaf"": 3, ""n_estimators"": 300}",False,0.8545,
random_forest,optimized_search,0.811375,0.8490304709141274,0.4870878029400079,0.8,"{""class_weight"": ""balanced_subsample"", ""max_depth"": 12, ""min_samples_leaf"": 3, ""n_estimators"": 300}",False,0.8545,
random_forest,optimized_search,0.807875,0.8540462427745664,0.4696066746126341,0.81,"{""class_weight"": ""balanced_subsample"", ""max_depth"": 12, ""min_samples_leaf"": 3, ""n_estimators"": 300}",False,0.8545,
random_forest,optimized_best,0.73,0.539622641509434,0.9658323400874056,0.2,"{""class_weight"": ""balanced_subsample"", ""max_depth"": 12, ""min_samples_leaf"": 3, ""n_estimators"": 500}",False,0.8545,models/optimized_random_forest.pkl
random_forest,optimized_search,0.73925,0.548921679909194,0.9606674612634089,0.21,"{""class_weight"": ""balanced_subsample"", ""max_depth"": 12, ""min_samples_leaf"": 3, ""n_estimators"": 500}",False,0.8545,
random_forest,optimized_search,0.746625,0.5565819861431871,0.9574890742947954,0.22,"{""class_weight"": ""balanced_subsample"", ""max_depth"": 12, ""min_samples_leaf"": 3, ""n_estimators"": 500}",False,0.8545,
random_forest,optimized_search,0.75325,0.5637773079633545,0.9535160905840286,0.23,"{""class_weight"": ""balanced_subsample"", ""max_depth"": 12, ""min_samples_leaf"": 3, ""n_estimators"": 500}",False,0.8545,
random_forest,optimized_search,0.75675,0.56799237913789,0.9475566150178785,0.24,"{""class_weight"": ""balanced_subsample"", ""max_depth"": 12, ""min_samples_leaf"": 3, ""n_estimators"": 500}",False,0.8545,
random_forest,optimized_search,0.764375,0.5768108896451143,0.9427890345649583,0.25,"{""class_weight"": ""balanced_subsample"", ""max_depth"": 12, ""min_samples_leaf"": 3, ""n_estimators"": 500}",False,0.8545,
random_forest,optimized_search,0.769375,0.5828811050814011,0.9388160508541915,0.26,"{""class_weight"": ""balanced_subsample"", ""max_depth"": 12, ""min_samples_leaf"": 3, ""n_estimators"": 500}",False,0.8545,
random_forest,optimized_search,0.775375,0.5900450225112557,0.9372268573698848,0.27,"{""class_weight"": ""balanced_subsample"", ""max_depth"": 12, ""min_samples_leaf"": 3, ""n_estimators"": 500}",False,0.8545,
random_forest,optimized_search,0.78175,0.5980666497074536,0.9340484704012714,0.28,"{""class_weight"": ""balanced_subsample"", ""max_depth"": 12, ""min_samples_leaf"": 3, ""n_estimators"": 500}",False,0.8545,
random_forest,optimized_search,0.785375,0.6034126163391934,0.9272943980929678,0.29,"{""class_weight"": ""balanced_subsample"", ""max_depth"": 12, ""min_samples_leaf"": 3, ""n_estimators"": 500}",False,0.8545,
random_forest,optimized_search,0.788625,0.6082852648138437,0.9217322208978943,0.3,"{""class_weight"": ""balanced_subsample"", ""max_depth"": 12, ""min_samples_leaf"": 3, ""n_estimators"": 500}",False,0.8545,
random_forest,optimized_search,0.791,0.6122177954847278,0.9157727453317441,0.31,"{""class_weight"": ""balanced_subsample"", ""max_depth"": 12, ""min_samples_leaf"": 3, ""n_estimators"": 500}",False,0.8545,
random_forest,optimized_search,0.793375,0.6161915008068855,0.9102105681366707,0.32,"{""class_weight"": ""balanced_subsample"", ""max_depth"": 12, ""min_samples_leaf"": 3, ""n_estimators"": 500}",False,0.8545,
random_forest,optimized_search,0.796125,0.6206427015250545,0.9054429876837505,0.33,"{""class_weight"": ""balanced_subsample"", ""max_depth"": 12, ""min_samples_leaf"": 3, ""n_estimators"": 500}",False,0.8545,
random_forest,optimized_search,0.802,0.6291170772211458,0.9030591974572905,0.34,"{""class_weight"": ""balanced_subsample"", ""max_depth"": 12, ""min_samples_leaf"": 3, ""n_estimators"": 500}",False,0.8545,
random_forest,optimized_search,0.806125,0.6358267716535433,0.8982916170043703,0.35,"{""class_weight"": ""balanced_subsample"", ""max_depth"": 12, ""min_samples_leaf"": 3, ""n_estimators"": 500}",False,0.8545,
random_forest,optimized_search,0.808125,0.6395679363274588,0.8939213349225268,0.36,"{""class_weight"": ""balanced_subsample"", ""max_depth"": 12, ""min_samples_leaf"": 3, ""n_estimators"": 500}",False,0.8545,
random_forest,optimized_search,0.810125,0.6439699942296595,0.8867699642431466,0.37,"{""class_weight"": ""balanced_subsample"", ""max_depth"": 12, ""min_samples_leaf"": 3, ""n_estimators"": 500}",False,0.8545,
random_forest,optimized_search,0.813875,0.650556531927358,0.8823996821613032,0.38,"{""class_weight"": ""balanced_subsample"", ""max_depth"": 12, ""min_samples_leaf"": 3, ""n_estimators"": 500}",False,0.8545,
random_forest,optimized_search,0.817,0.6562778272484416,0.8784266984505363,0.39,"{""class_weight"": ""balanced_subsample"", ""max_depth"": 12, ""min_samples_leaf"": 3, ""n_estimators"": 500}",False,0.8545,
random_forest,optimized_search,0.8195,0.6618401206636501,0.8716726261422328,0.4,"{""class_weight"": ""balanced_subsample"", ""max_depth"": 12, ""min_samples_leaf"": 3, ""n_estimators"": 500}",False,0.8545,
random_forest,optimized_search,0.822375,0.6676866585067319,0.8669050456893127,0.41,"{""class_weight"": ""balanced_subsample"", ""max_depth"": 12, ""min_samples_leaf"": 3, ""n_estimators"": 500}",False,0.8545,
random_forest,optimized_search,0.825125,0.6730650154798762,0.8637266587206992,0.42,"{""class_weight"": ""balanced_subsample"", ""max_depth"": 12, ""min_samples_leaf"": 3, ""n_estimators"": 500}",False,0.8545,
random_forest,optimized_search,0.826625,0.6770050125313283,0.8585617798967025,0.43,"{""class_weight"": ""balanced_subsample"", ""max_depth"": 12, ""min_samples_leaf"": 3, ""n_estimators"": 500}",False,0.8545,
random_forest,optimized_search,0.826875,0.6790006325110689,0.8529996027016289,0.44,"{""class_weight"": ""balanced_subsample"", ""max_depth"": 12, ""min_samples_leaf"": 3, ""n_estimators"": 500}",False,0.8545,
random_forest,optimized_search,0.830375,0.6858974358974359,0.8502185141040922,0.45,"{""class_weight"": ""balanced_subsample"", ""max_depth"": 12, ""min_samples_leaf"": 3, ""n_estimators"": 500}",False,0.8545,
random_forest,optimized_search,0.830875,0.688961038961039,0.843067143424712,0.46,"{""class_weight"": ""balanced_subsample"", ""max_depth"": 12, ""min_samples_leaf"": 3, ""n_estimators"": 500}",False,0.8545,
random_forest,optimized_search,0.83125,0.6920039486673247,0.8355184743742551,0.47,"{""class_weight"": ""balanced_subsample"", ""max_depth"": 12, ""min_samples_leaf"": 3, ""n_estimators"": 500}",False,0.8545,
random_forest,optimized_search,0.833375,0.6975967957276369,0.8303535955502582,0.48,"{""class_weight"": ""balanced_subsample"", ""max_depth"": 12, ""min_samples_leaf"": 3, ""n_estimators"": 500}",False,0.8545,
random_forest,optimized_search,0.83575,0.7043832823649337,0.8235995232419547,0.49,"{""class_weight"": ""balanced_subsample"", ""max_depth"": 12, ""min_samples_leaf"": 3, ""n_estimators"": 500}",False,0.8545,
random_forest,optimized_search,0.83575,0.7077720207253886,0.8140643623361145,0.5,"{""class_weight"": ""balanced_subsample"", ""max_depth"": 12, ""min_samples_leaf"": 3, ""n_estimators"": 500}",False,0.8545,
random_forest,optimized_search,0.835875,0.7110799438990182,0.8057210965435042,0.51,"{""class_weight"": ""balanced_subsample"", ""max_depth"": 12, ""min_samples_leaf"": 3, ""n_estimators"": 500}",False,0.8545,
random_forest,optimized_search,0.83575,0.7139807897545357,0.797377830750894,0.52,"{""class_weight"": ""balanced_subsample"", ""max_depth"": 12, ""min_samples_leaf"": 3, ""n_estimators"": 500}",False,0.8545,
random_forest,optimized_search,0.8365,0.7175242893127024,0.7922129519268971,0.53,"{""class_weight"": ""balanced_subsample"", ""max_depth"": 12, ""min_samples_leaf"": 3, ""n_estimators"": 500}",False,0.8545,
random_forest,optimized_search,0.837875,0.722953216374269,0.7858561779896702,0.54,"{""class_weight"": ""balanced_subsample"", ""max_depth"": 12, ""min_samples_leaf"": 3, ""n_estimators"": 500}",False,0.8545,
random_forest,optimized_search,0.83925,0.7278785634950018,0.7810885975367501,0.55,"{""class_weight"": ""balanced_subsample"", ""max_depth"": 12, ""min_samples_leaf"": 3, ""n_estimators"": 500}",False,0.8545,
random_forest,optimized_search,0.84,0.7329566854990583,0.7731426301152166,0.56,"{""class_weight"": ""balanced_subsample"", ""max_depth"": 12, ""min_samples_leaf"": 3, ""n_estimators"": 500}",False,0.8545,
random_forest,optimized_search,0.838875,0.7347094801223242,0.7636074692093763,0.57,"{""class_weight"": ""balanced_subsample"", ""max_depth"": 12, ""min_samples_leaf"": 3, ""n_estimators"": 500}",False,0.8545,
random_forest,optimized_search,0.838875,0.7378001549186677,0.7568533969010727,0.58,"{""class_weight"": ""balanced_subsample"", ""max_depth"": 12, ""min_samples_leaf"": 3, ""n_estimators"": 500}",False,0.8545,
random_forest,optimized_search,0.838625,0.7407698350353495,0.7493047278506159,0.59,"{""class_weight"": ""balanced_subsample"", ""max_depth"": 12, ""min_samples_leaf"": 3, ""n_estimators"": 500}",False,0.8545,
random_forest,optimized_search,0.839,0.7462925851703407,0.7397695669447756,0.6,"{""class_weight"": ""balanced_subsample"", ""max_depth"": 12, ""min_samples_leaf"": 3, ""n_estimators"": 500}",False,0.8545,
random_forest,optimized_search,0.838125,0.7485760781122864,0.7310290027810886,0.61,"{""class_weight"": ""balanced_subsample"", ""max_depth"": 12, ""min_samples_leaf"": 3, ""n_estimators"": 500}",False,0.8545,
random_forest,optimized_search,0.83825,0.7523730912092448,0.724274930472785,0.62,"{""class_weight"": ""balanced_subsample"", ""max_depth"": 12, ""min_samples_leaf"": 3, ""n_estimators"": 500}",False,0.8545,
random_forest,optimized_search,0.83775,0.756415649978965,0.7143424711958681,0.63,"{""class_weight"": ""balanced_subsample"", ""max_depth"": 12, ""min_samples_leaf"": 3, ""n_estimators"": 500}",False,0.8545,
random_forest,optimized_search,0.8385,0.7625375053579083,0.7067938021454112,0.64,"{""class_weight"": ""balanced_subsample"", ""max_depth"": 12, ""min_samples_leaf"": 3, ""n_estimators"": 500}",False,0.8545,
random_forest,optimized_search,0.83725,0.7656318320944469,0.6956694477552642,0.65,"{""class_weight"": ""balanced_subsample"", ""max_depth"": 12, ""min_samples_leaf"": 3, ""n_estimators"": 500}",False,0.8545,
random_forest,optimized_search,0.83725,0.7718120805369127,0.6853396901072706,0.66,"{""class_weight"": ""balanced_subsample"", ""max_depth"": 12, ""min_samples_leaf"": 3, ""n_estimators"": 500}",False,0.8545,
random_forest,optimized_search,0.836625,0.7772685609532539,0.6738180373460468,0.67,"{""class_weight"": ""balanced_subsample"", ""max_depth"": 12, ""min_samples_leaf"": 3, ""n_estimators"": 500}",False,0.8545,
random_forest,optimized_search,0.834125,0.778558052434457,0.6607071911005165,0.68,"{""class_weight"": ""balanced_subsample"", ""max_depth"": 12, ""min_samples_leaf"": 3, ""n_estimators"": 500}",False,0.8545,
random_forest,optimized_search,0.83325,0.785610816030903,0.646404449741756,0.69,"{""class_weight"": ""balanced_subsample"", ""max_depth"": 12, ""min_samples_leaf"": 3, ""n_estimators"": 500}",False,0.8545,
random_forest,optimized_search,0.832875,0.7929493545183715,0.6344854986094557,0.7,"{""class_weight"": ""balanced_subsample"", ""max_depth"": 12, ""min_samples_leaf"": 3, ""n_estimators"": 500}",False,0.8545,
random_forest,optimized_search,0.83125,0.7996918335901386,0.6185935637663885,0.71,"{""class_weight"": ""balanced_subsample"", ""max_depth"": 12, ""min_samples_leaf"": 3, ""n_estimators"": 500}",False,0.8545,
random_forest,optimized_search,0.829125,0.8055260361317748,0.6023043305522447,0.72,"{""class_weight"": ""balanced_subsample"", ""max_depth"": 12, ""min_samples_leaf"": 3, ""n_estimators"": 500}",False,0.8545,
random_forest,optimized_search,0.826875,0.810989010989011,0.5864123957091776,0.73,"{""class_weight"": ""balanced_subsample"", ""max_depth"": 12, ""min_samples_leaf"": 3, ""n_estimators"": 500}",False,0.8545,
random_forest,optimized_search,0.82525,0.8188034188034188,0.5709177592371871,0.74,"{""class_weight"": ""balanced_subsample"", ""max_depth"": 12, ""min_samples_leaf"": 3, ""n_estimators"": 500}",False,0.8545,
random_forest,optimized_search,0.823125,0.8218457943925234,0.5589988081048868,0.75,"{""class_weight"": ""balanced_subsample"", ""max_depth"": 12, ""min_samples_leaf"": 3, ""n_estimators"": 500}",False,0.8545,
random_forest,optimized_search,0.820875,0.8241626794258373,0.547477155343663,0.76,"{""class_weight"": ""balanced_subsample"", ""max_depth"": 12, ""min_samples_leaf"": 3, ""n_estimators"": 500}",False,0.8545,
random_forest,optimized_search,0.820125,0.8347826086956521,0.533969010727056,0.77,"{""class_weight"": ""balanced_subsample"", ""max_depth"": 12, ""min_samples_leaf"": 3, ""n_estimators"": 500}",False,0.8545,
random_forest,optimized_search,0.816,0.8381877022653722,0.5145013905442988,0.78,"{""class_weight"": ""balanced_subsample"", ""max_depth"": 12, ""min_samples_leaf"": 3, ""n_estimators"": 500}",False,0.8545,
random_forest,optimized_search,0.814875,0.8462566844919787,0.5029797377830751,0.79,"{""class_weight"": ""balanced_subsample"", ""max_depth"": 12, ""min_samples_leaf"": 3, ""n_estimators"": 500}",False,0.8545,
random_forest,optimized_search,0.81125,0.84941013185288,0.4862932061978546,0.8,"{""class_weight"": ""balanced_subsample"", ""max_depth"": 12, ""min_samples_leaf"": 3, ""n_estimators"": 500}",False,0.8545,
random_forest,optimized_search,0.808,0.8536409516943042,0.47040127135478743,0.81,"{""class_weight"": ""balanced_subsample"", ""max_depth"": 12, ""min_samples_leaf"": 3, ""n_estimators"": 500}",False,0.8545,
catboost,optimized_search,0.80675,0.6315361690598754,0.9261025029797377,0.2,"{""depth"": 6, ""iterations"": 300, ""l2_leaf_reg"": 3.0, ""learning_rate"": 0.03}",False,0.8545,
catboost,optimized_search,0.8095,0.6360646752534941,0.922129519268971,0.21,"{""depth"": 6, ""iterations"": 300, ""l2_leaf_reg"": 3.0, ""learning_rate"": 0.03}",False,0.8545,
catboost,optimized_search,0.812625,0.6413888888888889,0.9173619388160509,0.22,"{""depth"": 6, ""iterations"": 300, ""l2_leaf_reg"": 3.0, ""learning_rate"": 0.03}",False,0.8545,
catboost,optimized_search,0.816,0.6469760900140648,0.9137862534763608,0.23,"{""depth"": 6, ""iterations"": 300, ""l2_leaf_reg"": 3.0, ""learning_rate"": 0.03}",False,0.8545,
catboost,optimized_search,0.818,0.6514416214673138,0.9066348827969806,0.24,"{""depth"": 6, ""iterations"": 300, ""l2_leaf_reg"": 3.0, ""learning_rate"": 0.03}",False,0.8545,
catboost,optimized_search,0.820625,0.6561778290993071,0.9030591974572905,0.25,"{""depth"": 6, ""iterations"": 300, ""l2_leaf_reg"": 3.0, ""learning_rate"": 0.03}",False,0.8545,
catboost,optimized_search,0.822,0.6597486115171003,0.8967024235200636,0.26,"{""depth"": 6, ""iterations"": 300, ""l2_leaf_reg"": 3.0, ""learning_rate"": 0.03}",False,0.8545,
catboost,optimized_search,0.8255,0.6662711361613765,0.8923321414382201,0.27,"{""depth"": 6, ""iterations"": 300, ""l2_leaf_reg"": 3.0, ""learning_rate"": 0.03}",False,0.8545,
catboost,optimized_search,0.82925,0.673291177356218,0.8883591577274533,0.28,"{""depth"": 6, ""iterations"": 300, ""l2_leaf_reg"": 3.0, ""learning_rate"": 0.03}",False,0.8545,
catboost,optimized_search,0.833,0.6805258330785693,0.8843861740166865,0.29,"{""depth"": 6, ""iterations"": 300, ""l2_leaf_reg"": 3.0, ""learning_rate"": 0.03}",False,0.8545,
catboost,optimized_search,0.835,0.6854663774403471,0.878823996821613,0.3,"{""depth"": 6, ""iterations"": 300, ""l2_leaf_reg"": 3.0, ""learning_rate"": 0.03}",False,0.8545,
catboost,optimized_search,0.83675,0.6901098901098901,0.8732618196265395,0.31,"{""depth"": 6, ""iterations"": 300, ""l2_leaf_reg"": 3.0, ""learning_rate"": 0.03}",False,0.8545,
catboost,optimized_search,0.839,0.696765930195325,0.8645212554628526,0.32,"{""depth"": 6, ""iterations"": 300, ""l2_leaf_reg"": 3.0, ""learning_rate"": 0.03}",False,0.8545,
catboost,optimized_search,0.841875,0.7036434612882239,0.8593563766388558,0.33,"{""depth"": 6, ""iterations"": 300, ""l2_leaf_reg"": 3.0, ""learning_rate"": 0.03}",False,0.8545,
catboost,optimized_search,0.843,0.7073331141072016,0.8545887961859356,0.34,"{""depth"": 6, ""iterations"": 300, ""l2_leaf_reg"": 3.0, ""learning_rate"": 0.03}",False,0.8545,
catboost,optimized_search,0.84375,0.7116605412629469,0.8462455303933254,0.35,"{""depth"": 6, ""iterations"": 300, ""l2_leaf_reg"": 3.0, ""learning_rate"": 0.03}",False,0.8545,
catboost,optimized_search,0.844875,0.7155405405405405,0.8414779499404053,0.36,"{""depth"": 6, ""iterations"": 300, ""l2_leaf_reg"": 3.0, ""learning_rate"": 0.03}",False,0.8545,
catboost,optimized_search,0.846125,0.7205075445816187,0.8347238776321018,0.37,"{""depth"": 6, ""iterations"": 300, ""l2_leaf_reg"": 3.0, ""learning_rate"": 0.03}",False,0.8545,
catboost,optimized_search,0.847875,0.7253814147018031,0.8311481922924115,0.38,"{""depth"": 6, ""iterations"": 300, ""l2_leaf_reg"": 3.0, ""learning_rate"": 0.03}",False,0.8545,
catboost,optimized_search,0.84875,0.7300246392115453,0.8239968216130313,0.39,"{""depth"": 6, ""iterations"": 300, ""l2_leaf_reg"": 3.0, ""learning_rate"": 0.03}",False,0.8545,
catboost,optimized_search,0.849875,0.7344975053456878,0.8188319427890346,0.4,"{""depth"": 6, ""iterations"": 300, ""l2_leaf_reg"": 3.0, ""learning_rate"": 0.03}",False,0.8545,
catboost,optimized_search,0.85225,0.7421109902067464,0.8128724672228844,0.41,"{""depth"": 6, ""iterations"": 300, ""l2_leaf_reg"": 3.0, ""learning_rate"": 0.03}",False,0.8545,
catboost,optimized_search,0.851875,0.7448529411764706,0.8049264998013508,0.42,"{""depth"": 6, ""iterations"": 300, ""l2_leaf_reg"": 3.0, ""learning_rate"": 0.03}",False,0.8545,
catboost,optimized_search,0.852625,0.7496268656716418,0.7981724274930473,0.43,"{""depth"": 6, ""iterations"": 300, ""l2_leaf_reg"": 3.0, ""learning_rate"": 0.03}",False,0.8545,
catboost,optimized_search,0.853875,0.7556904400606981,0.7914183551847438,0.44,"{""depth"": 6, ""iterations"": 300, ""l2_leaf_reg"": 3.0, ""learning_rate"": 0.03}",False,0.8545,
catboost,optimized_search,0.854625,0.760184473481937,0.7858561779896702,0.45,"{""depth"": 6, ""iterations"": 300, ""l2_leaf_reg"": 3.0, ""learning_rate"": 0.03}",True,0.8545,
catboost,optimized_search,0.855375,0.765625,0.77870480731029,0.46,"{""depth"": 6, ""iterations"": 300, ""l2_leaf_reg"": 3.0, ""learning_rate"": 0.03}",True,0.8545,
catboost,optimized_search,0.857375,0.7725832012678289,0.7747318235995232,0.47,"{""depth"": 6, ""iterations"": 300, ""l2_leaf_reg"": 3.0, ""learning_rate"": 0.03}",True,0.8545,
catboost,optimized_search,0.857,0.7760353839967833,0.7667858561779897,0.48,"{""depth"": 6, ""iterations"": 300, ""l2_leaf_reg"": 3.0, ""learning_rate"": 0.03}",True,0.8545,
catboost,optimized_search,0.856125,0.7787755102040816,0.7580452920143027,0.49,"{""depth"": 6, ""iterations"": 300, ""l2_leaf_reg"": 3.0, ""learning_rate"": 0.03}",True,0.8545,
catboost,optimized_search,0.854625,0.7802152317880795,0.7489074294795391,0.5,"{""depth"": 6, ""iterations"": 300, ""l2_leaf_reg"": 3.0, ""learning_rate"": 0.03}",True,0.8545,
catboost,optimized_search,0.854625,0.7846930193439865,0.7413587604290822,0.51,"{""depth"": 6, ""iterations"": 300, ""l2_leaf_reg"": 3.0, ""learning_rate"": 0.03}",True,0.8545,
catboost,optimized_search,0.855,0.7903294822421908,0.7338100913786253,0.52,"{""depth"": 6, ""iterations"": 300, ""l2_leaf_reg"": 3.0, ""learning_rate"": 0.03}",True,0.8545,
catboost,optimized_search,0.853125,0.7930131004366813,0.7214938418752483,0.53,"{""depth"": 6, ""iterations"": 300, ""l2_leaf_reg"": 3.0, ""learning_rate"": 0.03}",False,0.8545,
catboost,optimized_search,0.851,0.7937915742793792,0.7111640842272546,0.54,"{""depth"": 6, ""iterations"": 300, ""l2_leaf_reg"": 3.0, ""learning_rate"": 0.03}",False,0.8545,
catboost,optimized_search,0.85025,0.7974740640505187,0.7024235200635678,0.55,"{""depth"": 6, ""iterations"": 300, ""l2_leaf_reg"": 3.0, ""learning_rate"": 0.03}",False,0.8545,
catboost,optimized_search,0.849125,0.800734618916437,0.6928883591577275,0.56,"{""depth"": 6, ""iterations"": 300, ""l2_leaf_reg"": 3.0, ""learning_rate"": 0.03}",False,0.8545,
catboost,optimized_search,0.847625,0.80355472404116,0.6825586015097338,0.57,"{""depth"": 6, ""iterations"": 300, ""l2_leaf_reg"": 3.0, ""learning_rate"": 0.03}",False,0.8545,
catboost,optimized_search,0.845875,0.807177033492823,0.6702423520063567,0.58,"{""depth"": 6, ""iterations"": 300, ""l2_leaf_reg"": 3.0, ""learning_rate"": 0.03}",False,0.8545,
catboost,optimized_search,0.845125,0.8138506876227898,0.6583234008740564,0.59,"{""depth"": 6, ""iterations"": 300, ""l2_leaf_reg"": 3.0, ""learning_rate"": 0.03}",False,0.8545,
catboost,optimized_search,0.844,0.8186840783525866,0.6475963448549861,0.6,"{""depth"": 6, ""iterations"": 300, ""l2_leaf_reg"": 3.0, ""learning_rate"": 0.03}",False,0.8545,
catboost,optimized_search,0.842,0.8211173757047668,0.636471990464839,0.61,"{""depth"": 6, ""iterations"": 300, ""l2_leaf_reg"": 3.0, ""learning_rate"": 0.03}",False,0.8545,
catboost,optimized_search,0.841125,0.8278947368421052,0.6249503377036154,0.62,"{""depth"": 6, ""iterations"": 300, ""l2_leaf_reg"": 3.0, ""learning_rate"": 0.03}",False,0.8545,
catboost,optimized_search,0.84,0.8316353887399464,0.6162097735399285,0.63,"{""depth"": 6, ""iterations"": 300, ""l2_leaf_reg"": 3.0, ""learning_rate"": 0.03}",False,0.8545,
catboost,optimized_search,0.83825,0.8358045030203185,0.6046881207787048,0.64,"{""depth"": 6, ""iterations"": 300, ""l2_leaf_reg"": 3.0, ""learning_rate"": 0.03}",False,0.8545,
catboost,optimized_search,0.837375,0.8411896745230079,0.5955502582439413,0.65,"{""depth"": 6, ""iterations"": 300, ""l2_leaf_reg"": 3.0, ""learning_rate"": 0.03}",False,0.8545,
catboost,optimized_search,0.836,0.8464634847613571,0.5848232022248708,0.66,"{""depth"": 6, ""iterations"": 300, ""l2_leaf_reg"": 3.0, ""learning_rate"": 0.03}",False,0.8545,
catboost,optimized_search,0.83575,0.8527859237536657,0.5776718315454906,0.67,"{""depth"": 6, ""iterations"": 300, ""l2_leaf_reg"": 3.0, ""learning_rate"": 0.03}",False,0.8545,
catboost,optimized_search,0.8345,0.8565451285116558,0.5693285657528804,0.68,"{""depth"": 6, ""iterations"": 300, ""l2_leaf_reg"": 3.0, ""learning_rate"": 0.03}",False,0.8545,
catboost,optimized_search,0.831375,0.8582822085889571,0.5558204211362734,0.69,"{""depth"": 6, ""iterations"": 300, ""l2_leaf_reg"": 3.0, ""learning_rate"": 0.03}",False,0.8545,
catboost,optimized_search,0.82975,0.86481364497789,0.5439014700039729,0.7,"{""depth"": 6, ""iterations"": 300, ""l2_leaf_reg"": 3.0, ""learning_rate"": 0.03}",False,0.8545,
catboost,optimized_search,0.82525,0.8683344305464121,0.524036551450139,0.71,"{""depth"": 6, ""iterations"": 300, ""l2_leaf_reg"": 3.0, ""learning_rate"": 0.03}",False,0.8545,
catboost,optimized_search,0.822625,0.8734693877551021,0.5101311084624554,0.72,"{""depth"": 6, ""iterations"": 300, ""l2_leaf_reg"": 3.0, ""learning_rate"": 0.03}",False,0.8545,
catboost,optimized_search,0.819375,0.879066478076379,0.49384187524831147,0.73,"{""depth"": 6, ""iterations"": 300, ""l2_leaf_reg"": 3.0, ""learning_rate"": 0.03}",False,0.8545,
catboost,optimized_search,0.81525,0.8828297715549005,0.47596344854986095,0.74,"{""depth"": 6, ""iterations"": 300, ""l2_leaf_reg"": 3.0, ""learning_rate"": 0.03}",False,0.8545,
catboost,optimized_search,0.81175,0.8867635807192042,0.4604688120778705,0.75,"{""depth"": 6, ""iterations"": 300, ""l2_leaf_reg"": 3.0, ""learning_rate"": 0.03}",False,0.8545,
catboost,optimized_search,0.8095,0.8912529550827423,0.44934445768772346,0.76,"{""depth"": 6, ""iterations"": 300, ""l2_leaf_reg"": 3.0, ""learning_rate"": 0.03}",False,0.8545,
catboost,optimized_search,0.806125,0.8920454545454546,0.43663090981326974,0.77,"{""depth"": 6, ""iterations"": 300, ""l2_leaf_reg"": 3.0, ""learning_rate"": 0.03}",False,0.8545,
catboost,optimized_search,0.802375,0.8966101694915254,0.42034167659912597,0.78,"{""depth"": 6, ""iterations"": 300, ""l2_leaf_reg"": 3.0, ""learning_rate"": 0.03}",False,0.8545,
catboost,optimized_search,0.798875,0.8989455184534271,0.4064362336114422,0.79,"{""depth"": 6, ""iterations"": 300, ""l2_leaf_reg"": 3.0, ""learning_rate"": 0.03}",False,0.8545,
catboost,optimized_search,0.793625,0.9009259259259259,0.3865713150576083,0.8,"{""depth"": 6, ""iterations"": 300, ""l2_leaf_reg"": 3.0, ""learning_rate"": 0.03}",False,0.8545,
catboost,optimized_search,0.7905,0.9031639501438159,0.3742550655542312,0.81,"{""depth"": 6, ""iterations"": 300, ""l2_leaf_reg"": 3.0, ""learning_rate"": 0.03}",False,0.8545,
catboost,optimized_search,0.807375,0.633552271483306,0.919745729042511,0.2,"{""depth"": 6, ""iterations"": 300, ""l2_leaf_reg"": 3.0, ""learning_rate"": 0.05}",False,0.8545,
catboost,optimized_search,0.810875,0.6392124237382141,0.9157727453317441,0.21,"{""depth"": 6, ""iterations"": 300, ""l2_leaf_reg"": 3.0, ""learning_rate"": 0.05}",False,0.8545,
catboost,optimized_search,0.81525,0.6458859870822803,0.9137862534763608,0.22,"{""depth"": 6, ""iterations"": 300, ""l2_leaf_reg"": 3.0, ""learning_rate"": 0.05}",False,0.8545,
catboost,optimized_search,0.81675,0.6489934788772328,0.9094159713945172,0.23,"{""depth"": 6, ""iterations"": 300, ""l2_leaf_reg"": 3.0, ""learning_rate"": 0.05}",False,0.8545,
catboost,optimized_search,0.819125,0.6537356321839081,0.9038537941994438,0.24,"{""depth"": 6, ""iterations"": 300, ""l2_leaf_reg"": 3.0, ""learning_rate"": 0.05}",False,0.8545,
catboost,optimized_search,0.821875,0.6590909090909091,0.8986889153754469,0.25,"{""depth"": 6, ""iterations"": 300, ""l2_leaf_reg"": 3.0, ""learning_rate"": 0.05}",False,0.8545,
catboost,optimized_search,0.824875,0.6646017699115044,0.8951132300357568,0.26,"{""depth"": 6, ""iterations"": 300, ""l2_leaf_reg"": 3.0, ""learning_rate"": 0.05}",False,0.8545,
catboost,optimized_search,0.827875,0.6709658068386323,0.88875645609853,0.27,"{""depth"": 6, ""iterations"": 300, ""l2_leaf_reg"": 3.0, ""learning_rate"": 0.05}",False,0.8545,
catboost,optimized_search,0.831125,0.6776355880560634,0.8835915772745332,0.28,"{""depth"": 6, ""iterations"": 300, ""l2_leaf_reg"": 3.0, ""learning_rate"": 0.05}",False,0.8545,
catboost,optimized_search,0.834375,0.6844059405940595,0.878823996821613,0.29,"{""depth"": 6, ""iterations"": 300, ""l2_leaf_reg"": 3.0, ""learning_rate"": 0.05}",False,0.8545,
catboost,optimized_search,0.836125,0.6885553470919324,0.8748510131108462,0.3,"{""depth"": 6, ""iterations"": 300, ""l2_leaf_reg"": 3.0, ""learning_rate"": 0.05}",False,0.8545,
catboost,optimized_search,0.838125,0.6943384223918575,0.8673023440603893,0.31,"{""depth"": 6, ""iterations"": 300, ""l2_leaf_reg"": 3.0, ""learning_rate"": 0.05}",False,0.8545,
catboost,optimized_search,0.839875,0.6990979381443299,0.8621374652363926,0.32,"{""depth"": 6, ""iterations"": 300, ""l2_leaf_reg"": 3.0, ""learning_rate"": 0.05}",False,0.8545,
catboost,optimized_search,0.84075,0.7038373237126927,0.8526023043305523,0.33,"{""depth"": 6, ""iterations"": 300, ""l2_leaf_reg"": 3.0, ""learning_rate"": 0.05}",False,0.8545,
catboost,optimized_search,0.841875,0.7079734219269103,0.8466428287644021,0.34,"{""depth"": 6, ""iterations"": 300, ""l2_leaf_reg"": 3.0, ""learning_rate"": 0.05}",False,0.8545,
catboost,optimized_search,0.843875,0.7139001349527665,0.8406833531982519,0.35,"{""depth"": 6, ""iterations"": 300, ""l2_leaf_reg"": 3.0, ""learning_rate"": 0.05}",False,0.8545,
catboost,optimized_search,0.845625,0.7187713310580205,0.8367103694874851,0.36,"{""depth"": 6, ""iterations"": 300, ""l2_leaf_reg"": 3.0, ""learning_rate"": 0.05}",False,0.8545,
catboost,optimized_search,0.846625,0.7233379501385041,0.8299562971791815,0.37,"{""depth"": 6, ""iterations"": 300, ""l2_leaf_reg"": 3.0, ""learning_rate"": 0.05}",False,0.8545,
catboost,optimized_search,0.847875,0.7283907238229094,0.8235995232419547,0.38,"{""depth"": 6, ""iterations"": 300, ""l2_leaf_reg"": 3.0, ""learning_rate"": 0.05}",False,0.8545,
catboost,optimized_search,0.850125,0.7340198863636364,0.8212157330154947,0.39,"{""depth"": 6, ""iterations"": 300, ""l2_leaf_reg"": 3.0, ""learning_rate"": 0.05}",False,0.8545,
catboost,optimized_search,0.85,0.7369557394746311,0.8136670639650377,0.4,"{""depth"": 6, ""iterations"": 300, ""l2_leaf_reg"": 3.0, ""learning_rate"": 0.05}",False,0.8545,
catboost,optimized_search,0.851125,0.7419708029197081,0.8077075883988876,0.41,"{""depth"": 6, ""iterations"": 300, ""l2_leaf_reg"": 3.0, ""learning_rate"": 0.05}",False,0.8545,
catboost,optimized_search,0.851875,0.7459379615952733,0.8025427095748907,0.42,"{""depth"": 6, ""iterations"": 300, ""l2_leaf_reg"": 3.0, ""learning_rate"": 0.05}",False,0.8545,
catboost,optimized_search,0.8525,0.7514103046257992,0.7938021454112039,0.43,"{""depth"": 6, ""iterations"": 300, ""l2_leaf_reg"": 3.0, ""learning_rate"": 0.05}",False,0.8545,
catboost,optimized_search,0.853875,0.7566641279512567,0.7894318633293603,0.44,"{""depth"": 6, ""iterations"": 300, ""l2_leaf_reg"": 3.0, ""learning_rate"": 0.05}",False,0.8545,
catboost,optimized_search,0.8545,0.7606936416184971,0.7842669845053635,0.45,"{""depth"": 6, ""iterations"": 300, ""l2_leaf_reg"": 3.0, ""learning_rate"": 0.05}",True,0.8545,
catboost,optimized_search,0.853875,0.7628705148205929,0.7771156138259833,0.46,"{""depth"": 6, ""iterations"": 300, ""l2_leaf_reg"": 3.0, ""learning_rate"": 0.05}",False,0.8545,
catboost,optimized_search,0.8545,0.7670746150809317,0.7719507350019865,0.47,"{""depth"": 6, ""iterations"": 300, ""l2_leaf_reg"": 3.0, ""learning_rate"": 0.05}",True,0.8545,
catboost,optimized_search,0.855125,0.7720352564102564,0.7655939610647596,0.48,"{""depth"": 6, ""iterations"": 300, ""l2_leaf_reg"": 3.0, ""learning_rate"": 0.05}",True,0.8545,
catboost,optimized_search,0.8545,0.7748882568061763,0.7576479936432261,0.49,"{""depth"": 6, ""iterations"": 300, ""l2_leaf_reg"": 3.0, ""learning_rate"": 0.05}",True,0.8545,
catboost,optimized_search,0.8545,0.7801242236024845,0.7485101311084624,0.5,"{""depth"": 6, ""iterations"": 300, ""l2_leaf_reg"": 3.0, ""learning_rate"": 0.05}",True,0.8545,
catboost,optimized_search,0.85375,0.7828643427131458,0.7405641636869289,0.51,"{""depth"": 6, ""iterations"": 300, ""l2_leaf_reg"": 3.0, ""learning_rate"": 0.05}",False,0.8545,
catboost,optimized_search,0.853375,0.7859574468085107,0.7338100913786253,0.52,"{""depth"": 6, ""iterations"": 300, ""l2_leaf_reg"": 3.0, ""learning_rate"": 0.05}",False,0.8545,
catboost,optimized_search,0.85125,0.7868568958063121,0.723083035359555,0.53,"{""depth"": 6, ""iterations"": 300, ""l2_leaf_reg"": 3.0, ""learning_rate"": 0.05}",False,0.8545,
catboost,optimized_search,0.850375,0.7904929577464789,0.7135478744537147,0.54,"{""depth"": 6, ""iterations"": 300, ""l2_leaf_reg"": 3.0, ""learning_rate"": 0.05}",False,0.8545,
catboost,optimized_search,0.848,0.7915732855221873,0.7016289233214144,0.55,"{""depth"": 6, ""iterations"": 300, ""l2_leaf_reg"": 3.0, ""learning_rate"": 0.05}",False,0.8545,
catboost,optimized_search,0.847125,0.7943585077343039,0.6936829558998808,0.56,"{""depth"": 6, ""iterations"": 300, ""l2_leaf_reg"": 3.0, ""learning_rate"": 0.05}",False,0.8545,
catboost,optimized_search,0.844875,0.7967441860465116,0.6805721096543504,0.57,"{""depth"": 6, ""iterations"": 300, ""l2_leaf_reg"": 3.0, ""learning_rate"": 0.05}",False,0.8545,
catboost,optimized_search,0.84375,0.7986798679867987,0.6730234406038935,0.58,"{""depth"": 6, ""iterations"": 300, ""l2_leaf_reg"": 3.0, ""learning_rate"": 0.05}",False,0.8545,
catboost,optimized_search,0.84375,0.8038369304556355,0.6658720699245133,0.59,"{""depth"": 6, ""iterations"": 300, ""l2_leaf_reg"": 3.0, ""learning_rate"": 0.05}",False,0.8545,
catboost,optimized_search,0.844125,0.81005859375,0.6591179976162098,0.6,"{""depth"": 6, ""iterations"": 300, ""l2_leaf_reg"": 3.0, ""learning_rate"": 0.05}",False,0.8545,
catboost,optimized_search,0.843375,0.813181367690783,0.6519666269368296,0.61,"{""depth"": 6, ""iterations"": 300, ""l2_leaf_reg"": 3.0, ""learning_rate"": 0.05}",False,0.8545,
catboost,optimized_search,0.841875,0.8174442190669371,0.6404449741756059,0.62,"{""depth"": 6, ""iterations"": 300, ""l2_leaf_reg"": 3.0, ""learning_rate"": 0.05}",False,0.8545,
catboost,optimized_search,0.8415,0.8234075608493009,0.6317044100119189,0.63,"{""depth"": 6, ""iterations"": 300, ""l2_leaf_reg"": 3.0, ""learning_rate"": 0.05}",False,0.8545,
catboost,optimized_search,0.84075,0.8283148441627047,0.6229638458482321,0.64,"{""depth"": 6, ""iterations"": 300, ""l2_leaf_reg"": 3.0, ""learning_rate"": 0.05}",False,0.8545,
catboost,optimized_search,0.837,0.8276607239330092,0.6086611044894716,0.65,"{""depth"": 6, ""iterations"": 300, ""l2_leaf_reg"": 3.0, ""learning_rate"": 0.05}",False,0.8545,
catboost,optimized_search,0.836875,0.8322368421052632,0.6030989272943981,0.66,"{""depth"": 6, ""iterations"": 300, ""l2_leaf_reg"": 3.0, ""learning_rate"": 0.05}",False,0.8545,
catboost,optimized_search,0.8355,0.8417757541263517,0.5876042908224076,0.67,"{""depth"": 6, ""iterations"": 300, ""l2_leaf_reg"": 3.0, ""learning_rate"": 0.05}",False,0.8545,
catboost,optimized_search,0.833875,0.8481828839390387,0.574890742947954,0.68,"{""depth"": 6, ""iterations"": 300, ""l2_leaf_reg"": 3.0, ""learning_rate"": 0.05}",False,0.8545,
catboost,optimized_search,0.833125,0.855595667870036,0.564958283671037,0.69,"{""depth"": 6, ""iterations"": 300, ""l2_leaf_reg"": 3.0, ""learning_rate"": 0.05}",False,0.8545,
catboost,optimized_search,0.832625,0.8635802469135803,0.5558204211362734,0.7,"{""depth"": 6, ""iterations"": 300, ""l2_leaf_reg"": 3.0, ""learning_rate"": 0.05}",False,0.8545,
catboost,optimized_search,0.83075,0.8682710576314123,0.5446960667461264,0.71,"{""depth"": 6, ""iterations"": 300, ""l2_leaf_reg"": 3.0, ""learning_rate"": 0.05}",False,0.8545,
catboost,optimized_search,0.826125,0.8689384010484927,0.5268176400476758,0.72,"{""depth"": 6, ""iterations"": 300, ""l2_leaf_reg"": 3.0, ""learning_rate"": 0.05}",False,0.8545,
catboost,optimized_search,0.8225,0.8713608666215301,0.5113230035756854,0.73,"{""depth"": 6, ""iterations"": 300, ""l2_leaf_reg"": 3.0, ""learning_rate"": 0.05}",False,0.8545,
catboost,optimized_search,0.82,0.8789584799437016,0.49622566547477154,0.74,"{""depth"": 6, ""iterations"": 300, ""l2_leaf_reg"": 3.0, ""learning_rate"": 0.05}",False,0.8545,
catboost,optimized_search,0.816875,0.8817126269956459,0.4827175208581645,0.75,"{""depth"": 6, ""iterations"": 300, ""l2_leaf_reg"": 3.0, ""learning_rate"": 0.05}",False,0.8545,
catboost,optimized_search,0.814625,0.8887218045112782,0.4696066746126341,0.76,"{""depth"": 6, ""iterations"": 300, ""l2_leaf_reg"": 3.0, ""learning_rate"": 0.05}",False,0.8545,
catboost,optimized_search,0.812625,0.8945736434108527,0.4584823202224871,0.77,"{""depth"": 6, ""iterations"": 300, ""l2_leaf_reg"": 3.0, ""learning_rate"": 0.05}",False,0.8545,
catboost,optimized_search,0.809,0.8971887550200803,0.44378228049265,0.78,"{""depth"": 6, ""iterations"": 300, ""l2_leaf_reg"": 3.0, ""learning_rate"": 0.05}",False,0.8545,
catboost,optimized_search,0.804875,0.8989983305509182,0.42789034564958284,0.79,"{""depth"": 6, ""iterations"": 300, ""l2_leaf_reg"": 3.0, ""learning_rate"": 0.05}",False,0.8545,
catboost,optimized_search,0.802,0.8997429305912596,0.4171632896305125,0.8,"{""depth"": 6, ""iterations"": 300, ""l2_leaf_reg"": 3.0, ""learning_rate"": 0.05}",False,0.8545,
catboost,optimized_search,0.7975,0.9036903690369037,0.3988875645609853,0.81,"{""depth"": 6, ""iterations"": 300, ""l2_leaf_reg"": 3.0, ""learning_rate"": 0.05}",False,0.8545,
catboost,optimized_search,0.804625,0.6285714285714286,0.9264998013508144,0.2,"{""depth"": 6, ""iterations"": 300, ""l2_leaf_reg"": 5.0, ""learning_rate"": 0.03}",False,0.8545,
catboost,optimized_search,0.80825,0.6340332697027543,0.9237187127532777,0.21,"{""depth"": 6, ""iterations"": 300, ""l2_leaf_reg"": 5.0, ""learning_rate"": 0.03}",False,0.8545,
catboost,optimized_search,0.81175,0.6398340248962655,0.9189511323003575,0.22,"{""depth"": 6, ""iterations"": 300, ""l2_leaf_reg"": 5.0, ""learning_rate"": 0.03}",False,0.8545,
catboost,optimized_search,0.81525,0.6456405943369778,0.9149781485895908,0.23,"{""depth"": 6, ""iterations"": 300, ""l2_leaf_reg"": 5.0, ""learning_rate"": 0.03}",False,0.8545,
catboost,optimized_search,0.817,0.6497014500995166,0.9078267779102106,0.24,"{""depth"": 6, ""iterations"": 300, ""l2_leaf_reg"": 5.0, ""learning_rate"": 0.03}",False,0.8545,
catboost,optimized_search,0.82225,0.6582827406764961,0.9046483909415971,0.25,"{""depth"": 6, ""iterations"": 300, ""l2_leaf_reg"": 5.0, ""learning_rate"": 0.03}",False,0.8545,
catboost,optimized_search,0.82475,0.6629640456007015,0.901072705601907,0.26,"{""depth"": 6, ""iterations"": 300, ""l2_leaf_reg"": 5.0, ""learning_rate"": 0.03}",False,0.8545,
catboost,optimized_search,0.825625,0.6659763313609467,0.8943186332936035,0.27,"{""depth"": 6, ""iterations"": 300, ""l2_leaf_reg"": 5.0, ""learning_rate"": 0.03}",False,0.8545,
catboost,optimized_search,0.8275,0.6703626011387473,0.88875645609853,0.28,"{""depth"": 6, ""iterations"": 300, ""l2_leaf_reg"": 5.0, ""learning_rate"": 0.03}",False,0.8545,
catboost,optimized_search,0.832125,0.6790726052471019,0.8843861740166865,0.29,"{""depth"": 6, ""iterations"": 300, ""l2_leaf_reg"": 5.0, ""learning_rate"": 0.03}",False,0.8545,
catboost,optimized_search,0.8355,0.6860861481251936,0.8796185935637664,0.3,"{""depth"": 6, ""iterations"": 300, ""l2_leaf_reg"": 5.0, ""learning_rate"": 0.03}",False,0.8545,
catboost,optimized_search,0.838,0.6921624173748819,0.8736591179976162,0.31,"{""depth"": 6, ""iterations"": 300, ""l2_leaf_reg"": 5.0, ""learning_rate"": 0.03}",False,0.8545,
catboost,optimized_search,0.839375,0.6968051118210863,0.866507747318236,0.32,"{""depth"": 6, ""iterations"": 300, ""l2_leaf_reg"": 5.0, ""learning_rate"": 0.03}",False,0.8545,
catboost,optimized_search,0.841375,0.7028608582574772,0.8589590782677791,0.33,"{""depth"": 6, ""iterations"": 300, ""l2_leaf_reg"": 5.0, ""learning_rate"": 0.03}",False,0.8545,
catboost,optimized_search,0.843375,0.7085808580858086,0.8529996027016289,0.34,"{""depth"": 6, ""iterations"": 300, ""l2_leaf_reg"": 5.0, ""learning_rate"": 0.03}",False,0.8545,
catboost,optimized_search,0.84425,0.7126129140180663,0.8462455303933254,0.35,"{""depth"": 6, ""iterations"": 300, ""l2_leaf_reg"": 5.0, ""learning_rate"": 0.03}",False,0.8545,
catboost,optimized_search,0.846,0.7171341669482934,0.843067143424712,0.36,"{""depth"": 6, ""iterations"": 300, ""l2_leaf_reg"": 5.0, ""learning_rate"": 0.03}",False,0.8545,
catboost,optimized_search,0.846375,0.7210020590253946,0.8347238776321018,0.37,"{""depth"": 6, ""iterations"": 300, ""l2_leaf_reg"": 5.0, ""learning_rate"": 0.03}",False,0.8545,
catboost,optimized_search,0.84675,0.7238987166146376,0.8291617004370282,0.38,"{""depth"": 6, ""iterations"": 300, ""l2_leaf_reg"": 5.0, ""learning_rate"": 0.03}",False,0.8545,
catboost,optimized_search,0.848125,0.728421052631579,0.8247914183551848,0.39,"{""depth"": 6, ""iterations"": 300, ""l2_leaf_reg"": 5.0, ""learning_rate"": 0.03}",False,0.8545,
catboost,optimized_search,0.8485,0.7322890708437166,0.8172427493047278,0.4,"{""depth"": 6, ""iterations"": 300, ""l2_leaf_reg"": 5.0, ""learning_rate"": 0.03}",False,0.8545,
catboost,optimized_search,0.8515,0.7399783315276273,0.8140643623361145,0.41,"{""depth"": 6, ""iterations"": 300, ""l2_leaf_reg"": 5.0, ""learning_rate"": 0.03}",False,0.8545,
catboost,optimized_search,0.8525,0.7449615243679003,0.8077075883988876,0.42,"{""depth"": 6, ""iterations"": 300, ""l2_leaf_reg"": 5.0, ""learning_rate"": 0.03}",False,0.8545,
catboost,optimized_search,0.85375,0.7510249720462169,0.8005562177195074,0.43,"{""depth"": 6, ""iterations"": 300, ""l2_leaf_reg"": 5.0, ""learning_rate"": 0.03}",False,0.8545,
catboost,optimized_best,0.854875,0.7568181818181818,0.7938021454112039,0.44,"{""depth"": 6, ""iterations"": 300, ""l2_leaf_reg"": 5.0, ""learning_rate"": 0.03}",True,0.8545,models/optimized_catboost.cbm
catboost,optimized_search,0.85575,0.7620146097654749,0.787445371473977,0.45,"{""depth"": 6, ""iterations"": 300, ""l2_leaf_reg"": 5.0, ""learning_rate"": 0.03}",True,0.8545,
catboost,optimized_search,0.857,0.7682688550214928,0.7810885975367501,0.46,"{""depth"": 6, ""iterations"": 300, ""l2_leaf_reg"": 5.0, ""learning_rate"": 0.03}",True,0.8545,
catboost,optimized_search,0.857875,0.7727272727272727,0.7767183154549067,0.47,"{""depth"": 6, ""iterations"": 300, ""l2_leaf_reg"": 5.0, ""learning_rate"": 0.03}",True,0.8545,
catboost,optimized_search,0.857125,0.7752403846153846,0.768772348033373,0.48,"{""depth"": 6, ""iterations"": 300, ""l2_leaf_reg"": 5.0, ""learning_rate"": 0.03}",True,0.8545,
catboost,optimized_search,0.856875,0.7795436022819886,0.7600317838696862,0.49,"{""depth"": 6, ""iterations"": 300, ""l2_leaf_reg"": 5.0, ""learning_rate"": 0.03}",True,0.8545,
catboost,optimized_search,0.855875,0.7825186412593206,0.7504966229638459,0.5,"{""depth"": 6, ""iterations"": 300, ""l2_leaf_reg"": 5.0, ""learning_rate"": 0.03}",True,0.8545,
catboost,optimized_search,0.855375,0.785234899328859,0.7437425506555423,0.51,"{""depth"": 6, ""iterations"": 300, ""l2_leaf_reg"": 5.0, ""learning_rate"": 0.03}",True,0.8545,
catboost,optimized_search,0.855,0.7890924584576055,0.7357965832340088,0.52,"{""depth"": 6, ""iterations"": 300, ""l2_leaf_reg"": 5.0, ""learning_rate"": 0.03}",True,0.8545,
catboost,optimized_search,0.85375,0.7916847119965353,0.7262614223281685,0.53,"{""depth"": 6, ""iterations"": 300, ""l2_leaf_reg"": 5.0, ""learning_rate"": 0.03}",False,0.8545,
catboost,optimized_search,0.852625,0.7941952506596306,0.7175208581644815,0.54,"{""depth"": 6, ""iterations"": 300, ""l2_leaf_reg"": 5.0, ""learning_rate"": 0.03}",False,0.8545,
catboost,optimized_search,0.849875,0.7966636609558161,0.7020262216924911,0.55,"{""depth"": 6, ""iterations"": 300, ""l2_leaf_reg"": 5.0, ""learning_rate"": 0.03}",False,0.8545,
catboost,optimized_search,0.847375,0.7980680772769089,0.6893126738180373,0.56,"{""depth"": 6, ""iterations"": 300, ""l2_leaf_reg"": 5.0, ""learning_rate"": 0.03}",False,0.8545,
catboost,optimized_search,0.84475,0.7994363550962893,0.6762018275725069,0.57,"{""depth"": 6, ""iterations"": 300, ""l2_leaf_reg"": 5.0, ""learning_rate"": 0.03}",False,0.8545,
catboost,optimized_search,0.8455,0.8086746987951807,0.6666666666666666,0.58,"{""depth"": 6, ""iterations"": 300, ""l2_leaf_reg"": 5.0, ""learning_rate"": 0.03}",False,0.8545,
catboost,optimized_search,0.845,0.8131436978911231,0.6587206992451331,0.59,"{""depth"": 6, ""iterations"": 300, ""l2_leaf_reg"": 5.0, ""learning_rate"": 0.03}",False,0.8545,
catboost,optimized_search,0.844375,0.8170488534396809,0.6511720301946762,0.6,"{""depth"": 6, ""iterations"": 300, ""l2_leaf_reg"": 5.0, ""learning_rate"": 0.03}",False,0.8545,
catboost,optimized_search,0.844625,0.8259979529170931,0.6412395709177592,0.61,"{""depth"": 6, ""iterations"": 300, ""l2_leaf_reg"": 5.0, ""learning_rate"": 0.03}",False,0.8545,
catboost,optimized_search,0.8415,0.826792255363684,0.6277314263011522,0.62,"{""depth"": 6, ""iterations"": 300, ""l2_leaf_reg"": 5.0, ""learning_rate"": 0.03}",False,0.8545,
catboost,optimized_search,0.8395,0.8302088912694162,0.6158124751688518,0.63,"{""depth"": 6, ""iterations"": 300, ""l2_leaf_reg"": 5.0, ""learning_rate"": 0.03}",False,0.8545,
catboost,optimized_search,0.83875,0.8350628072091754,0.6074692093762416,0.64,"{""depth"": 6, ""iterations"": 300, ""l2_leaf_reg"": 5.0, ""learning_rate"": 0.03}",False,0.8545,
catboost,optimized_search,0.837625,0.8402234636871508,0.5975367500993246,0.65,"{""depth"": 6, ""iterations"": 300, ""l2_leaf_reg"": 5.0, ""learning_rate"": 0.03}",False,0.8545,
catboost,optimized_search,0.837625,0.8472063854047891,0.5903853794199444,0.66,"{""depth"": 6, ""iterations"": 300, ""l2_leaf_reg"": 5.0, ""learning_rate"": 0.03}",False,0.8545,
catboost,optimized_search,0.83575,0.8519602106495027,0.578466428287644,0.67,"{""depth"": 6, ""iterations"": 300, ""l2_leaf_reg"": 5.0, ""learning_rate"": 0.03}",False,0.8545,
catboost,optimized_search,0.83525,0.8600600600600601,0.5689312673818038,0.68,"{""depth"": 6, ""iterations"": 300, ""l2_leaf_reg"": 5.0, ""learning_rate"": 0.03}",False,0.8545,
catboost,optimized_search,0.8325,0.8630475015422578,0.5558204211362734,0.69,"{""depth"": 6, ""iterations"": 300, ""l2_leaf_reg"": 5.0, ""learning_rate"": 0.03}",False,0.8545,
catboost,optimized_search,0.829625,0.8647281921618205,0.5435041716328963,0.7,"{""depth"": 6, ""iterations"": 300, ""l2_leaf_reg"": 5.0, ""learning_rate"": 0.03}",False,0.8545,
catboost,optimized_search,0.827125,0.8696219035202086,0.5299960270162892,0.71,"{""depth"": 6, ""iterations"": 300, ""l2_leaf_reg"": 5.0, ""learning_rate"": 0.03}",False,0.8545,
catboost,optimized_search,0.823375,0.8724696356275303,0.5137067938021455,0.72,"{""depth"": 6, ""iterations"": 300, ""l2_leaf_reg"": 5.0, ""learning_rate"": 0.03}",False,0.8545,
catboost,optimized_search,0.820375,0.8786816269284713,0.4978148589590783,0.73,"{""depth"": 6, ""iterations"": 300, ""l2_leaf_reg"": 5.0, ""learning_rate"": 0.03}",False,0.8545,
catboost,optimized_search,0.815625,0.8797376093294461,0.47953913388955105,0.74,"{""depth"": 6, ""iterations"": 300, ""l2_leaf_reg"": 5.0, ""learning_rate"": 0.03}",False,0.8545,
catboost,optimized_search,0.812875,0.8857791225416036,0.46523639253079063,0.75,"{""depth"": 6, ""iterations"": 300, ""l2_leaf_reg"": 5.0, ""learning_rate"": 0.03}",False,0.8545,
catboost,optimized_search,0.809,0.8915281076801267,0.4473579658323401,0.76,"{""depth"": 6, ""iterations"": 300, ""l2_leaf_reg"": 5.0, ""learning_rate"": 0.03}",False,0.8545,
catboost,optimized_search,0.804875,0.8943894389438944,0.43067143424711957,0.77,"{""depth"": 6, ""iterations"": 300, ""l2_leaf_reg"": 5.0, ""learning_rate"": 0.03}",False,0.8545,
catboost,optimized_search,0.801875,0.8955857385398981,0.41914978148589593,0.78,"{""depth"": 6, ""iterations"": 300, ""l2_leaf_reg"": 5.0, ""learning_rate"": 0.03}",False,0.8545,
catboost,optimized_search,0.7995,0.8986899563318778,0.4088200238379023,0.79,"{""depth"": 6, ""iterations"": 300, ""l2_leaf_reg"": 5.0, ""learning_rate"": 0.03}",False,0.8545,
catboost,optimized_search,0.793625,0.8979779411764706,0.388160508541915,0.8,"{""depth"": 6, ""iterations"": 300, ""l2_leaf_reg"": 5.0, ""learning_rate"": 0.03}",False,0.8545,
catboost,optimized_search,0.79025,0.9029779058597502,0.3734604688120779,0.81,"{""depth"": 6, ""iterations"": 300, ""l2_leaf_reg"": 5.0, ""learning_rate"": 0.03}",False,0.8545,
catboost,optimized_search,0.80775,0.6333424135113048,0.9237187127532777,0.2,"{""depth"": 6, ""iterations"": 300, ""l2_leaf_reg"": 5.0, ""learning_rate"": 0.05}",False,0.8545,
catboost,optimized_search,0.8105,0.6380689655172413,0.9189511323003575,0.21,"{""depth"": 6, ""iterations"": 300, ""l2_leaf_reg"": 5.0, ""learning_rate"": 0.05}",False,0.8545,
catboost,optimized_search,0.813625,0.6432960893854749,0.9149781485895908,0.22,"{""depth"": 6, ""iterations"": 300, ""l2_leaf_reg"": 5.0, ""learning_rate"": 0.05}",False,0.8545,
catboost,optimized_search,0.81675,0.6485722363584959,0.9114024632499007,0.23,"{""depth"": 6, ""iterations"": 300, ""l2_leaf_reg"": 5.0, ""learning_rate"": 0.05}",False,0.8545,
catboost,optimized_search,0.81875,0.6526466380543634,0.9062375844259039,0.24,"{""depth"": 6, ""iterations"": 300, ""l2_leaf_reg"": 5.0, ""learning_rate"": 0.05}",False,0.8545,
catboost,optimized_search,0.823,0.6599825632083697,0.902264600715137,0.25,"{""depth"": 6, ""iterations"": 300, ""l2_leaf_reg"": 5.0, ""learning_rate"": 0.05}",False,0.8545,
catboost,optimized_search,0.82625,0.6657840541335687,0.8990862137465236,0.26,"{""depth"": 6, ""iterations"": 300, ""l2_leaf_reg"": 5.0, ""learning_rate"": 0.05}",False,0.8545,
catboost,optimized_search,0.828125,0.670346062052506,0.8927294398092968,0.27,"{""depth"": 6, ""iterations"": 300, ""l2_leaf_reg"": 5.0, ""learning_rate"": 0.05}",False,0.8545,
catboost,optimized_search,0.830625,0.6762742718446602,0.8855780691299165,0.28,"{""depth"": 6, ""iterations"": 300, ""l2_leaf_reg"": 5.0, ""learning_rate"": 0.05}",False,0.8545,
catboost,optimized_search,0.832125,0.6807266009852216,0.8784266984505363,0.29,"{""depth"": 6, ""iterations"": 300, ""l2_leaf_reg"": 5.0, ""learning_rate"": 0.05}",False,0.8545,
catboost,optimized_search,0.835,0.6875587590097149,0.8716726261422328,0.3,"{""depth"": 6, ""iterations"": 300, ""l2_leaf_reg"": 5.0, ""learning_rate"": 0.05}",False,0.8545,
catboost,optimized_search,0.83775,0.6939230034998409,0.866507747318236,0.31,"{""depth"": 6, ""iterations"": 300, ""l2_leaf_reg"": 5.0, ""learning_rate"": 0.05}",False,0.8545,
catboost,optimized_search,0.8405,0.7000967429861336,0.8625347636074692,0.32,"{""depth"": 6, ""iterations"": 300, ""l2_leaf_reg"": 5.0, ""learning_rate"": 0.05}",False,0.8545,
catboost,optimized_search,0.841,0.7037643207855974,0.8541914978148589,0.33,"{""depth"": 6, ""iterations"": 300, ""l2_leaf_reg"": 5.0, ""learning_rate"": 0.05}",False,0.8545,
catboost,optimized_search,0.843375,0.708994708994709,0.8518077075883989,0.34,"{""depth"": 6, ""iterations"": 300, ""l2_leaf_reg"": 5.0, ""learning_rate"": 0.05}",False,0.8545,
catboost,optimized_search,0.845125,0.7144295302013423,0.8458482320222487,0.35,"{""depth"": 6, ""iterations"": 300, ""l2_leaf_reg"": 5.0, ""learning_rate"": 0.05}",False,0.8545,
catboost,optimized_search,0.846625,0.7195371000680735,0.8398887564560985,0.36,"{""depth"": 6, ""iterations"": 300, ""l2_leaf_reg"": 5.0, ""learning_rate"": 0.05}",False,0.8545,
catboost,optimized_search,0.847375,0.7231404958677686,0.834326579261025,0.37,"{""depth"": 6, ""iterations"": 300, ""l2_leaf_reg"": 5.0, ""learning_rate"": 0.05}",False,0.8545,
catboost,optimized_search,0.84875,0.728416637539322,0.8279698053237982,0.38,"{""depth"": 6, ""iterations"": 300, ""l2_leaf_reg"": 5.0, ""learning_rate"": 0.05}",False,0.8545,
catboost,optimized_search,0.850625,0.7342310418143161,0.823202224870878,0.39,"{""depth"": 6, ""iterations"": 300, ""l2_leaf_reg"": 5.0, ""learning_rate"": 0.05}",False,0.8545,
catboost,optimized_search,0.851375,0.7381635581061693,0.8176400476758046,0.4,"{""depth"": 6, ""iterations"": 300, ""l2_leaf_reg"": 5.0, ""learning_rate"": 0.05}",False,0.8545,
catboost,optimized_search,0.8515,0.7411978221415608,0.8112832737385777,0.41,"{""depth"": 6, ""iterations"": 300, ""l2_leaf_reg"": 5.0, ""learning_rate"": 0.05}",False,0.8545,
catboost,optimized_search,0.85225,0.745494667157043,0.8053237981724275,0.42,"{""depth"": 6, ""iterations"": 300, ""l2_leaf_reg"": 5.0, ""learning_rate"": 0.05}",False,0.8545,
catboost,optimized_search,0.853,0.7504669406051551,0.7981724274930473,0.43,"{""depth"": 6, ""iterations"": 300, ""l2_leaf_reg"": 5.0, ""learning_rate"": 0.05}",False,0.8545,
catboost,optimized_search,0.85475,0.7571157495256167,0.7926102502979738,0.44,"{""depth"": 6, ""iterations"": 300, ""l2_leaf_reg"": 5.0, ""learning_rate"": 0.05}",True,0.8545,
catboost,optimized_search,0.855875,0.7621060722521138,0.7878426698450537,0.45,"{""depth"": 6, ""iterations"": 300, ""l2_leaf_reg"": 5.0, ""learning_rate"": 0.05}",True,0.8545,
catboost,optimized_search,0.855625,0.7651869158878505,0.7806912991656734,0.46,"{""depth"": 6, ""iterations"": 300, ""l2_leaf_reg"": 5.0, ""learning_rate"": 0.05}",True,0.8545,
catboost,optimized_search,0.85625,0.7698381365969207,0.7747318235995232,0.47,"{""depth"": 6, ""iterations"": 300, ""l2_leaf_reg"": 5.0, ""learning_rate"": 0.05}",True,0.8545,
catboost,optimized_search,0.85575,0.7727090836334534,0.7671831545490664,0.48,"{""depth"": 6, ""iterations"": 300, ""l2_leaf_reg"": 5.0, ""learning_rate"": 0.05}",True,0.8545,
catboost,optimized_search,0.855125,0.7755681818181818,0.7592371871275327,0.49,"{""depth"": 6, ""iterations"": 300, ""l2_leaf_reg"": 5.0, ""learning_rate"": 0.05}",True,0.8545,
catboost,optimized_search,0.854125,0.7775493421052632,0.7512912197059992,0.5,"{""depth"": 6, ""iterations"": 300, ""l2_leaf_reg"": 5.0, ""learning_rate"": 0.05}",False,0.8545,
catboost,optimized_search,0.853625,0.7815899581589958,0.7421533571712357,0.51,"{""depth"": 6, ""iterations"": 300, ""l2_leaf_reg"": 5.0, ""learning_rate"": 0.05}",False,0.8545,
catboost,optimized_search,0.852625,0.7837150127226463,0.734207389749702,0.52,"{""depth"": 6, ""iterations"": 300, ""l2_leaf_reg"": 5.0, ""learning_rate"": 0.05}",False,0.8545,
catboost,optimized_search,0.851,0.7856834842604571,0.7238776321017084,0.53,"{""depth"": 6, ""iterations"": 300, ""l2_leaf_reg"": 5.0, ""learning_rate"": 0.05}",False,0.8545,
catboost,optimized_search,0.849,0.7871873628784555,0.7127532777115614,0.54,"{""depth"": 6, ""iterations"": 300, ""l2_leaf_reg"": 5.0, ""learning_rate"": 0.05}",False,0.8545,
catboost,optimized_search,0.849375,0.7931188561215371,0.7052046086611045,0.55,"{""depth"": 6, ""iterations"": 300, ""l2_leaf_reg"": 5.0, ""learning_rate"": 0.05}",False,0.8545,
catboost,optimized_search,0.847375,0.7953509571558797,0.6932856575288041,0.56,"{""depth"": 6, ""iterations"": 300, ""l2_leaf_reg"": 5.0, ""learning_rate"": 0.05}",False,0.8545,
catboost,optimized_search,0.84625,0.7986078886310904,0.6837504966229638,0.57,"{""depth"": 6, ""iterations"": 300, ""l2_leaf_reg"": 5.0, ""learning_rate"": 0.05}",False,0.8545,
catboost,optimized_search,0.84575,0.8033096926713948,0.6750099324592769,0.58,"{""depth"": 6, ""iterations"": 300, ""l2_leaf_reg"": 5.0, ""learning_rate"": 0.05}",False,0.8545,
catboost,optimized_search,0.84425,0.8062650602409639,0.6646801748112833,0.59,"{""depth"": 6, ""iterations"": 300, ""l2_leaf_reg"": 5.0, ""learning_rate"": 0.05}",False,0.8545,
catboost,optimized_search,0.841625,0.8075787401574803,0.6519666269368296,0.6,"{""depth"": 6, ""iterations"": 300, ""l2_leaf_reg"": 5.0, ""learning_rate"": 0.05}",False,0.8545,
catboost,optimized_search,0.84025,0.8105263157894737,0.6424314660309892,0.61,"{""depth"": 6, ""iterations"": 300, ""l2_leaf_reg"": 5.0, ""learning_rate"": 0.05}",False,0.8545,
catboost,optimized_search,0.8405,0.8167432363450741,0.6356773937226857,0.62,"{""depth"": 6, ""iterations"": 300, ""l2_leaf_reg"": 5.0, ""learning_rate"": 0.05}",False,0.8545,
catboost,optimized_search,0.840125,0.8234064785788924,0.6261422328168454,0.63,"{""depth"": 6, ""iterations"": 300, ""l2_leaf_reg"": 5.0, ""learning_rate"": 0.05}",False,0.8545,
catboost,optimized_search,0.84,0.8319914117015567,0.6158124751688518,0.64,"{""depth"": 6, ""iterations"": 300, ""l2_leaf_reg"": 5.0, ""learning_rate"": 0.05}",False,0.8545,
catboost,optimized_search,0.838625,0.8349726775956284,0.6070719110051649,0.65,"{""depth"": 6, ""iterations"": 300, ""l2_leaf_reg"": 5.0, ""learning_rate"": 0.05}",False,0.8545,
catboost,optimized_search,0.83925,0.8436627582356225,0.6003178386968614,0.66,"{""depth"": 6, ""iterations"": 300, ""l2_leaf_reg"": 5.0, ""learning_rate"": 0.05}",False,0.8545,
catboost,optimized_search,0.838375,0.8477272727272728,0.5927691696464045,0.67,"{""depth"": 6, ""iterations"": 300, ""l2_leaf_reg"": 5.0, ""learning_rate"": 0.05}",False,0.8545,
catboost,optimized_search,0.836,0.8517221249270286,0.5796583234008741,0.68,"{""depth"": 6, ""iterations"": 300, ""l2_leaf_reg"": 5.0, ""learning_rate"": 0.05}",False,0.8545,
catboost,optimized_search,0.832625,0.8539663461538461,0.5645609852999602,0.69,"{""depth"": 6, ""iterations"": 300, ""l2_leaf_reg"": 5.0, ""learning_rate"": 0.05}",False,0.8545,
catboost,optimized_search,0.8305,0.8585546633724521,0.5522447357965833,0.7,"{""depth"": 6, ""iterations"": 300, ""l2_leaf_reg"": 5.0, ""learning_rate"": 0.05}",False,0.8545,
catboost,optimized_search,0.829,0.8629185091598232,0.5427095748907429,0.71,"{""depth"": 6, ""iterations"": 300, ""l2_leaf_reg"": 5.0, ""learning_rate"": 0.05}",False,0.8545,
catboost,optimized_search,0.8255,0.8665794637017659,0.5264203416765991,0.72,"{""depth"": 6, ""iterations"": 300, ""l2_leaf_reg"": 5.0, ""learning_rate"": 0.05}",False,0.8545,
catboost,optimized_search,0.823375,0.8714670255720054,0.5145013905442988,0.73,"{""depth"": 6, ""iterations"": 300, ""l2_leaf_reg"": 5.0, ""learning_rate"": 0.05}",False,0.8545,
catboost,optimized_search,0.82075,0.8778785764131193,0.49980135081446164,0.74,"{""depth"": 6, ""iterations"": 300, ""l2_leaf_reg"": 5.0, ""learning_rate"": 0.05}",False,0.8545,
catboost,optimized_search,0.817,0.8823529411764706,0.4827175208581645,0.75,"{""depth"": 6, ""iterations"": 300, ""l2_leaf_reg"": 5.0, ""learning_rate"": 0.05}",False,0.8545,
catboost,optimized_search,0.812875,0.8817365269461078,0.46801748112832736,0.76,"{""depth"": 6, ""iterations"": 300, ""l2_leaf_reg"": 5.0, ""learning_rate"": 0.05}",False,0.8545,
catboost,optimized_search,0.811125,0.8911353032659409,0.45530393325387364,0.77,"{""depth"": 6, ""iterations"": 300, ""l2_leaf_reg"": 5.0, ""learning_rate"": 0.05}",False,0.8545,
catboost,optimized_search,0.80725,0.8921962992759453,0.44060389352403656,0.78,"{""depth"": 6, ""iterations"": 300, ""l2_leaf_reg"": 5.0, ""learning_rate"": 0.05}",False,0.8545,
catboost,optimized_search,0.80375,0.8982338099243061,0.42431466030989273,0.79,"{""depth"": 6, ""iterations"": 300, ""l2_leaf_reg"": 5.0, ""learning_rate"": 0.05}",False,0.8545,
catboost,optimized_search,0.800125,0.8991304347826087,0.41080651569328563,0.8,"{""depth"": 6, ""iterations"": 300, ""l2_leaf_reg"": 5.0, ""learning_rate"": 0.05}",False,0.8545,
catboost,optimized_search,0.79475,0.9002744739249772,0.3909415971394517,0.81,"{""depth"": 6, ""iterations"": 300, ""l2_leaf_reg"": 5.0, ""learning_rate"": 0.05}",False,0.8545,
catboost,optimized_search,0.80875,0.6350205198358413,0.922129519268971,0.2,"{""depth"": 6, ""iterations"": 500, ""l2_leaf_reg"": 3.0, ""learning_rate"": 0.03}",False,0.8545,
catboost,optimized_search,0.812,0.6404214028278348,0.9177592371871275,0.21,"{""depth"": 6, ""iterations"": 500, ""l2_leaf_reg"": 3.0, ""learning_rate"": 0.03}",False,0.8545,
catboost,optimized_search,0.815375,0.6457399103139013,0.9153754469606674,0.22,"{""depth"": 6, ""iterations"": 500, ""l2_leaf_reg"": 3.0, ""learning_rate"": 0.03}",False,0.8545,
catboost,optimized_search,0.817125,0.64920724801812,0.911005164878824,0.23,"{""depth"": 6, ""iterations"": 500, ""l2_leaf_reg"": 3.0, ""learning_rate"": 0.03}",False,0.8545,
catboost,optimized_search,0.82,0.6546080964685616,0.9058402860548271,0.24,"{""depth"": 6, ""iterations"": 500, ""l2_leaf_reg"": 3.0, ""learning_rate"": 0.03}",False,0.8545,
catboost,optimized_search,0.822625,0.6596858638743456,0.901072705601907,0.25,"{""depth"": 6, ""iterations"": 500, ""l2_leaf_reg"": 3.0, ""learning_rate"": 0.03}",False,0.8545,
catboost,optimized_search,0.826625,0.6672587329780936,0.8955105284068335,0.26,"{""depth"": 6, ""iterations"": 500, ""l2_leaf_reg"": 3.0, ""learning_rate"": 0.03}",False,0.8545,
catboost,optimized_search,0.829875,0.6739915713425647,0.8895510528406834,0.27,"{""depth"": 6, ""iterations"": 500, ""l2_leaf_reg"": 3.0, ""learning_rate"": 0.03}",False,0.8545,
catboost,optimized_search,0.831375,0.6782661782661783,0.8827969805323799,0.28,"{""depth"": 6, ""iterations"": 500, ""l2_leaf_reg"": 3.0, ""learning_rate"": 0.03}",False,0.8545,
catboost,optimized_search,0.834125,0.6840965346534653,0.8784266984505363,0.29,"{""depth"": 6, ""iterations"": 500, ""l2_leaf_reg"": 3.0, ""learning_rate"": 0.03}",False,0.8545,
catboost,optimized_search,0.834875,0.6879321181646763,0.8696861342868494,0.3,"{""depth"": 6, ""iterations"": 500, ""l2_leaf_reg"": 3.0, ""learning_rate"": 0.03}",False,0.8545,
catboost,optimized_search,0.83725,0.6932866687877823,0.8657131505760827,0.31,"{""depth"": 6, ""iterations"": 500, ""l2_leaf_reg"": 3.0, ""learning_rate"": 0.03}",False,0.8545,
catboost,optimized_search,0.839625,0.6994182288299935,0.8597536750099325,0.32,"{""depth"": 6, ""iterations"": 500, ""l2_leaf_reg"": 3.0, ""learning_rate"": 0.03}",False,0.8545,
catboost,optimized_search,0.841625,0.7051871306631649,0.8533969010727056,0.33,"{""depth"": 6, ""iterations"": 500, ""l2_leaf_reg"": 3.0, ""learning_rate"": 0.03}",False,0.8545,
catboost,optimized_search,0.843375,0.7110888443553774,0.8458482320222487,0.34,"{""depth"": 6, ""iterations"": 500, ""l2_leaf_reg"": 3.0, ""learning_rate"": 0.03}",False,0.8545,
catboost,optimized_search,0.844875,0.7158322056833559,0.8406833531982519,0.35,"{""depth"": 6, ""iterations"": 500, ""l2_leaf_reg"": 3.0, ""learning_rate"": 0.03}",False,0.8545,
catboost,optimized_search,0.846625,0.7208904109589042,0.8363130711164084,0.36,"{""depth"": 6, ""iterations"": 500, ""l2_leaf_reg"": 3.0, ""learning_rate"": 0.03}",False,0.8545,
catboost,optimized_search,0.84775,0.7251299826689774,0.8311481922924115,0.37,"{""depth"": 6, ""iterations"": 500, ""l2_leaf_reg"": 3.0, ""learning_rate"": 0.03}",False,0.8545,
catboost,optimized_search,0.848,0.7281655559452823,0.8247914183551848,0.38,"{""depth"": 6, ""iterations"": 500, ""l2_leaf_reg"": 3.0, ""learning_rate"": 0.03}",False,0.8545,
catboost,optimized_search,0.848875,0.7319148936170212,0.8200238379022646,0.39,"{""depth"": 6, ""iterations"": 500, ""l2_leaf_reg"": 3.0, ""learning_rate"": 0.03}",False,0.8545,
catboost,optimized_search,0.849875,0.73584229390681,0.8156535558204211,0.4,"{""depth"": 6, ""iterations"": 500, ""l2_leaf_reg"": 3.0, ""learning_rate"": 0.03}",False,0.8545,
catboost,optimized_search,0.852,0.7429821363470652,0.8096940802542709,0.41,"{""depth"": 6, ""iterations"": 500, ""l2_leaf_reg"": 3.0, ""learning_rate"": 0.03}",False,0.8545,
catboost,optimized_search,0.85325,0.7480605836719616,0.8045292014302742,0.42,"{""depth"": 6, ""iterations"": 500, ""l2_leaf_reg"": 3.0, ""learning_rate"": 0.03}",False,0.8545,
catboost,optimized_search,0.8535,0.7525347352609838,0.7961859356376639,0.43,"{""depth"": 6, ""iterations"": 500, ""l2_leaf_reg"": 3.0, ""learning_rate"": 0.03}",False,0.8545,
catboost,optimized_search,0.85475,0.7578987438142367,0.7910210568136671,0.44,"{""depth"": 6, ""iterations"": 500, ""l2_leaf_reg"": 3.0, ""learning_rate"": 0.03}",True,0.8545,
catboost,optimized_search,0.855125,0.7625676720804331,0.7834723877632102,0.45,"{""depth"": 6, ""iterations"": 500, ""l2_leaf_reg"": 3.0, ""learning_rate"": 0.03}",True,0.8545,
catboost,optimized_search,0.85425,0.7643835616438356,0.7759237187127532,0.46,"{""depth"": 6, ""iterations"": 500, ""l2_leaf_reg"": 3.0, ""learning_rate"": 0.03}",False,0.8545,
catboost,optimized_search,0.854875,0.7690476190476191,0.7699642431466031,0.47,"{""depth"": 6, ""iterations"": 500, ""l2_leaf_reg"": 3.0, ""learning_rate"": 0.03}",True,0.8545,
catboost,optimized_search,0.854625,0.7710168134507606,0.7651966626936829,0.48,"{""depth"": 6, ""iterations"": 500, ""l2_leaf_reg"": 3.0, ""learning_rate"": 0.03}",True,0.8545,
catboost,optimized_search,0.853625,0.7733549959382616,0.7564560985299961,0.49,"{""depth"": 6, ""iterations"": 500, ""l2_leaf_reg"": 3.0, ""learning_rate"": 0.03}",False,0.8545,
catboost,optimized_search,0.853375,0.7774566473988439,0.7481128327373858,0.5,"{""depth"": 6, ""iterations"": 500, ""l2_leaf_reg"": 3.0, ""learning_rate"": 0.03}",False,0.8545,
catboost,optimized_search,0.853,0.7811320754716982,0.7401668653158522,0.51,"{""depth"": 6, ""iterations"": 500, ""l2_leaf_reg"": 3.0, ""learning_rate"": 0.03}",False,0.8545,
catboost,optimized_search,0.851625,0.7829787234042553,0.7310290027810886,0.52,"{""depth"": 6, ""iterations"": 500, ""l2_leaf_reg"": 3.0, ""learning_rate"": 0.03}",False,0.8545,
catboost,optimized_search,0.8505,0.7853131749460043,0.7222884386174017,0.53,"{""depth"": 6, ""iterations"": 500, ""l2_leaf_reg"": 3.0, ""learning_rate"": 0.03}",False,0.8545,
catboost,optimized_search,0.85075,0.7912813738441216,0.7139451728247914,0.54,"{""depth"": 6, ""iterations"": 500, ""l2_leaf_reg"": 3.0, ""learning_rate"": 0.03}",False,0.8545,
catboost,optimized_search,0.849625,0.7940913160250671,0.7048073102900279,0.55,"{""depth"": 6, ""iterations"": 500, ""l2_leaf_reg"": 3.0, ""learning_rate"": 0.03}",False,0.8545,
catboost,optimized_search,0.84875,0.7966409441670449,0.6972586412395709,0.56,"{""depth"": 6, ""iterations"": 500, ""l2_leaf_reg"": 3.0, ""learning_rate"": 0.03}",False,0.8545,
catboost,optimized_search,0.846625,0.799165120593692,0.6845450933651172,0.57,"{""depth"": 6, ""iterations"": 500, ""l2_leaf_reg"": 3.0, ""learning_rate"": 0.03}",False,0.8545,
catboost,optimized_search,0.845125,0.8022705771050141,0.6738180373460468,0.58,"{""depth"": 6, ""iterations"": 500, ""l2_leaf_reg"": 3.0, ""learning_rate"": 0.03}",False,0.8545,
catboost,optimized_search,0.843375,0.804725168756027,0.6630909813269765,0.59,"{""depth"": 6, ""iterations"": 500, ""l2_leaf_reg"": 3.0, ""learning_rate"": 0.03}",False,0.8545,
catboost,optimized_search,0.841875,0.8080708661417323,0.6523639253079062,0.6,"{""depth"": 6, ""iterations"": 500, ""l2_leaf_reg"": 3.0, ""learning_rate"": 0.03}",False,0.8545,
catboost,optimized_search,0.840125,0.8110552763819096,0.6412395709177592,0.61,"{""depth"": 6, ""iterations"": 500, ""l2_leaf_reg"": 3.0, ""learning_rate"": 0.03}",False,0.8545,
catboost,optimized_search,0.840375,0.8169734151329243,0.6348827969805324,0.62,"{""depth"": 6, ""iterations"": 500, ""l2_leaf_reg"": 3.0, ""learning_rate"": 0.03}",False,0.8545,
catboost,optimized_search,0.840625,0.8237747653806048,0.6277314263011522,0.63,"{""depth"": 6, ""iterations"": 500, ""l2_leaf_reg"": 3.0, ""learning_rate"": 0.03}",False,0.8545,
catboost,optimized_search,0.83875,0.8278995189738108,0.6154151767977751,0.64,"{""depth"": 6, ""iterations"": 500, ""l2_leaf_reg"": 3.0, ""learning_rate"": 0.03}",False,0.8545,
catboost,optimized_search,0.83725,0.8303425774877651,0.6066746126340882,0.65,"{""depth"": 6, ""iterations"": 500, ""l2_leaf_reg"": 3.0, ""learning_rate"": 0.03}",False,0.8545,
catboost,optimized_search,0.836875,0.8366666666666667,0.5983313468414779,0.66,"{""depth"": 6, ""iterations"": 500, ""l2_leaf_reg"": 3.0, ""learning_rate"": 0.03}",False,0.8545,
catboost,optimized_search,0.835875,0.844,0.5868096940802543,0.67,"{""depth"": 6, ""iterations"": 500, ""l2_leaf_reg"": 3.0, ""learning_rate"": 0.03}",False,0.8545,
catboost,optimized_search,0.833375,0.8490566037735849,0.5721096543504172,0.68,"{""depth"": 6, ""iterations"": 500, ""l2_leaf_reg"": 3.0, ""learning_rate"": 0.03}",False,0.8545,
catboost,optimized_search,0.8315,0.853599516031458,0.5605880015891935,0.69,"{""depth"": 6, ""iterations"": 500, ""l2_leaf_reg"": 3.0, ""learning_rate"": 0.03}",False,0.8545,
catboost,optimized_search,0.830375,0.8598014888337469,0.5506555423122765,0.7,"{""depth"": 6, ""iterations"": 500, ""l2_leaf_reg"": 3.0, ""learning_rate"": 0.03}",False,0.8545,
catboost,optimized_search,0.82875,0.8645899554990464,0.5403257846642828,0.71,"{""depth"": 6, ""iterations"": 500, ""l2_leaf_reg"": 3.0, ""learning_rate"": 0.03}",False,0.8545,
catboost,optimized_search,0.824875,0.8680738786279684,0.522844656336909,0.72,"{""depth"": 6, ""iterations"": 500, ""l2_leaf_reg"": 3.0, ""learning_rate"": 0.03}",False,0.8545,
catboost,optimized_search,0.822375,0.8717774762550882,0.510528406833532,0.73,"{""depth"": 6, ""iterations"": 500, ""l2_leaf_reg"": 3.0, ""learning_rate"": 0.03}",False,0.8545,
catboost,optimized_search,0.818,0.8743824982357092,0.4922526817640048,0.74,"{""depth"": 6, ""iterations"": 500, ""l2_leaf_reg"": 3.0, ""learning_rate"": 0.03}",False,0.8545,
catboost,optimized_search,0.81525,0.8794740686632578,0.478347238776321,0.75,"{""depth"": 6, ""iterations"": 500, ""l2_leaf_reg"": 3.0, ""learning_rate"": 0.03}",False,0.8545,
catboost,optimized_search,0.81225,0.8824415975885456,0.46523639253079063,0.76,"{""depth"": 6, ""iterations"": 500, ""l2_leaf_reg"": 3.0, ""learning_rate"": 0.03}",False,0.8545,
catboost,optimized_search,0.81,0.8922108575924469,0.4505363528009535,0.77,"{""depth"": 6, ""iterations"": 500, ""l2_leaf_reg"": 3.0, ""learning_rate"": 0.03}",False,0.8545,
catboost,optimized_search,0.808,0.8965238480194018,0.44060389352403656,0.78,"{""depth"": 6, ""iterations"": 500, ""l2_leaf_reg"": 3.0, ""learning_rate"": 0.03}",False,0.8545,
catboost,optimized_search,0.804625,0.8994974874371859,0.4266984505363528,0.79,"{""depth"": 6, ""iterations"": 500, ""l2_leaf_reg"": 3.0, ""learning_rate"": 0.03}",False,0.8545,
catboost,optimized_search,0.8005,0.9014821272885789,0.41080651569328563,0.8,"{""depth"": 6, ""iterations"": 500, ""l2_leaf_reg"": 3.0, ""learning_rate"": 0.03}",False,0.8545,
catboost,optimized_search,0.79525,0.9028414298808433,0.3913388955105284,0.81,"{""depth"": 6, ""iterations"": 500, ""l2_leaf_reg"": 3.0, ""learning_rate"": 0.03}",False,0.8545,
catboost,optimized_search,0.8095,0.637649015802606,0.9137862534763608,0.2,"{""depth"": 6, ""iterations"": 500, ""l2_leaf_reg"": 3.0, ""learning_rate"": 0.05}",False,0.8545,
catboost,optimized_search,0.81175,0.641874824586023,0.9086213746523639,0.21,"{""depth"": 6, ""iterations"": 500, ""l2_leaf_reg"": 3.0, ""learning_rate"": 0.05}",False,0.8545,
catboost,optimized_search,0.815,0.6474267841910719,0.9046483909415971,0.22,"{""depth"": 6, ""iterations"": 500, ""l2_leaf_reg"": 3.0, ""learning_rate"": 0.05}",False,0.8545,
catboost,optimized_search,0.817875,0.6522113727742677,0.902264600715137,0.23,"{""depth"": 6, ""iterations"": 500, ""l2_leaf_reg"": 3.0, ""learning_rate"": 0.05}",False,0.8545,
catboost,optimized_search,0.82075,0.6580099212138897,0.8959078267779103,0.24,"{""depth"": 6, ""iterations"": 500, ""l2_leaf_reg"": 3.0, ""learning_rate"": 0.05}",False,0.8545,
catboost,optimized_search,0.824,0.6639077741649424,0.8923321414382201,0.25,"{""depth"": 6, ""iterations"": 500, ""l2_leaf_reg"": 3.0, ""learning_rate"": 0.05}",False,0.8545,
catboost,optimized_search,0.82625,0.6688642493257417,0.8867699642431466,0.26,"{""depth"": 6, ""iterations"": 500, ""l2_leaf_reg"": 3.0, ""learning_rate"": 0.05}",False,0.8545,
catboost,optimized_search,0.826875,0.6713075060532687,0.8812077870480731,0.27,"{""depth"": 6, ""iterations"": 500, ""l2_leaf_reg"": 3.0, ""learning_rate"": 0.05}",False,0.8545,
catboost,optimized_search,0.8305,0.6781221233507211,0.8780294000794596,0.28,"{""depth"": 6, ""iterations"": 500, ""l2_leaf_reg"": 3.0, ""learning_rate"": 0.05}",False,0.8545,
catboost,optimized_search,0.832,0.6825396825396826,0.8712753277711561,0.29,"{""depth"": 6, ""iterations"": 500, ""l2_leaf_reg"": 3.0, ""learning_rate"": 0.05}",False,0.8545,
catboost,optimized_search,0.83325,0.6865342163355408,0.8649185538339292,0.3,"{""depth"": 6, ""iterations"": 500, ""l2_leaf_reg"": 3.0, ""learning_rate"": 0.05}",False,0.8545,
catboost,optimized_search,0.83525,0.6913501436323013,0.8605482717520858,0.31,"{""depth"": 6, ""iterations"": 500, ""l2_leaf_reg"": 3.0, ""learning_rate"": 0.05}",False,0.8545,
catboost,optimized_search,0.838125,0.6983766233766234,0.8545887961859356,0.32,"{""depth"": 6, ""iterations"": 500, ""l2_leaf_reg"": 3.0, ""learning_rate"": 0.05}",False,0.8545,
catboost,optimized_search,0.841,0.7051070840197694,0.8502185141040922,0.33,"{""depth"": 6, ""iterations"": 500, ""l2_leaf_reg"": 3.0, ""learning_rate"": 0.05}",False,0.8545,
catboost,optimized_search,0.842375,0.708915502328676,0.8466428287644021,0.34,"{""depth"": 6, ""iterations"": 500, ""l2_leaf_reg"": 3.0, ""learning_rate"": 0.05}",False,0.8545,
catboost,optimized_search,0.844875,0.715104517869184,0.8426698450536353,0.35,"{""depth"": 6, ""iterations"": 500, ""l2_leaf_reg"": 3.0, ""learning_rate"": 0.05}",False,0.8545,
catboost,optimized_search,0.846,0.7196581196581197,0.8363130711164084,0.36,"{""depth"": 6, ""iterations"": 500, ""l2_leaf_reg"": 3.0, ""learning_rate"": 0.05}",False,0.8545,
catboost,optimized_search,0.847125,0.7240304709141274,0.8307508939213349,0.37,"{""depth"": 6, ""iterations"": 500, ""l2_leaf_reg"": 3.0, ""learning_rate"": 0.05}",False,0.8545,
catboost,optimized_search,0.847625,0.7278792134831461,0.8235995232419547,0.38,"{""depth"": 6, ""iterations"": 500, ""l2_leaf_reg"": 3.0, ""learning_rate"": 0.05}",False,0.8545,
catboost,optimized_search,0.849125,0.7330960854092526,0.8184346444179579,0.39,"{""depth"": 6, ""iterations"": 500, ""l2_leaf_reg"": 3.0, ""learning_rate"": 0.05}",False,0.8545,
catboost,optimized_search,0.84925,0.7368991687748464,0.8100913786253476,0.4,"{""depth"": 6, ""iterations"": 500, ""l2_leaf_reg"": 3.0, ""learning_rate"": 0.05}",False,0.8545,
catboost,optimized_search,0.850625,0.741593567251462,0.8061183949145808,0.41,"{""depth"": 6, ""iterations"": 500, ""l2_leaf_reg"": 3.0, ""learning_rate"": 0.05}",False,0.8545,
catboost,optimized_search,0.85175,0.7460258780036969,0.8017481128327374,0.42,"{""depth"": 6, ""iterations"": 500, ""l2_leaf_reg"": 3.0, ""learning_rate"": 0.05}",False,0.8545,
catboost,optimized_search,0.851875,0.7496251874062968,0.7945967421533572,0.43,"{""depth"": 6, ""iterations"": 500, ""l2_leaf_reg"": 3.0, ""learning_rate"": 0.05}",False,0.8545,
catboost,optimized_search,0.85225,0.7537058152793614,0.7878426698450537,0.44,"{""depth"": 6, ""iterations"": 500, ""l2_leaf_reg"": 3.0, ""learning_rate"": 0.05}",False,0.8545,
catboost,optimized_search,0.85225,0.7570273392375818,0.7810885975367501,0.45,"{""depth"": 6, ""iterations"": 500, ""l2_leaf_reg"": 3.0, ""learning_rate"": 0.05}",False,0.8545,
catboost,optimized_search,0.851375,0.7587685113016368,0.7735399284862932,0.46,"{""depth"": 6, ""iterations"": 500, ""l2_leaf_reg"": 3.0, ""learning_rate"": 0.05}",False,0.8545,
catboost,optimized_search,0.85125,0.7623566627125345,0.7659912594358363,0.47,"{""depth"": 6, ""iterations"": 500, ""l2_leaf_reg"": 3.0, ""learning_rate"": 0.05}",False,0.8545,
catboost,optimized_search,0.85125,0.7659318637274549,0.7592371871275327,0.48,"{""depth"": 6, ""iterations"": 500, ""l2_leaf_reg"": 3.0, ""learning_rate"": 0.05}",False,0.8545,
catboost,optimized_search,0.85125,0.7691683569979716,0.7532777115613826,0.49,"{""depth"": 6, ""iterations"": 500, ""l2_leaf_reg"": 3.0, ""learning_rate"": 0.05}",False,0.8545,
catboost,optimized_search,0.851,0.7727459860024701,0.7457290425109258,0.5,"{""depth"": 6, ""iterations"": 500, ""l2_leaf_reg"": 3.0, ""learning_rate"": 0.05}",False,0.8545,
catboost,optimized_search,0.85125,0.7777312683131017,0.7381803734604688,0.51,"{""depth"": 6, ""iterations"": 500, ""l2_leaf_reg"": 3.0, ""learning_rate"": 0.05}",False,0.8545,
catboost,optimized_search,0.850625,0.7810374149659864,0.7298371076678586,0.52,"{""depth"": 6, ""iterations"": 500, ""l2_leaf_reg"": 3.0, ""learning_rate"": 0.05}",False,0.8545,
catboost,optimized_search,0.84825,0.7809400603708495,0.7195073500198649,0.53,"{""depth"": 6, ""iterations"": 500, ""l2_leaf_reg"": 3.0, ""learning_rate"": 0.05}",False,0.8545,
catboost,optimized_search,0.847875,0.7845884413309983,0.7119586809694081,0.54,"{""depth"": 6, ""iterations"": 500, ""l2_leaf_reg"": 3.0, ""learning_rate"": 0.05}",False,0.8545,
catboost,optimized_search,0.84675,0.788041053101294,0.7016289233214144,0.55,"{""depth"": 6, ""iterations"": 500, ""l2_leaf_reg"": 3.0, ""learning_rate"": 0.05}",False,0.8545,
catboost,optimized_search,0.8455,0.789426118391324,0.6940802542709575,0.56,"{""depth"": 6, ""iterations"": 500, ""l2_leaf_reg"": 3.0, ""learning_rate"": 0.05}",False,0.8545,
catboost,optimized_search,0.844625,0.7911334552102377,0.6877234803337307,0.57,"{""depth"": 6, ""iterations"": 500, ""l2_leaf_reg"": 3.0, ""learning_rate"": 0.05}",False,0.8545,
catboost,optimized_search,0.843,0.793392275476966,0.6773937226857369,0.58,"{""depth"": 6, ""iterations"": 500, ""l2_leaf_reg"": 3.0, ""learning_rate"": 0.05}",False,0.8545,
catboost,optimized_search,0.842375,0.7979127134724858,0.6682558601509734,0.59,"{""depth"": 6, ""iterations"": 500, ""l2_leaf_reg"": 3.0, ""learning_rate"": 0.05}",False,0.8545,
catboost,optimized_search,0.84125,0.8022297624818225,0.6575288041319031,0.6,"{""depth"": 6, ""iterations"": 500, ""l2_leaf_reg"": 3.0, ""learning_rate"": 0.05}",False,0.8545,
catboost,optimized_search,0.840125,0.805528134254689,0.6483909415971395,0.61,"{""depth"": 6, ""iterations"": 500, ""l2_leaf_reg"": 3.0, ""learning_rate"": 0.05}",False,0.8545,
catboost,optimized_search,0.83975,0.8107700050327127,0.6400476758045291,0.62,"{""depth"": 6, ""iterations"": 500, ""l2_leaf_reg"": 3.0, ""learning_rate"": 0.05}",False,0.8545,
catboost,optimized_search,0.83875,0.8138107416879795,0.6321017083829956,0.63,"{""depth"": 6, ""iterations"": 500, ""l2_leaf_reg"": 3.0, ""learning_rate"": 0.05}",False,0.8545,
catboost,optimized_search,0.83725,0.8162415408641333,0.6229638458482321,0.64,"{""depth"": 6, ""iterations"": 500, ""l2_leaf_reg"": 3.0, ""learning_rate"": 0.05}",False,0.8545,
catboost,optimized_search,0.83675,0.8225892381459776,0.6134286849423918,0.65,"{""depth"": 6, ""iterations"": 500, ""l2_leaf_reg"": 3.0, ""learning_rate"": 0.05}",False,0.8545,
catboost,optimized_search,0.8375,0.8316076294277929,0.6062773142630116,0.66,"{""depth"": 6, ""iterations"": 500, ""l2_leaf_reg"": 3.0, ""learning_rate"": 0.05}",False,0.8545,
catboost,optimized_search,0.835125,0.8346368715083798,0.5935637663885578,0.67,"{""depth"": 6, ""iterations"": 500, ""l2_leaf_reg"": 3.0, ""learning_rate"": 0.05}",False,0.8545,
catboost,optimized_search,0.833625,0.8365493757094211,0.5856177989670243,0.68,"{""depth"": 6, ""iterations"": 500, ""l2_leaf_reg"": 3.0, ""learning_rate"": 0.05}",False,0.8545,
catboost,optimized_search,0.83225,0.8433664523670368,0.5733015494636472,0.69,"{""depth"": 6, ""iterations"": 500, ""l2_leaf_reg"": 3.0, ""learning_rate"": 0.05}",False,0.8545,
catboost,optimized_search,0.830875,0.8514492753623188,0.5601907032181168,0.7,"{""depth"": 6, ""iterations"": 500, ""l2_leaf_reg"": 3.0, ""learning_rate"": 0.05}",False,0.8545,
catboost,optimized_search,0.829,0.8561686298822071,0.5486690504568932,0.71,"{""depth"": 6, ""iterations"": 500, ""l2_leaf_reg"": 3.0, ""learning_rate"": 0.05}",False,0.8545,
catboost,optimized_search,0.82575,0.8569612205975843,0.5355582042113627,0.72,"{""depth"": 6, ""iterations"": 500, ""l2_leaf_reg"": 3.0, ""learning_rate"": 0.05}",False,0.8545,
catboost,optimized_search,0.82275,0.860327868852459,0.5212554628526023,0.73,"{""depth"": 6, ""iterations"": 500, ""l2_leaf_reg"": 3.0, ""learning_rate"": 0.05}",False,0.8545,
catboost,optimized_search,0.820625,0.8675271739130435,0.5073500198649186,0.74,"{""depth"": 6, ""iterations"": 500, ""l2_leaf_reg"": 3.0, ""learning_rate"": 0.05}",False,0.8545,
catboost,optimized_search,0.81925,0.8752627890679747,0.49622566547477154,0.75,"{""depth"": 6, ""iterations"": 500, ""l2_leaf_reg"": 3.0, ""learning_rate"": 0.05}",False,0.8545,
catboost,optimized_search,0.815625,0.8786337209302325,0.4803337306317044,0.76,"{""depth"": 6, ""iterations"": 500, ""l2_leaf_reg"": 3.0, ""learning_rate"": 0.05}",False,0.8545,
catboost,optimized_search,0.812125,0.8829305135951662,0.46444179578863726,0.77,"{""depth"": 6, ""iterations"": 500, ""l2_leaf_reg"": 3.0, ""learning_rate"": 0.05}",False,0.8545,
catboost,optimized_search,0.808625,0.8827639751552795,0.45172824791418353,0.78,"{""depth"": 6, ""iterations"": 500, ""l2_leaf_reg"": 3.0, ""learning_rate"": 0.05}",False,0.8545,
catboost,optimized_search,0.8055,0.8890688259109312,0.4362336114421931,0.79,"{""depth"": 6, ""iterations"": 500, ""l2_leaf_reg"": 3.0, ""learning_rate"": 0.05}",False,0.8545,
catboost,optimized_search,0.801875,0.8929173693086003,0.42073897497020263,0.8,"{""depth"": 6, ""iterations"": 500, ""l2_leaf_reg"": 3.0, ""learning_rate"": 0.05}",False,0.8545,
catboost,optimized_search,0.798,0.8969162995594714,0.4044497417560588,0.81,"{""depth"": 6, ""iterations"": 500, ""l2_leaf_reg"": 3.0, ""learning_rate"": 0.05}",False,0.8545,
catboost,optimized_search,0.806875,0.632425068119891,0.922129519268971,0.2,"{""depth"": 6, ""iterations"": 500, ""l2_leaf_reg"": 5.0, ""learning_rate"": 0.03}",False,0.8545,
catboost,optimized_search,0.8105,0.6382978723404256,0.9177592371871275,0.21,"{""depth"": 6, ""iterations"": 500, ""l2_leaf_reg"": 5.0, ""learning_rate"": 0.03}",False,0.8545,
catboost,optimized_search,0.81325,0.6427574658107731,0.9149781485895908,0.22,"{""depth"": 6, ""iterations"": 500, ""l2_leaf_reg"": 5.0, ""learning_rate"": 0.03}",False,0.8545,
catboost,optimized_search,0.81675,0.6483206322325713,0.9125943583631307,0.23,"{""depth"": 6, ""iterations"": 500, ""l2_leaf_reg"": 5.0, ""learning_rate"": 0.03}",False,0.8545,
catboost,optimized_search,0.818875,0.6528334287349743,0.9062375844259039,0.24,"{""depth"": 6, ""iterations"": 500, ""l2_leaf_reg"": 5.0, ""learning_rate"": 0.03}",False,0.8545,
catboost,optimized_search,0.821875,0.6588132635253054,0.899880810488677,0.25,"{""depth"": 6, ""iterations"": 500, ""l2_leaf_reg"": 5.0, ""learning_rate"": 0.03}",False,0.8545,
catboost,optimized_search,0.825375,0.6658767772511849,0.8931267381803735,0.26,"{""depth"": 6, ""iterations"": 500, ""l2_leaf_reg"": 5.0, ""learning_rate"": 0.03}",False,0.8545,
catboost,optimized_search,0.827375,0.6706730769230769,0.8867699642431466,0.27,"{""depth"": 6, ""iterations"": 500, ""l2_leaf_reg"": 5.0, ""learning_rate"": 0.03}",False,0.8545,
catboost,optimized_search,0.830125,0.676094890510949,0.8831942789034565,0.28,"{""depth"": 6, ""iterations"": 500, ""l2_leaf_reg"": 5.0, ""learning_rate"": 0.03}",False,0.8545,
catboost,optimized_search,0.833125,0.6822948797038865,0.878823996821613,0.29,"{""depth"": 6, ""iterations"": 500, ""l2_leaf_reg"": 5.0, ""learning_rate"": 0.03}",False,0.8545,
catboost,optimized_search,0.8355,0.6880676479799561,0.8728645212554629,0.3,"{""depth"": 6, ""iterations"": 500, ""l2_leaf_reg"": 5.0, ""learning_rate"": 0.03}",False,0.8545,
catboost,optimized_search,0.837125,0.6928208386277002,0.866507747318236,0.31,"{""depth"": 6, ""iterations"": 500, ""l2_leaf_reg"": 5.0, ""learning_rate"": 0.03}",False,0.8545,
catboost,optimized_search,0.8395,0.6991922455573506,0.8597536750099325,0.32,"{""depth"": 6, ""iterations"": 500, ""l2_leaf_reg"": 5.0, ""learning_rate"": 0.03}",False,0.8545,
catboost,optimized_search,0.842125,0.7054390563564875,0.855383392928089,0.33,"{""depth"": 6, ""iterations"": 500, ""l2_leaf_reg"": 5.0, ""learning_rate"": 0.03}",False,0.8545,
catboost,optimized_search,0.84275,0.7089279787587123,0.8486293206197855,0.34,"{""depth"": 6, ""iterations"": 500, ""l2_leaf_reg"": 5.0, ""learning_rate"": 0.03}",False,0.8545,
catboost,optimized_search,0.844,0.7138523761375126,0.8414779499404053,0.35,"{""depth"": 6, ""iterations"": 500, ""l2_leaf_reg"": 5.0, ""learning_rate"": 0.03}",False,0.8545,
catboost,optimized_search,0.845625,0.7187713310580205,0.8367103694874851,0.36,"{""depth"": 6, ""iterations"": 500, ""l2_leaf_reg"": 5.0, ""learning_rate"": 0.03}",False,0.8545,
catboost,optimized_search,0.84675,0.722816706938212,0.831942789034565,0.37,"{""depth"": 6, ""iterations"": 500, ""l2_leaf_reg"": 5.0, ""learning_rate"": 0.03}",False,0.8545,
catboost,optimized_search,0.849375,0.7303370786516854,0.8263806118394914,0.38,"{""depth"": 6, ""iterations"": 500, ""l2_leaf_reg"": 5.0, ""learning_rate"": 0.03}",False,0.8545,
catboost,optimized_search,0.84925,0.7321997874601488,0.8212157330154947,0.39,"{""depth"": 6, ""iterations"": 500, ""l2_leaf_reg"": 5.0, ""learning_rate"": 0.03}",False,0.8545,
catboost,optimized_search,0.8495,0.7357271095152603,0.8140643623361145,0.4,"{""depth"": 6, ""iterations"": 500, ""l2_leaf_reg"": 5.0, ""learning_rate"": 0.03}",False,0.8545,
catboost,optimized_search,0.84975,0.7388303668725027,0.8081048867699643,0.41,"{""depth"": 6, ""iterations"": 500, ""l2_leaf_reg"": 5.0, ""learning_rate"": 0.03}",False,0.8545,
catboost,optimized_search,0.852125,0.7459439528023599,0.8037346046881207,0.42,"{""depth"": 6, ""iterations"": 500, ""l2_leaf_reg"": 5.0, ""learning_rate"": 0.03}",False,0.8545,
catboost,optimized_search,0.85325,0.751969981238274,0.7961859356376639,0.43,"{""depth"": 6, ""iterations"": 500, ""l2_leaf_reg"": 5.0, ""learning_rate"": 0.03}",False,0.8545,
catboost,optimized_search,0.85525,0.7588571428571429,0.7914183551847438,0.44,"{""depth"": 6, ""iterations"": 500, ""l2_leaf_reg"": 5.0, ""learning_rate"": 0.03}",True,0.8545,
catboost,optimized_search,0.856375,0.7630769230769231,0.7882399682161303,0.45,"{""depth"": 6, ""iterations"": 500, ""l2_leaf_reg"": 5.0, ""learning_rate"": 0.03}",True,0.8545,
catboost,optimized_search,0.8565,0.7664460879719736,0.7822804926499801,0.46,"{""depth"": 6, ""iterations"": 500, ""l2_leaf_reg"": 5.0, ""learning_rate"": 0.03}",True,0.8545,
catboost,optimized_search,0.856125,0.7697472353870458,0.7743345252284466,0.47,"{""depth"": 6, ""iterations"": 500, ""l2_leaf_reg"": 5.0, ""learning_rate"": 0.03}",True,0.8545,
catboost,optimized_search,0.855625,0.7728365384615384,0.766388557806913,0.48,"{""depth"": 6, ""iterations"": 500, ""l2_leaf_reg"": 5.0, ""learning_rate"": 0.03}",True,0.8545,
catboost,optimized_search,0.8565,0.7790460660415818,0.7592371871275327,0.49,"{""depth"": 6, ""iterations"": 500, ""l2_leaf_reg"": 5.0, ""learning_rate"": 0.03}",True,0.8545,
catboost,optimized_search,0.85575,0.780799340749897,0.752880413190306,0.5,"{""depth"": 6, ""iterations"": 500, ""l2_leaf_reg"": 5.0, ""learning_rate"": 0.03}",True,0.8545,
catboost,optimized_search,0.85425,0.7827542904981164,0.742947953913389,0.51,"{""depth"": 6, ""iterations"": 500, ""l2_leaf_reg"": 5.0, ""learning_rate"": 0.03}",False,0.8545,
catboost,optimized_search,0.854,0.7868991918332624,0.7350019864918553,0.52,"{""depth"": 6, ""iterations"": 500, ""l2_leaf_reg"": 5.0, ""learning_rate"": 0.03}",False,0.8545,
catboost,optimized_search,0.852,0.7881539126675313,0.724274930472785,0.53,"{""depth"": 6, ""iterations"": 500, ""l2_leaf_reg"": 5.0, ""learning_rate"": 0.03}",False,0.8545,
catboost,optimized_search,0.852,0.793483047115808,0.7159316646801748,0.54,"{""depth"": 6, ""iterations"": 500, ""l2_leaf_reg"": 5.0, ""learning_rate"": 0.03}",False,0.8545,
catboost,optimized_search,0.850875,0.7957998212689902,0.7075883988875645,0.55,"{""depth"": 6, ""iterations"": 500, ""l2_leaf_reg"": 5.0, ""learning_rate"": 0.03}",False,0.8545,
catboost,optimized_search,0.849,0.7970948706309577,0.6976559396106476,0.56,"{""depth"": 6, ""iterations"": 500, ""l2_leaf_reg"": 5.0, ""learning_rate"": 0.03}",False,0.8545,
catboost,optimized_search,0.847375,0.8,0.6865315852205006,0.57,"{""depth"": 6, ""iterations"": 500, ""l2_leaf_reg"": 5.0, ""learning_rate"": 0.03}",False,0.8545,
catboost,optimized_search,0.844625,0.8018957345971564,0.6722288438617402,0.58,"{""depth"": 6, ""iterations"": 500, ""l2_leaf_reg"": 5.0, ""learning_rate"": 0.03}",False,0.8545,
catboost,optimized_search,0.843,0.8032708032708032,0.6634882796980532,0.59,"{""depth"": 6, ""iterations"": 500, ""l2_leaf_reg"": 5.0, ""learning_rate"": 0.03}",False,0.8545,
catboost,optimized_search,0.8425,0.8082393330063756,0.6547477155343663,0.6,"{""depth"": 6, ""iterations"": 500, ""l2_leaf_reg"": 5.0, ""learning_rate"": 0.03}",False,0.8545,
catboost,optimized_search,0.841,0.8107838242636046,0.645212554628526,0.61,"{""depth"": 6, ""iterations"": 500, ""l2_leaf_reg"": 5.0, ""learning_rate"": 0.03}",False,0.8545,
catboost,optimized_search,0.841,0.817440081591025,0.6368692888359158,0.62,"{""depth"": 6, ""iterations"": 500, ""l2_leaf_reg"": 5.0, ""learning_rate"": 0.03}",False,0.8545,
catboost,optimized_search,0.840125,0.8230688935281837,0.6265395311879222,0.63,"{""depth"": 6, ""iterations"": 500, ""l2_leaf_reg"": 5.0, ""learning_rate"": 0.03}",False,0.8545,
catboost,optimized_search,0.84,0.8302189001601709,0.6177989670242352,0.64,"{""depth"": 6, ""iterations"": 500, ""l2_leaf_reg"": 5.0, ""learning_rate"": 0.03}",False,0.8545,
catboost,optimized_search,0.839375,0.8362445414847162,0.6086611044894716,0.65,"{""depth"": 6, ""iterations"": 500, ""l2_leaf_reg"": 5.0, ""learning_rate"": 0.03}",False,0.8545,
catboost,optimized_search,0.836875,0.8381696428571429,0.5967421533571713,0.66,"{""depth"": 6, ""iterations"": 500, ""l2_leaf_reg"": 5.0, ""learning_rate"": 0.03}",False,0.8545,
catboost,optimized_search,0.83575,0.84312606959498,0.5872069924513309,0.67,"{""depth"": 6, ""iterations"": 500, ""l2_leaf_reg"": 5.0, ""learning_rate"": 0.03}",False,0.8545,
catboost,optimized_search,0.834,0.8507374631268436,0.5729042510925705,0.68,"{""depth"": 6, ""iterations"": 500, ""l2_leaf_reg"": 5.0, ""learning_rate"": 0.03}",False,0.8545,
catboost,optimized_search,0.833125,0.8560240963855422,0.5645609852999602,0.69,"{""depth"": 6, ""iterations"": 500, ""l2_leaf_reg"": 5.0, ""learning_rate"": 0.03}",False,0.8545,
catboost,optimized_search,0.830625,0.8599752168525403,0.5514501390544299,0.7,"{""depth"": 6, ""iterations"": 500, ""l2_leaf_reg"": 5.0, ""learning_rate"": 0.03}",False,0.8545,
catboost,optimized_search,0.82875,0.8659859604339503,0.5391338895510528,0.71,"{""depth"": 6, ""iterations"": 500, ""l2_leaf_reg"": 5.0, ""learning_rate"": 0.03}",False,0.8545,
catboost,optimized_search,0.82625,0.8719471947194719,0.5248311481922924,0.72,"{""depth"": 6, ""iterations"": 500, ""l2_leaf_reg"": 5.0, ""learning_rate"": 0.03}",False,0.8545,
catboost,optimized_search,0.822375,0.8743169398907104,0.5085419149781486,0.73,"{""depth"": 6, ""iterations"": 500, ""l2_leaf_reg"": 5.0, ""learning_rate"": 0.03}",False,0.8545,
catboost,optimized_search,0.819625,0.8792372881355932,0.49463647199046484,0.74,"{""depth"": 6, ""iterations"": 500, ""l2_leaf_reg"": 5.0, ""learning_rate"": 0.03}",False,0.8545,
catboost,optimized_search,0.8155,0.8818782098312545,0.47755264203416764,0.75,"{""depth"": 6, ""iterations"": 500, ""l2_leaf_reg"": 5.0, ""learning_rate"": 0.03}",False,0.8545,
catboost,optimized_search,0.813375,0.8878787878787879,0.4656336909018673,0.76,"{""depth"": 6, ""iterations"": 500, ""l2_leaf_reg"": 5.0, ""learning_rate"": 0.03}",False,0.8545,
catboost,optimized_search,0.80925,0.8898505114083399,0.44934445768772346,0.77,"{""depth"": 6, ""iterations"": 500, ""l2_leaf_reg"": 5.0, ""learning_rate"": 0.03}",False,0.8545,
catboost,optimized_search,0.80575,0.8911454102355808,0.4358363130711164,0.78,"{""depth"": 6, ""iterations"": 500, ""l2_leaf_reg"": 5.0, ""learning_rate"": 0.03}",False,0.8545,
catboost,optimized_search,0.80325,0.8978902953586498,0.42272546682558604,0.79,"{""depth"": 6, ""iterations"": 500, ""l2_leaf_reg"": 5.0, ""learning_rate"": 0.03}",False,0.8545,
catboost,optimized_search,0.798625,0.9001766784452296,0.40484704012713546,0.8,"{""depth"": 6, ""iterations"": 500, ""l2_leaf_reg"": 5.0, ""learning_rate"": 0.03}",False,0.8545,
catboost,optimized_search,0.793625,0.9016697588126159,0.38617401668653156,0.81,"{""depth"": 6, ""iterations"": 500, ""l2_leaf_reg"": 5.0, ""learning_rate"": 0.03}",False,0.8545,
catboost,optimized_search,0.808625,0.6355885588558856,0.9181565355582042,0.2,"{""depth"": 6, ""iterations"": 500, ""l2_leaf_reg"": 5.0, ""learning_rate"": 0.05}",False,0.8545,
catboost,optimized_search,0.810125,0.6386111111111111,0.9133889551052841,0.21,"{""depth"": 6, ""iterations"": 500, ""l2_leaf_reg"": 5.0, ""learning_rate"": 0.05}",False,0.8545,
catboost,optimized_search,0.814375,0.6456804065499717,0.9086213746523639,0.22,"{""depth"": 6, ""iterations"": 500, ""l2_leaf_reg"": 5.0, ""learning_rate"": 0.05}",False,0.8545,
catboost,optimized_search,0.818375,0.652348224513173,0.9050456893126738,0.23,"{""depth"": 6, ""iterations"": 500, ""l2_leaf_reg"": 5.0, ""learning_rate"": 0.05}",False,0.8545,
catboost,optimized_search,0.820875,0.6571014492753623,0.9006754072308304,0.24,"{""depth"": 6, ""iterations"": 500, ""l2_leaf_reg"": 5.0, ""learning_rate"": 0.05}",False,0.8545,
catboost,optimized_search,0.823375,0.6614035087719298,0.8986889153754469,0.25,"{""depth"": 6, ""iterations"": 500, ""l2_leaf_reg"": 5.0, ""learning_rate"": 0.05}",False,0.8545,
catboost,optimized_search,0.8265,0.6668637304167898,0.8963051251489869,0.26,"{""depth"": 6, ""iterations"": 500, ""l2_leaf_reg"": 5.0, ""learning_rate"": 0.05}",False,0.8545,
catboost,optimized_search,0.8305,0.6743766896966056,0.8919348430671434,0.27,"{""depth"": 6, ""iterations"": 500, ""l2_leaf_reg"": 5.0, ""learning_rate"": 0.05}",False,0.8545,
catboost,optimized_search,0.833,0.6804155209288115,0.8847834723877632,0.28,"{""depth"": 6, ""iterations"": 500, ""l2_leaf_reg"": 5.0, ""learning_rate"": 0.05}",False,0.8545,
catboost,optimized_search,0.836125,0.6869187848729076,0.8804131903059197,0.29,"{""depth"": 6, ""iterations"": 500, ""l2_leaf_reg"": 5.0, ""learning_rate"": 0.05}",False,0.8545,
catboost,optimized_search,0.83825,0.6919937205651492,0.8756456098529996,0.3,"{""depth"": 6, ""iterations"": 500, ""l2_leaf_reg"": 5.0, ""learning_rate"": 0.05}",False,0.8545,
catboost,optimized_search,0.838125,0.6943384223918575,0.8673023440603893,0.31,"{""depth"": 6, ""iterations"": 500, ""l2_leaf_reg"": 5.0, ""learning_rate"": 0.05}",False,0.8545,
catboost,optimized_search,0.84,0.6997093961898612,0.8609455701231625,0.32,"{""depth"": 6, ""iterations"": 500, ""l2_leaf_reg"": 5.0, ""learning_rate"": 0.05}",False,0.8545,
catboost,optimized_search,0.84175,0.7048804454634785,0.8549860945570124,0.33,"{""depth"": 6, ""iterations"": 500, ""l2_leaf_reg"": 5.0, ""learning_rate"": 0.05}",False,0.8545,
catboost,optimized_search,0.8425,0.7094301899366877,0.8458482320222487,0.34,"{""depth"": 6, ""iterations"": 500, ""l2_leaf_reg"": 5.0, ""learning_rate"": 0.05}",False,0.8545,
catboost,optimized_search,0.845125,0.7163168584969533,0.8406833531982519,0.35,"{""depth"": 6, ""iterations"": 500, ""l2_leaf_reg"": 5.0, ""learning_rate"": 0.05}",False,0.8545,
catboost,optimized_search,0.84575,0.719616569667922,0.8351211760031784,0.36,"{""depth"": 6, ""iterations"": 500, ""l2_leaf_reg"": 5.0, ""learning_rate"": 0.05}",False,0.8545,
catboost,optimized_search,0.84725,0.7247483512669212,0.8295589988081049,0.37,"{""depth"": 6, ""iterations"": 500, ""l2_leaf_reg"": 5.0, ""learning_rate"": 0.05}",False,0.8545,
catboost,optimized_search,0.84875,0.729701230228471,0.8247914183551848,0.38,"{""depth"": 6, ""iterations"": 500, ""l2_leaf_reg"": 5.0, ""learning_rate"": 0.05}",False,0.8545,
catboost,optimized_search,0.850625,0.7352313167259786,0.820818434644418,0.39,"{""depth"": 6, ""iterations"": 500, ""l2_leaf_reg"": 5.0, ""learning_rate"": 0.05}",False,0.8545,
catboost,optimized_search,0.852375,0.7402877697841727,0.8176400476758046,0.4,"{""depth"": 6, ""iterations"": 500, ""l2_leaf_reg"": 5.0, ""learning_rate"": 0.05}",False,0.8545,
catboost,optimized_search,0.852375,0.7430858806404658,0.8112832737385777,0.41,"{""depth"": 6, ""iterations"": 500, ""l2_leaf_reg"": 5.0, ""learning_rate"": 0.05}",False,0.8545,
catboost,optimized_search,0.852625,0.7470457902511078,0.8037346046881207,0.42,"{""depth"": 6, ""iterations"": 500, ""l2_leaf_reg"": 5.0, ""learning_rate"": 0.05}",False,0.8545,
catboost,optimized_search,0.853125,0.7503731343283582,0.7989670242352006,0.43,"{""depth"": 6, ""iterations"": 500, ""l2_leaf_reg"": 5.0, ""learning_rate"": 0.05}",False,0.8545,
catboost,optimized_search,0.853125,0.7541666666666667,0.7910210568136671,0.44,"{""depth"": 6, ""iterations"": 500, ""l2_leaf_reg"": 5.0, ""learning_rate"": 0.05}",False,0.8545,
catboost,optimized_search,0.85375,0.758144883096972,0.7858561779896702,0.45,"{""depth"": 6, ""iterations"": 500, ""l2_leaf_reg"": 5.0, ""learning_rate"": 0.05}",False,0.8545,
catboost,optimized_search,0.853625,0.7612577639751553,0.7791021056813667,0.46,"{""depth"": 6, ""iterations"": 500, ""l2_leaf_reg"": 5.0, ""learning_rate"": 0.05}",False,0.8545,
catboost,optimized_search,0.853125,0.7647987371744278,0.7699642431466031,0.47,"{""depth"": 6, ""iterations"": 500, ""l2_leaf_reg"": 5.0, ""learning_rate"": 0.05}",False,0.8545,
catboost,optimized_search,0.852625,0.7673860911270983,0.7628128724672228,0.48,"{""depth"": 6, ""iterations"": 500, ""l2_leaf_reg"": 5.0, ""learning_rate"": 0.05}",False,0.8545,
catboost,optimized_search,0.851625,0.7692307692307693,0.7548669050456893,0.49,"{""depth"": 6, ""iterations"": 500, ""l2_leaf_reg"": 5.0, ""learning_rate"": 0.05}",False,0.8545,
catboost,optimized_search,0.851125,0.772391125718981,0.7469209376241558,0.5,"{""depth"": 6, ""iterations"": 500, ""l2_leaf_reg"": 5.0, ""learning_rate"": 0.05}",False,0.8545,
catboost,optimized_search,0.851375,0.7771285475792988,0.7397695669447756,0.51,"{""depth"": 6, ""iterations"": 500, ""l2_leaf_reg"": 5.0, ""learning_rate"": 0.05}",False,0.8545,
catboost,optimized_search,0.852,0.7813423385394681,0.735399284862932,0.52,"{""depth"": 6, ""iterations"": 500, ""l2_leaf_reg"": 5.0, ""learning_rate"": 0.05}",False,0.8545,
catboost,optimized_search,0.850125,0.7833190025795357,0.7238776321017084,0.53,"{""depth"": 6, ""iterations"": 500, ""l2_leaf_reg"": 5.0, ""learning_rate"": 0.05}",False,0.8545,
catboost,optimized_search,0.848375,0.7852143482064742,0.7131505760826381,0.54,"{""depth"": 6, ""iterations"": 500, ""l2_leaf_reg"": 5.0, ""learning_rate"": 0.05}",False,0.8545,
catboost,optimized_search,0.8475,0.7870739265161576,0.7063965037743345,0.55,"{""depth"": 6, ""iterations"": 500, ""l2_leaf_reg"": 5.0, ""learning_rate"": 0.05}",False,0.8545,
catboost,optimized_search,0.846125,0.788858939802336,0.6976559396106476,0.56,"{""depth"": 6, ""iterations"": 500, ""l2_leaf_reg"": 5.0, ""learning_rate"": 0.05}",False,0.8545,
catboost,optimized_search,0.846625,0.7945205479452054,0.6912991656734208,0.57,"{""depth"": 6, ""iterations"": 500, ""l2_leaf_reg"": 5.0, ""learning_rate"": 0.05}",False,0.8545,
catboost,optimized_search,0.846,0.7989762680316427,0.6821613031386571,0.58,"{""depth"": 6, ""iterations"": 500, ""l2_leaf_reg"": 5.0, ""learning_rate"": 0.05}",False,0.8545,
catboost,optimized_search,0.8445,0.8018018018018018,0.6718315454906635,0.59,"{""depth"": 6, ""iterations"": 500, ""l2_leaf_reg"": 5.0, ""learning_rate"": 0.05}",False,0.8545,
catboost,optimized_search,0.8425,0.8037699371677138,0.6607071911005165,0.6,"{""depth"": 6, ""iterations"": 500, ""l2_leaf_reg"": 5.0, ""learning_rate"": 0.05}",False,0.8545,
catboost,optimized_search,0.840625,0.8053097345132744,0.6507747318235996,0.61,"{""depth"": 6, ""iterations"": 500, ""l2_leaf_reg"": 5.0, ""learning_rate"": 0.05}",False,0.8545,
catboost,optimized_search,0.83975,0.8089044522261131,0.6424314660309892,0.62,"{""depth"": 6, ""iterations"": 500, ""l2_leaf_reg"": 5.0, ""learning_rate"": 0.05}",False,0.8545,
catboost,optimized_search,0.84,0.8170169144028703,0.6332936034962257,0.63,"{""depth"": 6, ""iterations"": 500, ""l2_leaf_reg"": 5.0, ""learning_rate"": 0.05}",False,0.8545,
catboost,optimized_search,0.83975,0.8211128445137805,0.6273341279300755,0.64,"{""depth"": 6, ""iterations"": 500, ""l2_leaf_reg"": 5.0, ""learning_rate"": 0.05}",False,0.8545,
catboost,optimized_search,0.83925,0.82756785524215,0.6177989670242352,0.65,"{""depth"": 6, ""iterations"": 500, ""l2_leaf_reg"": 5.0, ""learning_rate"": 0.05}",False,0.8545,
catboost,optimized_search,0.838375,0.8333333333333334,0.6078665077473182,0.66,"{""depth"": 6, ""iterations"": 500, ""l2_leaf_reg"": 5.0, ""learning_rate"": 0.05}",False,0.8545,
catboost,optimized_search,0.837,0.8386376326074818,0.5967421533571713,0.67,"{""depth"": 6, ""iterations"": 500, ""l2_leaf_reg"": 5.0, ""learning_rate"": 0.05}",False,0.8545,
catboost,optimized_search,0.83575,0.8446991404011461,0.5856177989670243,0.68,"{""depth"": 6, ""iterations"": 500, ""l2_leaf_reg"": 5.0, ""learning_rate"": 0.05}",False,0.8545,
catboost,optimized_search,0.83425,0.8496770405167352,0.574890742947954,0.69,"{""depth"": 6, ""iterations"": 500, ""l2_leaf_reg"": 5.0, ""learning_rate"": 0.05}",False,0.8545,
catboost,optimized_search,0.832125,0.8536144578313253,0.5629717918156536,0.7,"{""depth"": 6, ""iterations"": 500, ""l2_leaf_reg"": 5.0, ""learning_rate"": 0.05}",False,0.8545,
catboost,optimized_search,0.82925,0.8559059987631417,0.5498609455701232,0.71,"{""depth"": 6, ""iterations"": 500, ""l2_leaf_reg"": 5.0, ""learning_rate"": 0.05}",False,0.8545,
catboost,optimized_search,0.8255,0.8595253367543297,0.5323798172427493,0.72,"{""depth"": 6, ""iterations"": 500, ""l2_leaf_reg"": 5.0, ""learning_rate"": 0.05}",False,0.8545,
catboost,optimized_search,0.82375,0.863905325443787,0.5220500595947557,0.73,"{""depth"": 6, ""iterations"": 500, ""l2_leaf_reg"": 5.0, ""learning_rate"": 0.05}",False,0.8545,
catboost,optimized_search,0.822625,0.8739782016348774,0.5097338100913786,0.74,"{""depth"": 6, ""iterations"": 500, ""l2_leaf_reg"": 5.0, ""learning_rate"": 0.05}",False,0.8545,
catboost,optimized_search,0.81925,0.8779110797459422,0.4942391736193882,0.75,"{""depth"": 6, ""iterations"": 500, ""l2_leaf_reg"": 5.0, ""learning_rate"": 0.05}",False,0.8545,
catboost,optimized_search,0.815625,0.8797376093294461,0.47953913388955105,0.76,"{""depth"": 6, ""iterations"": 500, ""l2_leaf_reg"": 5.0, ""learning_rate"": 0.05}",False,0.8545,
catboost,optimized_search,0.812,0.8811136192626035,0.46523639253079063,0.77,"{""depth"": 6, ""iterations"": 500, ""l2_leaf_reg"": 5.0, ""learning_rate"": 0.05}",False,0.8545,
catboost,optimized_search,0.8085,0.8862745098039215,0.4489471593166468,0.78,"{""depth"": 6, ""iterations"": 500, ""l2_leaf_reg"": 5.0, ""learning_rate"": 0.05}",False,0.8545,
catboost,optimized_search,0.805375,0.8927986906710311,0.43345252284465635,0.79,"{""depth"": 6, ""iterations"": 500, ""l2_leaf_reg"": 5.0, ""learning_rate"": 0.05}",False,0.8545,
catboost,optimized_search,0.8005,0.8932536293766012,0.4155740961462058,0.8,"{""depth"": 6, ""iterations"": 500, ""l2_leaf_reg"": 5.0, ""learning_rate"": 0.05}",False,0.8545,
catboost,optimized_search,0.79625,0.8949243098842387,0.399284862932062,0.81,"{""depth"": 6, ""iterations"": 500, ""l2_leaf_reg"": 5.0, ""learning_rate"": 0.05}",False,0.8545,
catboost,optimized_search,0.803625,0.6281148429035753,0.9213349225268176,0.2,"{""depth"": 8, ""iterations"": 300, ""l2_leaf_reg"": 3.0, ""learning_rate"": 0.03}",False,0.8545,
catboost,optimized_search,0.80725,0.6337448559670782,0.9177592371871275,0.21,"{""depth"": 8, ""iterations"": 300, ""l2_leaf_reg"": 3.0, ""learning_rate"": 0.03}",False,0.8545,
catboost,optimized_search,0.811,0.6396997497914929,0.9141835518474374,0.22,"{""depth"": 8, ""iterations"": 300, ""l2_leaf_reg"": 3.0, ""learning_rate"": 0.03}",False,0.8545,
catboost,optimized_search,0.81475,0.6461451567353855,0.9090186730234406,0.23,"{""depth"": 8, ""iterations"": 300, ""l2_leaf_reg"": 3.0, ""learning_rate"": 0.03}",False,0.8545,
catboost,optimized_search,0.815875,0.6497418244406197,0.899880810488677,0.24,"{""depth"": 8, ""iterations"": 300, ""l2_leaf_reg"": 3.0, ""learning_rate"": 0.03}",False,0.8545,
catboost,optimized_search,0.818125,0.6541811846689896,0.8951132300357568,0.25,"{""depth"": 8, ""iterations"": 300, ""l2_leaf_reg"": 3.0, ""learning_rate"": 0.03}",False,0.8545,
catboost,optimized_search,0.821875,0.6605882352941177,0.8923321414382201,0.26,"{""depth"": 8, ""iterations"": 300, ""l2_leaf_reg"": 3.0, ""learning_rate"": 0.03}",False,0.8545,
catboost,optimized_search,0.823625,0.6644854253420583,0.8875645609853,0.27,"{""depth"": 8, ""iterations"": 300, ""l2_leaf_reg"": 3.0, ""learning_rate"": 0.03}",False,0.8545,
catboost,optimized_search,0.827375,0.6714975845410628,0.8835915772745332,0.28,"{""depth"": 8, ""iterations"": 300, ""l2_leaf_reg"": 3.0, ""learning_rate"": 0.03}",False,0.8545,
catboost,optimized_search,0.831625,0.6794478527607362,0.8800158919348431,0.29,"{""depth"": 8, ""iterations"": 300, ""l2_leaf_reg"": 3.0, ""learning_rate"": 0.03}",False,0.8545,
catboost,optimized_search,0.8345,0.6861154446177847,0.8736591179976162,0.3,"{""depth"": 8, ""iterations"": 300, ""l2_leaf_reg"": 3.0, ""learning_rate"": 0.03}",False,0.8545,
catboost,optimized_search,0.837375,0.6926489226869454,0.8684942391736193,0.31,"{""depth"": 8, ""iterations"": 300, ""l2_leaf_reg"": 3.0, ""learning_rate"": 0.03}",False,0.8545,
catboost,optimized_search,0.8375,0.6958480849694239,0.8589590782677791,0.32,"{""depth"": 8, ""iterations"": 300, ""l2_leaf_reg"": 3.0, ""learning_rate"": 0.03}",False,0.8545,
catboost,optimized_search,0.8395,0.7004878048780487,0.8557806912991657,0.33,"{""depth"": 8, ""iterations"": 300, ""l2_leaf_reg"": 3.0, ""learning_rate"": 0.03}",False,0.8545,
catboost,optimized_search,0.84075,0.7050478389970307,0.8490266189908622,0.34,"{""depth"": 8, ""iterations"": 300, ""l2_leaf_reg"": 3.0, ""learning_rate"": 0.03}",False,0.8545,
catboost,optimized_search,0.841875,0.7090848363393454,0.8434644417957886,0.35,"{""depth"": 8, ""iterations"": 300, ""l2_leaf_reg"": 3.0, ""learning_rate"": 0.03}",False,0.8545,
catboost,optimized_search,0.843375,0.7133693450371371,0.8394914580850219,0.36,"{""depth"": 8, ""iterations"": 300, ""l2_leaf_reg"": 3.0, ""learning_rate"": 0.03}",False,0.8545,
catboost,optimized_search,0.845375,0.7194787379972565,0.8335319825188717,0.37,"{""depth"": 8, ""iterations"": 300, ""l2_leaf_reg"": 3.0, ""learning_rate"": 0.03}",False,0.8545,
catboost,optimized_search,0.845125,0.7226480836236934,0.8239968216130313,0.38,"{""depth"": 8, ""iterations"": 300, ""l2_leaf_reg"": 3.0, ""learning_rate"": 0.03}",False,0.8545,
catboost,optimized_search,0.847375,0.7299503193754435,0.8172427493047278,0.39,"{""depth"": 8, ""iterations"": 300, ""l2_leaf_reg"": 3.0, ""learning_rate"": 0.03}",False,0.8545,
catboost,optimized_search,0.84875,0.7356653443923549,0.8104886769964244,0.4,"{""depth"": 8, ""iterations"": 300, ""l2_leaf_reg"": 3.0, ""learning_rate"": 0.03}",False,0.8545,
catboost,optimized_search,0.84925,0.7389719285453883,0.8053237981724275,0.41,"{""depth"": 8, ""iterations"": 300, ""l2_leaf_reg"": 3.0, ""learning_rate"": 0.03}",False,0.8545,
catboost,optimized_search,0.849875,0.7419117647058824,0.8017481128327374,0.42,"{""depth"": 8, ""iterations"": 300, ""l2_leaf_reg"": 3.0, ""learning_rate"": 0.03}",False,0.8545,
catboost,optimized_search,0.851375,0.7466567607726597,0.798569725864124,0.43,"{""depth"": 8, ""iterations"": 300, ""l2_leaf_reg"": 3.0, ""learning_rate"": 0.03}",False,0.8545,
catboost,optimized_search,0.85175,0.749718574108818,0.7938021454112039,0.44,"{""depth"": 8, ""iterations"": 300, ""l2_leaf_reg"": 3.0, ""learning_rate"": 0.03}",False,0.8545,
catboost,optimized_search,0.852125,0.7545801526717557,0.7854588796185935,0.45,"{""depth"": 8, ""iterations"": 300, ""l2_leaf_reg"": 3.0, ""learning_rate"": 0.03}",False,0.8545,
catboost,optimized_search,0.85225,0.758821248545948,0.77751291219706,0.46,"{""depth"": 8, ""iterations"": 300, ""l2_leaf_reg"": 3.0, ""learning_rate"": 0.03}",False,0.8545,
catboost,optimized_search,0.853625,0.7651694247438928,0.7715534366309098,0.47,"{""depth"": 8, ""iterations"": 300, ""l2_leaf_reg"": 3.0, ""learning_rate"": 0.03}",False,0.8545,
catboost,optimized_search,0.854125,0.7702161729383507,0.7644020659515296,0.48,"{""depth"": 8, ""iterations"": 300, ""l2_leaf_reg"": 3.0, ""learning_rate"": 0.03}",False,0.8545,
catboost,optimized_search,0.854125,0.7732793522267206,0.7588398887564561,0.49,"{""depth"": 8, ""iterations"": 300, ""l2_leaf_reg"": 3.0, ""learning_rate"": 0.03}",False,0.8545,
catboost,optimized_search,0.8545,0.7787391841779975,0.7508939213349225,0.5,"{""depth"": 8, ""iterations"": 300, ""l2_leaf_reg"": 3.0, ""learning_rate"": 0.03}",True,0.8545,
catboost,optimized_search,0.85375,0.7807419758232597,0.744139849026619,0.51,"{""depth"": 8, ""iterations"": 300, ""l2_leaf_reg"": 3.0, ""learning_rate"": 0.03}",False,0.8545,
catboost,optimized_search,0.851375,0.7830349531116795,0.7298371076678586,0.52,"{""depth"": 8, ""iterations"": 300, ""l2_leaf_reg"": 3.0, ""learning_rate"": 0.03}",False,0.8545,
catboost,optimized_search,0.850625,0.7878919860627178,0.7187127532777116,0.53,"{""depth"": 8, ""iterations"": 300, ""l2_leaf_reg"": 3.0, ""learning_rate"": 0.03}",False,0.8545,
catboost,optimized_search,0.85,0.7899603698811096,0.7127532777115614,0.54,"{""depth"": 8, ""iterations"": 300, ""l2_leaf_reg"": 3.0, ""learning_rate"": 0.03}",False,0.8545,
catboost,optimized_search,0.849,0.7936294302377748,0.7028208184346444,0.55,"{""depth"": 8, ""iterations"": 300, ""l2_leaf_reg"": 3.0, ""learning_rate"": 0.03}",False,0.8545,
catboost,optimized_search,0.84875,0.7988111568358482,0.6940802542709575,0.56,"{""depth"": 8, ""iterations"": 300, ""l2_leaf_reg"": 3.0, ""learning_rate"": 0.03}",False,0.8545,
catboost,optimized_search,0.846125,0.7993482309124768,0.6821613031386571,0.57,"{""depth"": 8, ""iterations"": 300, ""l2_leaf_reg"": 3.0, ""learning_rate"": 0.03}",False,0.8545,
catboost,optimized_search,0.8445,0.8026628625772706,0.6706396503774334,0.58,"{""depth"": 8, ""iterations"": 300, ""l2_leaf_reg"": 3.0, ""learning_rate"": 0.03}",False,0.8545,
catboost,optimized_search,0.843,0.804736587723538,0.6615017878426699,0.59,"{""depth"": 8, ""iterations"": 300, ""l2_leaf_reg"": 3.0, ""learning_rate"": 0.03}",False,0.8545,
catboost,optimized_search,0.8425,0.8070346849047386,0.656336909018673,0.6,"{""depth"": 8, ""iterations"": 300, ""l2_leaf_reg"": 3.0, ""learning_rate"": 0.03}",False,0.8545,
catboost,optimized_search,0.84225,0.8126557050323866,0.6479936432260628,0.61,"{""depth"": 8, ""iterations"": 300, ""l2_leaf_reg"": 3.0, ""learning_rate"": 0.03}",False,0.8545,
catboost,optimized_search,0.8415,0.8187850944359367,0.6372665872069925,0.62,"{""depth"": 8, ""iterations"": 300, ""l2_leaf_reg"": 3.0, ""learning_rate"": 0.03}",False,0.8545,
catboost,optimized_search,0.84025,0.8228243877019281,0.6273341279300755,0.63,"{""depth"": 8, ""iterations"": 300, ""l2_leaf_reg"": 3.0, ""learning_rate"": 0.03}",False,0.8545,
catboost,optimized_search,0.84075,0.8332439678284183,0.6174016686531585,0.64,"{""depth"": 8, ""iterations"": 300, ""l2_leaf_reg"": 3.0, ""learning_rate"": 0.03}",False,0.8545,
catboost,optimized_search,0.83975,0.8387273724629731,0.6074692093762416,0.65,"{""depth"": 8, ""iterations"": 300, ""l2_leaf_reg"": 3.0, ""learning_rate"": 0.03}",False,0.8545,
catboost,optimized_search,0.838875,0.8426339285714286,0.5999205403257847,0.66,"{""depth"": 8, ""iterations"": 300, ""l2_leaf_reg"": 3.0, ""learning_rate"": 0.03}",False,0.8545,
catboost,optimized_search,0.837375,0.8462414578587699,0.5903853794199444,0.67,"{""depth"": 8, ""iterations"": 300, ""l2_leaf_reg"": 3.0, ""learning_rate"": 0.03}",False,0.8545,
catboost,optimized_search,0.8345,0.8515026517383618,0.5740961462058005,0.68,"{""depth"": 8, ""iterations"": 300, ""l2_leaf_reg"": 3.0, ""learning_rate"": 0.03}",False,0.8545,
catboost,optimized_search,0.8325,0.8577507598784194,0.5605880015891935,0.69,"{""depth"": 8, ""iterations"": 300, ""l2_leaf_reg"": 3.0, ""learning_rate"": 0.03}",False,0.8545,
catboost,optimized_search,0.828625,0.8594730238393977,0.5442987683750496,0.7,"{""depth"": 8, ""iterations"": 300, ""l2_leaf_reg"": 3.0, ""learning_rate"": 0.03}",False,0.8545,
catboost,optimized_search,0.825375,0.8622250970245796,0.5295987286452125,0.71,"{""depth"": 8, ""iterations"": 300, ""l2_leaf_reg"": 3.0, ""learning_rate"": 0.03}",False,0.8545,
catboost,optimized_search,0.822625,0.866,0.5160905840286055,0.72,"{""depth"": 8, ""iterations"": 300, ""l2_leaf_reg"": 3.0, ""learning_rate"": 0.03}",False,0.8545,
catboost,optimized_search,0.820125,0.8717241379310345,0.5021851410409217,0.73,"{""depth"": 8, ""iterations"": 300, ""l2_leaf_reg"": 3.0, ""learning_rate"": 0.03}",False,0.8545,
catboost,optimized_search,0.8175,0.8793969849246231,0.48669050456893126,0.74,"{""depth"": 8, ""iterations"": 300, ""l2_leaf_reg"": 3.0, ""learning_rate"": 0.03}",False,0.8545,
catboost,optimized_search,0.813875,0.8818722139673105,0.47159316646801747,0.75,"{""depth"": 8, ""iterations"": 300, ""l2_leaf_reg"": 3.0, ""learning_rate"": 0.03}",False,0.8545,
catboost,optimized_search,0.81025,0.8881118881118881,0.4541120381406436,0.76,"{""depth"": 8, ""iterations"": 300, ""l2_leaf_reg"": 3.0, ""learning_rate"": 0.03}",False,0.8545,
catboost,optimized_search,0.8075,0.8911128903122498,0.44219308700834326,0.77,"{""depth"": 8, ""iterations"": 300, ""l2_leaf_reg"": 3.0, ""learning_rate"": 0.03}",False,0.8545,
catboost,optimized_search,0.80525,0.8953009068425392,0.43146603098927294,0.78,"{""depth"": 8, ""iterations"": 300, ""l2_leaf_reg"": 3.0, ""learning_rate"": 0.03}",False,0.8545,
catboost,optimized_search,0.8005,0.8939264328485885,0.4151767977751291,0.79,"{""depth"": 8, ""iterations"": 300, ""l2_leaf_reg"": 3.0, ""learning_rate"": 0.03}",False,0.8545,
catboost,optimized_search,0.797875,0.900355871886121,0.40206595152959873,0.8,"{""depth"": 8, ""iterations"": 300, ""l2_leaf_reg"": 3.0, ""learning_rate"": 0.03}",False,0.8545,
catboost,optimized_search,0.7935,0.9030754892823858,0.38498212157330153,0.81,"{""depth"": 8, ""iterations"": 300, ""l2_leaf_reg"": 3.0, ""learning_rate"": 0.03}",False,0.8545,
catboost,optimized_search,0.8065,0.6336551724137931,0.9125943583631307,0.2,"{""depth"": 8, ""iterations"": 300, ""l2_leaf_reg"": 3.0, ""learning_rate"": 0.05}",False,0.8545,
catboost,optimized_search,0.811,0.6407168860263232,0.9090186730234406,0.21,"{""depth"": 8, ""iterations"": 300, ""l2_leaf_reg"": 3.0, ""learning_rate"": 0.05}",False,0.8545,
catboost,optimized_search,0.8145,0.6464417351857102,0.9058402860548271,0.22,"{""depth"": 8, ""iterations"": 300, ""l2_leaf_reg"": 3.0, ""learning_rate"": 0.05}",False,0.8545,
catboost,optimized_search,0.8175,0.6524372656475339,0.8986889153754469,0.23,"{""depth"": 8, ""iterations"": 300, ""l2_leaf_reg"": 3.0, ""learning_rate"": 0.05}",False,0.8545,
catboost,optimized_search,0.820875,0.6585722644821533,0.8943186332936035,0.24,"{""depth"": 8, ""iterations"": 300, ""l2_leaf_reg"": 3.0, ""learning_rate"": 0.05}",False,0.8545,
catboost,optimized_search,0.82275,0.6629113548769642,0.8883591577274533,0.25,"{""depth"": 8, ""iterations"": 300, ""l2_leaf_reg"": 3.0, ""learning_rate"": 0.05}",False,0.8545,
catboost,optimized_search,0.825,0.6677680985280865,0.8831942789034565,0.26,"{""depth"": 8, ""iterations"": 300, ""l2_leaf_reg"": 3.0, ""learning_rate"": 0.05}",False,0.8545,
catboost,optimized_search,0.828,0.6736681887366819,0.8792212951926897,0.27,"{""depth"": 8, ""iterations"": 300, ""l2_leaf_reg"": 3.0, ""learning_rate"": 0.05}",False,0.8545,
catboost,optimized_search,0.831,0.6800618238021638,0.8740564163686929,0.28,"{""depth"": 8, ""iterations"": 300, ""l2_leaf_reg"": 3.0, ""learning_rate"": 0.05}",False,0.8545,
catboost,optimized_search,0.8315,0.6825991877538269,0.8680969408025427,0.29,"{""depth"": 8, ""iterations"": 300, ""l2_leaf_reg"": 3.0, ""learning_rate"": 0.05}",False,0.8545,
catboost,optimized_search,0.8345,0.6894252143537631,0.8625347636074692,0.3,"{""depth"": 8, ""iterations"": 300, ""l2_leaf_reg"": 3.0, ""learning_rate"": 0.05}",False,0.8545,
catboost,optimized_search,0.835,0.6922582717635721,0.8561779896702424,0.31,"{""depth"": 8, ""iterations"": 300, ""l2_leaf_reg"": 3.0, ""learning_rate"": 0.05}",False,0.8545,
catboost,optimized_search,0.837125,0.697334200260078,0.8522050059594756,0.32,"{""depth"": 8, ""iterations"": 300, ""l2_leaf_reg"": 3.0, ""learning_rate"": 0.05}",False,0.8545,
catboost,optimized_search,0.837625,0.700592885375494,0.8450536352800954,0.33,"{""depth"": 8, ""iterations"": 300, ""l2_leaf_reg"": 3.0, ""learning_rate"": 0.05}",False,0.8545,
catboost,optimized_search,0.84,0.7073416024136775,0.8382995629717919,0.34,"{""depth"": 8, ""iterations"": 300, ""l2_leaf_reg"": 3.0, ""learning_rate"": 0.05}",False,0.8545,
catboost,optimized_search,0.842,0.7127334465195246,0.8339292808899483,0.35,"{""depth"": 8, ""iterations"": 300, ""l2_leaf_reg"": 3.0, ""learning_rate"": 0.05}",False,0.8545,
catboost,optimized_search,0.8445,0.7191049913941481,0.8299562971791815,0.36,"{""depth"": 8, ""iterations"": 300, ""l2_leaf_reg"": 3.0, ""learning_rate"": 0.05}",False,0.8545,
catboost,optimized_search,0.84575,0.7237530519707011,0.824394119984108,0.37,"{""depth"": 8, ""iterations"": 300, ""l2_leaf_reg"": 3.0, ""learning_rate"": 0.05}",False,0.8545,
catboost,optimized_search,0.84625,0.7271443699258736,0.8184346444179579,0.38,"{""depth"": 8, ""iterations"": 300, ""l2_leaf_reg"": 3.0, ""learning_rate"": 0.05}",False,0.8545,
catboost,optimized_search,0.848,0.732737030411449,0.8136670639650377,0.39,"{""depth"": 8, ""iterations"": 300, ""l2_leaf_reg"": 3.0, ""learning_rate"": 0.05}",False,0.8545,
catboost,optimized_search,0.848625,0.7365942028985507,0.8077075883988876,0.4,"{""depth"": 8, ""iterations"": 300, ""l2_leaf_reg"": 3.0, ""learning_rate"": 0.05}",False,0.8545,
catboost,optimized_search,0.850375,0.7417582417582418,0.8045292014302742,0.41,"{""depth"": 8, ""iterations"": 300, ""l2_leaf_reg"": 3.0, ""learning_rate"": 0.05}",False,0.8545,
catboost,optimized_search,0.850875,0.7450037009622502,0.799761620977354,0.42,"{""depth"": 8, ""iterations"": 300, ""l2_leaf_reg"": 3.0, ""learning_rate"": 0.05}",False,0.8545,
catboost,optimized_search,0.8505,0.7478424015009381,0.7918156535558204,0.43,"{""depth"": 8, ""iterations"": 300, ""l2_leaf_reg"": 3.0, ""learning_rate"": 0.05}",False,0.8545,
catboost,optimized_search,0.851375,0.7518968133535661,0.787445371473977,0.44,"{""depth"": 8, ""iterations"": 300, ""l2_leaf_reg"": 3.0, ""learning_rate"": 0.05}",False,0.8545,
catboost,optimized_search,0.85125,0.7547024952015355,0.7810885975367501,0.45,"{""depth"": 8, ""iterations"": 300, ""l2_leaf_reg"": 3.0, ""learning_rate"": 0.05}",False,0.8545,
catboost,optimized_search,0.85225,0.7600311647837943,0.7751291219705999,0.46,"{""depth"": 8, ""iterations"": 300, ""l2_leaf_reg"": 3.0, ""learning_rate"": 0.05}",False,0.8545,
catboost,optimized_search,0.852,0.7627118644067796,0.768772348033373,0.47,"{""depth"": 8, ""iterations"": 300, ""l2_leaf_reg"": 3.0, ""learning_rate"": 0.05}",False,0.8545,
catboost,optimized_search,0.8525,0.7668662674650698,0.7632101708382996,0.48,"{""depth"": 8, ""iterations"": 300, ""l2_leaf_reg"": 3.0, ""learning_rate"": 0.05}",False,0.8545,
catboost,optimized_search,0.8515,0.7687019813991104,0.755264203416766,0.49,"{""depth"": 8, ""iterations"": 300, ""l2_leaf_reg"": 3.0, ""learning_rate"": 0.05}",False,0.8545,
catboost,optimized_search,0.850375,0.7702702702702703,0.7473182359952324,0.5,"{""depth"": 8, ""iterations"": 300, ""l2_leaf_reg"": 3.0, ""learning_rate"": 0.05}",False,0.8545,
catboost,optimized_search,0.84925,0.7716535433070866,0.7397695669447756,0.51,"{""depth"": 8, ""iterations"": 300, ""l2_leaf_reg"": 3.0, ""learning_rate"": 0.05}",False,0.8545,
catboost,optimized_search,0.85,0.776796973518285,0.734207389749702,0.52,"{""depth"": 8, ""iterations"": 300, ""l2_leaf_reg"": 3.0, ""learning_rate"": 0.05}",False,0.8545,
catboost,optimized_search,0.849125,0.7801539777587682,0.7246722288438617,0.53,"{""depth"": 8, ""iterations"": 300, ""l2_leaf_reg"": 3.0, ""learning_rate"": 0.05}",False,0.8545,
catboost,optimized_search,0.84725,0.7823811600523332,0.7127532777115614,0.54,"{""depth"": 8, ""iterations"": 300, ""l2_leaf_reg"": 3.0, ""learning_rate"": 0.05}",False,0.8545,
catboost,optimized_search,0.846625,0.7856510186005314,0.7048073102900279,0.55,"{""depth"": 8, ""iterations"": 300, ""l2_leaf_reg"": 3.0, ""learning_rate"": 0.05}",False,0.8545,
catboost,optimized_search,0.8455,0.7881241565452092,0.6960667461263409,0.56,"{""depth"": 8, ""iterations"": 300, ""l2_leaf_reg"": 3.0, ""learning_rate"": 0.05}",False,0.8545,
catboost,optimized_search,0.846375,0.7948717948717948,0.689709972189114,0.57,"{""depth"": 8, ""iterations"": 300, ""l2_leaf_reg"": 3.0, ""learning_rate"": 0.05}",False,0.8545,
catboost,optimized_search,0.845125,0.7983193277310925,0.6793802145411204,0.58,"{""depth"": 8, ""iterations"": 300, ""l2_leaf_reg"": 3.0, ""learning_rate"": 0.05}",False,0.8545,
catboost,optimized_search,0.842625,0.7998093422306959,0.6666666666666666,0.59,"{""depth"": 8, ""iterations"": 300, ""l2_leaf_reg"": 3.0, ""learning_rate"": 0.05}",False,0.8545,
catboost,optimized_search,0.842,0.8033898305084746,0.6591179976162098,0.6,"{""depth"": 8, ""iterations"": 300, ""l2_leaf_reg"": 3.0, ""learning_rate"": 0.05}",False,0.8545,
catboost,optimized_search,0.840625,0.8056102362204725,0.6503774334525229,0.61,"{""depth"": 8, ""iterations"": 300, ""l2_leaf_reg"": 3.0, ""learning_rate"": 0.05}",False,0.8545,
catboost,optimized_search,0.840875,0.8125628140703518,0.6424314660309892,0.62,"{""depth"": 8, ""iterations"": 300, ""l2_leaf_reg"": 3.0, ""learning_rate"": 0.05}",False,0.8545,
catboost,optimized_search,0.84,0.8163682864450128,0.634088200238379,0.63,"{""depth"": 8, ""iterations"": 300, ""l2_leaf_reg"": 3.0, ""learning_rate"": 0.05}",False,0.8545,
catboost,optimized_search,0.838,0.8208092485549133,0.620580055621772,0.64,"{""depth"": 8, ""iterations"": 300, ""l2_leaf_reg"": 3.0, ""learning_rate"": 0.05}",False,0.8545,
catboost,optimized_search,0.836875,0.8258064516129032,0.6102502979737783,0.65,"{""depth"": 8, ""iterations"": 300, ""l2_leaf_reg"": 3.0, ""learning_rate"": 0.05}",False,0.8545,
catboost,optimized_search,0.836,0.8304991771804717,0.6015097338100914,0.66,"{""depth"": 8, ""iterations"": 300, ""l2_leaf_reg"": 3.0, ""learning_rate"": 0.05}",False,0.8545,
catboost,optimized_search,0.83525,0.836231071228267,0.5923718712753278,0.67,"{""depth"": 8, ""iterations"": 300, ""l2_leaf_reg"": 3.0, ""learning_rate"": 0.05}",False,0.8545,
catboost,optimized_search,0.83425,0.8424381828637147,0.5820421136273342,0.68,"{""depth"": 8, ""iterations"": 300, ""l2_leaf_reg"": 3.0, ""learning_rate"": 0.05}",False,0.8545,
catboost,optimized_search,0.833125,0.8456140350877193,0.5744934445768772,0.69,"{""depth"": 8, ""iterations"": 300, ""l2_leaf_reg"": 3.0, ""learning_rate"": 0.05}",False,0.8545,
catboost,optimized_search,0.831,0.8494301139772046,0.5625744934445769,0.7,"{""depth"": 8, ""iterations"": 300, ""l2_leaf_reg"": 3.0, ""learning_rate"": 0.05}",False,0.8545,
catboost,optimized_search,0.82675,0.8488587291795188,0.5466825586015097,0.71,"{""depth"": 8, ""iterations"": 300, ""l2_leaf_reg"": 3.0, ""learning_rate"": 0.05}",False,0.8545,
catboost,optimized_search,0.823625,0.8535805626598465,0.5303933253873659,0.72,"{""depth"": 8, ""iterations"": 300, ""l2_leaf_reg"": 3.0, ""learning_rate"": 0.05}",False,0.8545,
catboost,optimized_search,0.821625,0.8594986807387863,0.5176797775129122,0.73,"{""depth"": 8, ""iterations"": 300, ""l2_leaf_reg"": 3.0, ""learning_rate"": 0.05}",False,0.8545,
catboost,optimized_search,0.82025,0.8657627118644068,0.5073500198649186,0.74,"{""depth"": 8, ""iterations"": 300, ""l2_leaf_reg"": 3.0, ""learning_rate"": 0.05}",False,0.8545,
catboost,optimized_search,0.817,0.8715596330275229,0.4906634882796981,0.75,"{""depth"": 8, ""iterations"": 300, ""l2_leaf_reg"": 3.0, ""learning_rate"": 0.05}",False,0.8545,
catboost,optimized_search,0.813875,0.8757309941520468,0.47596344854986095,0.76,"{""depth"": 8, ""iterations"": 300, ""l2_leaf_reg"": 3.0, ""learning_rate"": 0.05}",False,0.8545,
catboost,optimized_search,0.81,0.8808250572956455,0.4580850218514104,0.77,"{""depth"": 8, ""iterations"": 300, ""l2_leaf_reg"": 3.0, ""learning_rate"": 0.05}",False,0.8545,
catboost,optimized_search,0.808375,0.884375,0.4497417560588002,0.78,"{""depth"": 8, ""iterations"": 300, ""l2_leaf_reg"": 3.0, ""learning_rate"": 0.05}",False,0.8545,
catboost,optimized_search,0.8055,0.8884397736459175,0.43663090981326974,0.79,"{""depth"": 8, ""iterations"": 300, ""l2_leaf_reg"": 3.0, ""learning_rate"": 0.05}",False,0.8545,
catboost,optimized_search,0.801875,0.8929173693086003,0.42073897497020263,0.8,"{""depth"": 8, ""iterations"": 300, ""l2_leaf_reg"": 3.0, ""learning_rate"": 0.05}",False,0.8545,
catboost,optimized_search,0.798875,0.900352733686067,0.40564163686928884,0.81,"{""depth"": 8, ""iterations"": 300, ""l2_leaf_reg"": 3.0, ""learning_rate"": 0.05}",False,0.8545,
catboost,optimized_search,0.8045,0.6287489867603351,0.9245133094954311,0.2,"{""depth"": 8, ""iterations"": 300, ""l2_leaf_reg"": 5.0, ""learning_rate"": 0.03}",False,0.8545,
catboost,optimized_search,0.80825,0.6346944368320088,0.9201430274135876,0.21,"{""depth"": 8, ""iterations"": 300, ""l2_leaf_reg"": 5.0, ""learning_rate"": 0.03}",False,0.8545,
catboost,optimized_search,0.81075,0.6386508155930329,0.9177592371871275,0.22,"{""depth"": 8, ""iterations"": 300, ""l2_leaf_reg"": 5.0, ""learning_rate"": 0.03}",False,0.8545,
catboost,optimized_search,0.81375,0.6436363636363637,0.9141835518474374,0.23,"{""depth"": 8, ""iterations"": 300, ""l2_leaf_reg"": 5.0, ""learning_rate"": 0.03}",False,0.8545,
catboost,optimized_search,0.817875,0.6506537805571347,0.9094159713945172,0.24,"{""depth"": 8, ""iterations"": 300, ""l2_leaf_reg"": 5.0, ""learning_rate"": 0.03}",False,0.8545,
catboost,optimized_search,0.819375,0.6546451240623197,0.9014700039729837,0.25,"{""depth"": 8, ""iterations"": 300, ""l2_leaf_reg"": 5.0, ""learning_rate"": 0.03}",False,0.8545,
catboost,optimized_search,0.822625,0.6608084358523726,0.8963051251489869,0.26,"{""depth"": 8, ""iterations"": 300, ""l2_leaf_reg"": 5.0, ""learning_rate"": 0.03}",False,0.8545,
catboost,optimized_search,0.825375,0.6661721068249258,0.8919348430671434,0.27,"{""depth"": 8, ""iterations"": 300, ""l2_leaf_reg"": 5.0, ""learning_rate"": 0.03}",False,0.8545,
catboost,optimized_search,0.828625,0.6729028364514182,0.8859753675009933,0.28,"{""depth"": 8, ""iterations"": 300, ""l2_leaf_reg"": 5.0, ""learning_rate"": 0.03}",False,0.8545,
catboost,optimized_search,0.831,0.6778625954198473,0.8820023837902264,0.29,"{""depth"": 8, ""iterations"": 300, ""l2_leaf_reg"": 5.0, ""learning_rate"": 0.03}",False,0.8545,
catboost,optimized_search,0.83425,0.684995340167754,0.8760429082240763,0.3,"{""depth"": 8, ""iterations"": 300, ""l2_leaf_reg"": 5.0, ""learning_rate"": 0.03}",False,0.8545,
catboost,optimized_search,0.836375,0.6906565656565656,0.8692888359157728,0.31,"{""depth"": 8, ""iterations"": 300, ""l2_leaf_reg"": 5.0, ""learning_rate"": 0.03}",False,0.8545,
catboost,optimized_search,0.838625,0.6962227912932138,0.8641239570917759,0.32,"{""depth"": 8, ""iterations"": 300, ""l2_leaf_reg"": 5.0, ""learning_rate"": 0.03}",False,0.8545,
catboost,optimized_search,0.840375,0.7015604681404422,0.8573698847834724,0.33,"{""depth"": 8, ""iterations"": 300, ""l2_leaf_reg"": 5.0, ""learning_rate"": 0.03}",False,0.8545,
catboost,optimized_search,0.84175,0.7056889181190398,0.8526023043305523,0.34,"{""depth"": 8, ""iterations"": 300, ""l2_leaf_reg"": 5.0, ""learning_rate"": 0.03}",False,0.8545,
catboost,optimized_search,0.8435,0.7107630789736754,0.8474374255065554,0.35,"{""depth"": 8, ""iterations"": 300, ""l2_leaf_reg"": 5.0, ""learning_rate"": 0.03}",False,0.8545,
catboost,optimized_search,0.84525,0.7159743329956096,0.8422725466825586,0.36,"{""depth"": 8, ""iterations"": 300, ""l2_leaf_reg"": 5.0, ""learning_rate"": 0.03}",False,0.8545,
catboost,optimized_search,0.844875,0.717896174863388,0.8351211760031784,0.37,"{""depth"": 8, ""iterations"": 300, ""l2_leaf_reg"": 5.0, ""learning_rate"": 0.03}",False,0.8545,
catboost,optimized_search,0.84675,0.7234337140879197,0.8303535955502582,0.38,"{""depth"": 8, ""iterations"": 300, ""l2_leaf_reg"": 5.0, ""learning_rate"": 0.03}",False,0.8545,
catboost,optimized_search,0.848125,0.729064039408867,0.823202224870878,0.39,"{""depth"": 8, ""iterations"": 300, ""l2_leaf_reg"": 5.0, ""learning_rate"": 0.03}",False,0.8545,
catboost,optimized_search,0.85,0.7352625937834941,0.8176400476758046,0.4,"{""depth"": 8, ""iterations"": 300, ""l2_leaf_reg"": 5.0, ""learning_rate"": 0.03}",False,0.8545,
catboost,optimized_search,0.85025,0.7386898298950416,0.810885975367501,0.41,"{""depth"": 8, ""iterations"": 300, ""l2_leaf_reg"": 5.0, ""learning_rate"": 0.03}",False,0.8545,
catboost,optimized_search,0.851125,0.7428571428571429,0.8057210965435042,0.42,"{""depth"": 8, ""iterations"": 300, ""l2_leaf_reg"": 5.0, ""learning_rate"": 0.03}",False,0.8545,
catboost,optimized_search,0.8515,0.7465677179962894,0.7993643226062773,0.43,"{""depth"": 8, ""iterations"": 300, ""l2_leaf_reg"": 5.0, ""learning_rate"": 0.03}",False,0.8545,
catboost,optimized_search,0.853125,0.7537821482602118,0.7918156535558204,0.44,"{""depth"": 8, ""iterations"": 300, ""l2_leaf_reg"": 5.0, ""learning_rate"": 0.03}",False,0.8545,
catboost,optimized_search,0.853375,0.7578664620107445,0.7846642828764402,0.45,"{""depth"": 8, ""iterations"": 300, ""l2_leaf_reg"": 5.0, ""learning_rate"": 0.03}",False,0.8545,
catboost,optimized_search,0.853,0.7603883495145631,0.7779102105681367,0.46,"{""depth"": 8, ""iterations"": 300, ""l2_leaf_reg"": 5.0, ""learning_rate"": 0.03}",False,0.8545,
catboost,optimized_search,0.85475,0.7672583826429981,0.7727453317441398,0.47,"{""depth"": 8, ""iterations"": 300, ""l2_leaf_reg"": 5.0, ""learning_rate"": 0.03}",True,0.8545,
catboost,optimized_search,0.85475,0.7713255907088507,0.7651966626936829,0.48,"{""depth"": 8, ""iterations"": 300, ""l2_leaf_reg"": 5.0, ""learning_rate"": 0.03}",True,0.8545,
catboost,optimized_search,0.8555,0.7762890783597239,0.7596344854986095,0.49,"{""depth"": 8, ""iterations"": 300, ""l2_leaf_reg"": 5.0, ""learning_rate"": 0.03}",True,0.8545,
catboost,optimized_search,0.854375,0.7784184514003295,0.7508939213349225,0.5,"{""depth"": 8, ""iterations"": 300, ""l2_leaf_reg"": 5.0, ""learning_rate"": 0.03}",False,0.8545,
catboost,optimized_search,0.854,0.7816283924843423,0.7437425506555423,0.51,"{""depth"": 8, ""iterations"": 300, ""l2_leaf_reg"": 5.0, ""learning_rate"": 0.03}",False,0.8545,
catboost,optimized_search,0.852625,0.7837150127226463,0.734207389749702,0.52,"{""depth"": 8, ""iterations"": 300, ""l2_leaf_reg"": 5.0, ""learning_rate"": 0.03}",False,0.8545,
catboost,optimized_search,0.852,0.7876564523090203,0.7250695272149384,0.53,"{""depth"": 8, ""iterations"": 300, ""l2_leaf_reg"": 5.0, ""learning_rate"": 0.03}",False,0.8545,
catboost,optimized_search,0.85125,0.7913921826965306,0.7159316646801748,0.54,"{""depth"": 8, ""iterations"": 300, ""l2_leaf_reg"": 5.0, ""learning_rate"": 0.03}",False,0.8545,
catboost,optimized_search,0.850125,0.7949865711727843,0.7056019070321812,0.55,"{""depth"": 8, ""iterations"": 300, ""l2_leaf_reg"": 5.0, ""learning_rate"": 0.03}",False,0.8545,
catboost,optimized_search,0.848,0.7966256269949841,0.6940802542709575,0.56,"{""depth"": 8, ""iterations"": 300, ""l2_leaf_reg"": 5.0, ""learning_rate"": 0.03}",False,0.8545,
catboost,optimized_search,0.8465,0.7993497445424989,0.6837504966229638,0.57,"{""depth"": 8, ""iterations"": 300, ""l2_leaf_reg"": 5.0, ""learning_rate"": 0.03}",False,0.8545,
catboost,optimized_search,0.845125,0.8025568181818182,0.6734207389749702,0.58,"{""depth"": 8, ""iterations"": 300, ""l2_leaf_reg"": 5.0, ""learning_rate"": 0.03}",False,0.8545,
catboost,optimized_search,0.84425,0.8047961630695444,0.6666666666666666,0.59,"{""depth"": 8, ""iterations"": 300, ""l2_leaf_reg"": 5.0, ""learning_rate"": 0.03}",False,0.8545,
catboost,optimized_search,0.84275,0.8093366093366093,0.6543504171632897,0.6,"{""depth"": 8, ""iterations"": 300, ""l2_leaf_reg"": 5.0, ""learning_rate"": 0.03}",False,0.8545,
catboost,optimized_search,0.84075,0.811841445057702,0.6428287644020659,0.61,"{""depth"": 8, ""iterations"": 300, ""l2_leaf_reg"": 5.0, ""learning_rate"": 0.03}",False,0.8545,
catboost,optimized_search,0.841375,0.8206577595066804,0.6344854986094557,0.62,"{""depth"": 8, ""iterations"": 300, ""l2_leaf_reg"": 5.0, ""learning_rate"": 0.03}",False,0.8545,
catboost,optimized_search,0.840375,0.8259726603575184,0.6241557409614621,0.63,"{""depth"": 8, ""iterations"": 300, ""l2_leaf_reg"": 5.0, ""learning_rate"": 0.03}",False,0.8545,
catboost,optimized_search,0.838625,0.8285101822079314,0.6142232816845451,0.64,"{""depth"": 8, ""iterations"": 300, ""l2_leaf_reg"": 5.0, ""learning_rate"": 0.03}",False,0.8545,
catboost,optimized_search,0.8375,0.8341570565623284,0.6034962256654748,0.65,"{""depth"": 8, ""iterations"": 300, ""l2_leaf_reg"": 5.0, ""learning_rate"": 0.03}",False,0.8545,
catboost,optimized_search,0.837375,0.8423423423423423,0.5943583631307111,0.66,"{""depth"": 8, ""iterations"": 300, ""l2_leaf_reg"": 5.0, ""learning_rate"": 0.03}",False,0.8545,
catboost,optimized_search,0.836375,0.8475258918296893,0.5852205005959475,0.67,"{""depth"": 8, ""iterations"": 300, ""l2_leaf_reg"": 5.0, ""learning_rate"": 0.03}",False,0.8545,
catboost,optimized_search,0.83575,0.8532002348796242,0.577274533174414,0.68,"{""depth"": 8, ""iterations"": 300, ""l2_leaf_reg"": 5.0, ""learning_rate"": 0.03}",False,0.8545,
catboost,optimized_search,0.834375,0.8594692400482509,0.566150178784267,0.69,"{""depth"": 8, ""iterations"": 300, ""l2_leaf_reg"": 5.0, ""learning_rate"": 0.03}",False,0.8545,
catboost,optimized_search,0.830375,0.860248447204969,0.5502582439411998,0.7,"{""depth"": 8, ""iterations"": 300, ""l2_leaf_reg"": 5.0, ""learning_rate"": 0.03}",False,0.8545,
catboost,optimized_search,0.827625,0.8661518661518661,0.5347636074692094,0.71,"{""depth"": 8, ""iterations"": 300, ""l2_leaf_reg"": 5.0, ""learning_rate"": 0.03}",False,0.8545,
catboost,optimized_search,0.823125,0.8688085676037484,0.5156932856575288,0.72,"{""depth"": 8, ""iterations"": 300, ""l2_leaf_reg"": 5.0, ""learning_rate"": 0.03}",False,0.8545,
catboost,optimized_search,0.818375,0.8704735376044568,0.49662296384584825,0.73,"{""depth"": 8, ""iterations"": 300, ""l2_leaf_reg"": 5.0, ""learning_rate"": 0.03}",False,0.8545,
catboost,optimized_search,0.8165,0.8803480783176215,0.4823202224870878,0.74,"{""depth"": 8, ""iterations"": 300, ""l2_leaf_reg"": 5.0, ""learning_rate"": 0.03}",False,0.8545,
catboost,optimized_search,0.813625,0.8851351351351351,0.4684147794994041,0.75,"{""depth"": 8, ""iterations"": 300, ""l2_leaf_reg"": 5.0, ""learning_rate"": 0.03}",False,0.8545,
catboost,optimized_search,0.81075,0.8896658896658897,0.454906634882797,0.76,"{""depth"": 8, ""iterations"": 300, ""l2_leaf_reg"": 5.0, ""learning_rate"": 0.03}",False,0.8545,
catboost,optimized_search,0.806875,0.8925686591276252,0.4390147000397298,0.77,"{""depth"": 8, ""iterations"": 300, ""l2_leaf_reg"": 5.0, ""learning_rate"": 0.03}",False,0.8545,
catboost,optimized_search,0.805125,0.8978405315614618,0.42947953913388953,0.78,"{""depth"": 8, ""iterations"": 300, ""l2_leaf_reg"": 5.0, ""learning_rate"": 0.03}",False,0.8545,
catboost,optimized_search,0.801875,0.8976109215017065,0.4179578863726659,0.79,"{""depth"": 8, ""iterations"": 300, ""l2_leaf_reg"": 5.0, ""learning_rate"": 0.03}",False,0.8545,
catboost,optimized_search,0.797375,0.8992869875222816,0.4008740564163687,0.8,"{""depth"": 8, ""iterations"": 300, ""l2_leaf_reg"": 5.0, ""learning_rate"": 0.03}",False,0.8545,
catboost,optimized_search,0.792875,0.9011194029850746,0.3837902264600715,0.81,"{""depth"": 8, ""iterations"": 300, ""l2_leaf_reg"": 5.0, ""learning_rate"": 0.03}",False,0.8545,
catboost,optimized_search,0.80675,0.6334891394006049,0.9153754469606674,0.2,"{""depth"": 8, ""iterations"": 300, ""l2_leaf_reg"": 5.0, ""learning_rate"": 0.05}",False,0.8545,
catboost,optimized_search,0.811625,0.6409826912339475,0.912197059992054,0.21,"{""depth"": 8, ""iterations"": 300, ""l2_leaf_reg"": 5.0, ""learning_rate"": 0.05}",False,0.8545,
catboost,optimized_search,0.814,0.6454622561492791,0.9070321811680572,0.22,"{""depth"": 8, ""iterations"": 300, ""l2_leaf_reg"": 5.0, ""learning_rate"": 0.05}",False,0.8545,
catboost,optimized_search,0.817375,0.6512893982808023,0.9030591974572905,0.23,"{""depth"": 8, ""iterations"": 300, ""l2_leaf_reg"": 5.0, ""learning_rate"": 0.05}",False,0.8545,
catboost,optimized_search,0.821375,0.658047646717025,0.899880810488677,0.24,"{""depth"": 8, ""iterations"": 300, ""l2_leaf_reg"": 5.0, ""learning_rate"": 0.05}",False,0.8545,
catboost,optimized_search,0.823125,0.6620588235294118,0.8943186332936035,0.25,"{""depth"": 8, ""iterations"": 300, ""l2_leaf_reg"": 5.0, ""learning_rate"": 0.05}",False,0.8545,
catboost,optimized_search,0.82575,0.6674619743513271,0.8891537544696066,0.26,"{""depth"": 8, ""iterations"": 300, ""l2_leaf_reg"": 5.0, ""learning_rate"": 0.05}",False,0.8545,
catboost,optimized_search,0.82825,0.6726064633041378,0.8847834723877632,0.27,"{""depth"": 8, ""iterations"": 300, ""l2_leaf_reg"": 5.0, ""learning_rate"": 0.05}",False,0.8545,
catboost,optimized_search,0.831125,0.6786151960784313,0.8800158919348431,0.28,"{""depth"": 8, ""iterations"": 300, ""l2_leaf_reg"": 5.0, ""learning_rate"": 0.05}",False,0.8545,
catboost,optimized_search,0.8345,0.6856520385932151,0.875248311481923,0.29,"{""depth"": 8, ""iterations"": 300, ""l2_leaf_reg"": 5.0, ""learning_rate"": 0.05}",False,0.8545,
catboost,optimized_search,0.837625,0.6924778761061947,0.8704807310290028,0.3,"{""depth"": 8, ""iterations"": 300, ""l2_leaf_reg"": 5.0, ""learning_rate"": 0.05}",False,0.8545,
catboost,optimized_search,0.83875,0.69632,0.8645212554628526,0.31,"{""depth"": 8, ""iterations"": 300, ""l2_leaf_reg"": 5.0, ""learning_rate"": 0.05}",False,0.8545,
catboost,optimized_search,0.83925,0.6992554224668177,0.8581644815256257,0.32,"{""depth"": 8, ""iterations"": 300, ""l2_leaf_reg"": 5.0, ""learning_rate"": 0.05}",False,0.8545,
catboost,optimized_search,0.841625,0.7051871306631649,0.8533969010727056,0.33,"{""depth"": 8, ""iterations"": 300, ""l2_leaf_reg"": 5.0, ""learning_rate"": 0.05}",False,0.8545,
catboost,optimized_search,0.84275,0.7100433767100434,0.8454509336511721,0.34,"{""depth"": 8, ""iterations"": 300, ""l2_leaf_reg"": 5.0, ""learning_rate"": 0.05}",False,0.8545,
catboost,optimized_search,0.843875,0.7141891891891892,0.8398887564560985,0.35,"{""depth"": 8, ""iterations"": 300, ""l2_leaf_reg"": 5.0, ""learning_rate"": 0.05}",False,0.8545,
catboost,optimized_search,0.843875,0.7162346521145976,0.834326579261025,0.36,"{""depth"": 8, ""iterations"": 300, ""l2_leaf_reg"": 5.0, ""learning_rate"": 0.05}",False,0.8545,
catboost,optimized_search,0.8445,0.7201660325147008,0.8271752085816448,0.37,"{""depth"": 8, ""iterations"": 300, ""l2_leaf_reg"": 5.0, ""learning_rate"": 0.05}",False,0.8545,
catboost,optimized_search,0.845875,0.7254213483146067,0.820818434644418,0.38,"{""depth"": 8, ""iterations"": 300, ""l2_leaf_reg"": 5.0, ""learning_rate"": 0.05}",False,0.8545,
catboost,optimized_search,0.847,0.7301530793876825,0.8148589590782678,0.39,"{""depth"": 8, ""iterations"": 300, ""l2_leaf_reg"": 5.0, ""learning_rate"": 0.05}",False,0.8545,
catboost,optimized_search,0.846375,0.7314881380301941,0.8085021851410409,0.4,"{""depth"": 8, ""iterations"": 300, ""l2_leaf_reg"": 5.0, ""learning_rate"": 0.05}",False,0.8545,
catboost,optimized_search,0.848125,0.7368995633187773,0.8045292014302742,0.41,"{""depth"": 8, ""iterations"": 300, ""l2_leaf_reg"": 5.0, ""learning_rate"": 0.05}",False,0.8545,
catboost,optimized_search,0.848625,0.7406042741341193,0.798569725864124,0.42,"{""depth"": 8, ""iterations"": 300, ""l2_leaf_reg"": 5.0, ""learning_rate"": 0.05}",False,0.8545,
catboost,optimized_search,0.849,0.7446728971962617,0.7914183551847438,0.43,"{""depth"": 8, ""iterations"": 300, ""l2_leaf_reg"": 5.0, ""learning_rate"": 0.05}",False,0.8545,
catboost,optimized_search,0.8485,0.7470655054903446,0.7838696861342869,0.44,"{""depth"": 8, ""iterations"": 300, ""l2_leaf_reg"": 5.0, ""learning_rate"": 0.05}",False,0.8545,
catboost,optimized_search,0.850125,0.7540478026214341,0.7771156138259833,0.45,"{""depth"": 8, ""iterations"": 300, ""l2_leaf_reg"": 5.0, ""learning_rate"": 0.05}",False,0.8545,
catboost,optimized_search,0.85,0.7569254779555209,0.7707588398887565,0.46,"{""depth"": 8, ""iterations"": 300, ""l2_leaf_reg"": 5.0, ""learning_rate"": 0.05}",False,0.8545,
catboost,optimized_search,0.85,0.7599684168969602,0.7647993643226063,0.47,"{""depth"": 8, ""iterations"": 300, ""l2_leaf_reg"": 5.0, ""learning_rate"": 0.05}",False,0.8545,
catboost,optimized_search,0.85,0.7632946821271491,0.7584425903853794,0.48,"{""depth"": 8, ""iterations"": 300, ""l2_leaf_reg"": 5.0, ""learning_rate"": 0.05}",False,0.8545,
catboost,optimized_search,0.851125,0.7688564476885644,0.7532777115613826,0.49,"{""depth"": 8, ""iterations"": 300, ""l2_leaf_reg"": 5.0, ""learning_rate"": 0.05}",False,0.8545,
catboost,optimized_search,0.85025,0.7710645293875873,0.745331744139849,0.5,"{""depth"": 8, ""iterations"": 300, ""l2_leaf_reg"": 5.0, ""learning_rate"": 0.05}",False,0.8545,
catboost,optimized_search,0.849375,0.7733333333333333,0.7373857767183154,0.51,"{""depth"": 8, ""iterations"": 300, ""l2_leaf_reg"": 5.0, ""learning_rate"": 0.05}",False,0.8545,
catboost,optimized_search,0.84925,0.7769328263624842,0.7306317044100119,0.52,"{""depth"": 8, ""iterations"": 300, ""l2_leaf_reg"": 5.0, ""learning_rate"": 0.05}",False,0.8545,
catboost,optimized_search,0.848,0.7802671262386902,0.7195073500198649,0.53,"{""depth"": 8, ""iterations"": 300, ""l2_leaf_reg"": 5.0, ""learning_rate"": 0.05}",False,0.8545,
catboost,optimized_search,0.846625,0.7833919156414763,0.708382995629718,0.54,"{""depth"": 8, ""iterations"": 300, ""l2_leaf_reg"": 5.0, ""learning_rate"": 0.05}",False,0.8545,
catboost,optimized_search,0.84525,0.7843485993775011,0.700834326579261,0.55,"{""depth"": 8, ""iterations"": 300, ""l2_leaf_reg"": 5.0, ""learning_rate"": 0.05}",False,0.8545,
catboost,optimized_search,0.844375,0.7880434782608695,0.6912991656734208,0.56,"{""depth"": 8, ""iterations"": 300, ""l2_leaf_reg"": 5.0, ""learning_rate"": 0.05}",False,0.8545,
catboost,optimized_search,0.844125,0.7899543378995434,0.6873261819626539,0.57,"{""depth"": 8, ""iterations"": 300, ""l2_leaf_reg"": 5.0, ""learning_rate"": 0.05}",False,0.8545,
catboost,optimized_search,0.844625,0.7973856209150327,0.678585617798967,0.58,"{""depth"": 8, ""iterations"": 300, ""l2_leaf_reg"": 5.0, ""learning_rate"": 0.05}",False,0.8545,
catboost,optimized_search,0.8435,0.8016213638531235,0.6678585617798967,0.59,"{""depth"": 8, ""iterations"": 300, ""l2_leaf_reg"": 5.0, ""learning_rate"": 0.05}",False,0.8545,
catboost,optimized_search,0.842375,0.8051506316812439,0.6583234008740564,0.6,"{""depth"": 8, ""iterations"": 300, ""l2_leaf_reg"": 5.0, ""learning_rate"": 0.05}",False,0.8545,
catboost,optimized_search,0.8415,0.8074839980305268,0.6515693285657529,0.61,"{""depth"": 8, ""iterations"": 300, ""l2_leaf_reg"": 5.0, ""learning_rate"": 0.05}",False,0.8545,
catboost,optimized_search,0.840375,0.8125,0.6404449741756059,0.62,"{""depth"": 8, ""iterations"": 300, ""l2_leaf_reg"": 5.0, ""learning_rate"": 0.05}",False,0.8545,
catboost,optimized_search,0.8385,0.8171931641636457,0.6269368295589988,0.63,"{""depth"": 8, ""iterations"": 300, ""l2_leaf_reg"": 5.0, ""learning_rate"": 0.05}",False,0.8545,
catboost,optimized_search,0.837625,0.8205263157894737,0.619388160508542,0.64,"{""depth"": 8, ""iterations"": 300, ""l2_leaf_reg"": 5.0, ""learning_rate"": 0.05}",False,0.8545,
catboost,optimized_search,0.836625,0.8252688172043011,0.6098529996027017,0.65,"{""depth"": 8, ""iterations"": 300, ""l2_leaf_reg"": 5.0, ""learning_rate"": 0.05}",False,0.8545,
catboost,optimized_search,0.83625,0.8314113124656782,0.6015097338100914,0.66,"{""depth"": 8, ""iterations"": 300, ""l2_leaf_reg"": 5.0, ""learning_rate"": 0.05}",False,0.8545,
catboost,optimized_search,0.834,0.8360655737704918,0.5876042908224076,0.67,"{""depth"": 8, ""iterations"": 300, ""l2_leaf_reg"": 5.0, ""learning_rate"": 0.05}",False,0.8545,
catboost,optimized_search,0.832,0.8411867364746946,0.5744934445768772,0.68,"{""depth"": 8, ""iterations"": 300, ""l2_leaf_reg"": 5.0, ""learning_rate"": 0.05}",False,0.8545,
catboost,optimized_search,0.83125,0.8487746563060371,0.5641636869288836,0.69,"{""depth"": 8, ""iterations"": 300, ""l2_leaf_reg"": 5.0, ""learning_rate"": 0.05}",False,0.8545,
catboost,optimized_search,0.8285,0.8527418361059765,0.5498609455701232,0.7,"{""depth"": 8, ""iterations"": 300, ""l2_leaf_reg"": 5.0, ""learning_rate"": 0.05}",False,0.8545,
catboost,optimized_search,0.826875,0.8577749683944375,0.5391338895510528,0.71,"{""depth"": 8, ""iterations"": 300, ""l2_leaf_reg"": 5.0, ""learning_rate"": 0.05}",False,0.8545,
catboost,optimized_search,0.824875,0.8647058823529412,0.5256257449344458,0.72,"{""depth"": 8, ""iterations"": 300, ""l2_leaf_reg"": 5.0, ""learning_rate"": 0.05}",False,0.8545,
catboost,optimized_search,0.820625,0.8640646029609691,0.5101311084624554,0.73,"{""depth"": 8, ""iterations"": 300, ""l2_leaf_reg"": 5.0, ""learning_rate"": 0.05}",False,0.8545,
catboost,optimized_search,0.81775,0.8689895470383275,0.4954310687326182,0.74,"{""depth"": 8, ""iterations"": 300, ""l2_leaf_reg"": 5.0, ""learning_rate"": 0.05}",False,0.8545,
catboost,optimized_search,0.815125,0.875,0.48112832737385774,0.75,"{""depth"": 8, ""iterations"": 300, ""l2_leaf_reg"": 5.0, ""learning_rate"": 0.05}",False,0.8545,
catboost,optimized_search,0.813375,0.8820895522388059,0.4696066746126341,0.76,"{""depth"": 8, ""iterations"": 300, ""l2_leaf_reg"": 5.0, ""learning_rate"": 0.05}",False,0.8545,
catboost,optimized_search,0.810375,0.8846153846153846,0.4568931267381804,0.77,"{""depth"": 8, ""iterations"": 300, ""l2_leaf_reg"": 5.0, ""learning_rate"": 0.05}",False,0.8545,
catboost,optimized_search,0.8085,0.889944576405384,0.44656336909018673,0.78,"{""depth"": 8, ""iterations"": 300, ""l2_leaf_reg"": 5.0, ""learning_rate"": 0.05}",False,0.8545,
catboost,optimized_search,0.805,0.8938271604938272,0.43146603098927294,0.79,"{""depth"": 8, ""iterations"": 300, ""l2_leaf_reg"": 5.0, ""learning_rate"": 0.05}",False,0.8545,
catboost,optimized_search,0.80125,0.894468085106383,0.4175605880015892,0.8,"{""depth"": 8, ""iterations"": 300, ""l2_leaf_reg"": 5.0, ""learning_rate"": 0.05}",False,0.8545,
catboost,optimized_search,0.797,0.9011680143755616,0.3984902661899086,0.81,"{""depth"": 8, ""iterations"": 300, ""l2_leaf_reg"": 5.0, ""learning_rate"": 0.05}",False,0.8545,
catboost,optimized_search,0.806125,0.6328382838283828,0.9141835518474374,0.2,"{""depth"": 8, ""iterations"": 500, ""l2_leaf_reg"": 3.0, ""learning_rate"": 0.03}",False,0.8545,
catboost,optimized_search,0.809625,0.638671875,0.9094159713945172,0.21,"{""depth"": 8, ""iterations"": 500, ""l2_leaf_reg"": 3.0, ""learning_rate"": 0.03}",False,0.8545,
catboost,optimized_search,0.81175,0.6430795358052647,0.9026618990862137,0.22,"{""depth"": 8, ""iterations"": 500, ""l2_leaf_reg"": 3.0, ""learning_rate"": 0.03}",False,0.8545,
catboost,optimized_search,0.81475,0.6479839862739492,0.9002781088597537,0.23,"{""depth"": 8, ""iterations"": 500, ""l2_leaf_reg"": 3.0, ""learning_rate"": 0.03}",False,0.8545,
catboost,optimized_search,0.81825,0.6539241239501883,0.8970997218911403,0.24,"{""depth"": 8, ""iterations"": 500, ""l2_leaf_reg"": 3.0, ""learning_rate"": 0.03}",False,0.8545,
catboost,optimized_search,0.8215,0.6597242593135817,0.8935240365514502,0.25,"{""depth"": 8, ""iterations"": 500, ""l2_leaf_reg"": 3.0, ""learning_rate"": 0.03}",False,0.8545,
catboost,optimized_search,0.824125,0.6654740608228981,0.8867699642431466,0.26,"{""depth"": 8, ""iterations"": 500, ""l2_leaf_reg"": 3.0, ""learning_rate"": 0.03}",False,0.8545,
catboost,optimized_search,0.826,0.670299727520436,0.8796185935637664,0.27,"{""depth"": 8, ""iterations"": 500, ""l2_leaf_reg"": 3.0, ""learning_rate"": 0.03}",False,0.8545,
catboost,optimized_search,0.828,0.6750536974532065,0.8740564163686929,0.28,"{""depth"": 8, ""iterations"": 500, ""l2_leaf_reg"": 3.0, ""learning_rate"": 0.03}",False,0.8545,
catboost,optimized_search,0.831125,0.6817331670822943,0.8688915375446961,0.29,"{""depth"": 8, ""iterations"": 500, ""l2_leaf_reg"": 3.0, ""learning_rate"": 0.03}",False,0.8545,
catboost,optimized_search,0.83425,0.6882706291495416,0.8649185538339292,0.3,"{""depth"": 8, ""iterations"": 500, ""l2_leaf_reg"": 3.0, ""learning_rate"": 0.03}",False,0.8545,
catboost,optimized_search,0.83525,0.6915947587088527,0.8597536750099325,0.31,"{""depth"": 8, ""iterations"": 500, ""l2_leaf_reg"": 3.0, ""learning_rate"": 0.03}",False,0.8545,
catboost,optimized_search,0.836625,0.6957928802588996,0.8541914978148589,0.32,"{""depth"": 8, ""iterations"": 500, ""l2_leaf_reg"": 3.0, ""learning_rate"": 0.03}",False,0.8545,
catboost,optimized_search,0.838625,0.7019104084321476,0.8466428287644021,0.33,"{""depth"": 8, ""iterations"": 500, ""l2_leaf_reg"": 3.0, ""learning_rate"": 0.03}",False,0.8545,
catboost,optimized_search,0.84075,0.7075125208681136,0.841875248311482,0.34,"{""depth"": 8, ""iterations"": 500, ""l2_leaf_reg"": 3.0, ""learning_rate"": 0.03}",False,0.8545,
catboost,optimized_search,0.841875,0.7112010796221323,0.8375049662296384,0.35,"{""depth"": 8, ""iterations"": 500, ""l2_leaf_reg"": 3.0, ""learning_rate"": 0.03}",False,0.8545,
catboost,optimized_search,0.843,0.7158507360492982,0.8307508939213349,0.36,"{""depth"": 8, ""iterations"": 500, ""l2_leaf_reg"": 3.0, ""learning_rate"": 0.03}",False,0.8545,
catboost,optimized_search,0.845125,0.7211072664359861,0.8279698053237982,0.37,"{""depth"": 8, ""iterations"": 500, ""l2_leaf_reg"": 3.0, ""learning_rate"": 0.03}",False,0.8545,
catboost,optimized_search,0.84675,0.7262530669470733,0.823202224870878,0.38,"{""depth"": 8, ""iterations"": 500, ""l2_leaf_reg"": 3.0, ""learning_rate"": 0.03}",False,0.8545,
catboost,optimized_search,0.84825,0.7312744053958111,0.8184346444179579,0.39,"{""depth"": 8, ""iterations"": 500, ""l2_leaf_reg"": 3.0, ""learning_rate"": 0.03}",False,0.8545,
catboost,optimized_search,0.849875,0.7372025955299207,0.8124751688518077,0.4,"{""depth"": 8, ""iterations"": 500, ""l2_leaf_reg"": 3.0, ""learning_rate"": 0.03}",False,0.8545,
catboost,optimized_search,0.849875,0.7399708242159008,0.8061183949145808,0.41,"{""depth"": 8, ""iterations"": 500, ""l2_leaf_reg"": 3.0, ""learning_rate"": 0.03}",False,0.8545,
catboost,optimized_search,0.8505,0.7436370343046846,0.8009535160905841,0.42,"{""depth"": 8, ""iterations"": 500, ""l2_leaf_reg"": 3.0, ""learning_rate"": 0.03}",False,0.8545,
catboost,optimized_search,0.850375,0.7459016393442623,0.7953913388955105,0.43,"{""depth"": 8, ""iterations"": 500, ""l2_leaf_reg"": 3.0, ""learning_rate"": 0.03}",False,0.8545,
catboost,optimized_search,0.850375,0.7483069977426636,0.7902264600715138,0.44,"{""depth"": 8, ""iterations"": 500, ""l2_leaf_reg"": 3.0, ""learning_rate"": 0.03}",False,0.8545,
catboost,optimized_search,0.85075,0.7512343334599316,0.7858561779896702,0.45,"{""depth"": 8, ""iterations"": 500, ""l2_leaf_reg"": 3.0, ""learning_rate"": 0.03}",False,0.8545,
catboost,optimized_search,0.8505,0.7545279383429673,0.7779102105681367,0.46,"{""depth"": 8, ""iterations"": 500, ""l2_leaf_reg"": 3.0, ""learning_rate"": 0.03}",False,0.8545,
catboost,optimized_search,0.849875,0.7580392156862745,0.7679777512912197,0.47,"{""depth"": 8, ""iterations"": 500, ""l2_leaf_reg"": 3.0, ""learning_rate"": 0.03}",False,0.8545,
catboost,optimized_search,0.850125,0.7627591706539075,0.7600317838696862,0.48,"{""depth"": 8, ""iterations"": 500, ""l2_leaf_reg"": 3.0, ""learning_rate"": 0.03}",False,0.8545,
catboost,optimized_search,0.850125,0.7663702506063056,0.7532777115613826,0.49,"{""depth"": 8, ""iterations"": 500, ""l2_leaf_reg"": 3.0, ""learning_rate"": 0.03}",False,0.8545,
catboost,optimized_search,0.850625,0.7702371218315618,0.7485101311084624,0.5,"{""depth"": 8, ""iterations"": 500, ""l2_leaf_reg"": 3.0, ""learning_rate"": 0.03}",False,0.8545,
catboost,optimized_search,0.849125,0.7717842323651453,0.7389749702026222,0.51,"{""depth"": 8, ""iterations"": 500, ""l2_leaf_reg"": 3.0, ""learning_rate"": 0.03}",False,0.8545,
catboost,optimized_search,0.84925,0.7764656263180093,0.7314263011521652,0.52,"{""depth"": 8, ""iterations"": 500, ""l2_leaf_reg"": 3.0, ""learning_rate"": 0.03}",False,0.8545,
catboost,optimized_search,0.848375,0.7800687285223368,0.7214938418752483,0.53,"{""depth"": 8, ""iterations"": 500, ""l2_leaf_reg"": 3.0, ""learning_rate"": 0.03}",False,0.8545,
catboost,optimized_search,0.847,0.7816993464052288,0.7127532777115614,0.54,"{""depth"": 8, ""iterations"": 500, ""l2_leaf_reg"": 3.0, ""learning_rate"": 0.03}",False,0.8545,
catboost,optimized_search,0.847125,0.7873001776198935,0.7044100119189511,0.55,"{""depth"": 8, ""iterations"": 500, ""l2_leaf_reg"": 3.0, ""learning_rate"": 0.03}",False,0.8545,
catboost,optimized_search,0.845625,0.7887387387387388,0.6956694477552642,0.56,"{""depth"": 8, ""iterations"": 500, ""l2_leaf_reg"": 3.0, ""learning_rate"": 0.03}",False,0.8545,
catboost,optimized_search,0.845875,0.7947658402203857,0.6877234803337307,0.57,"{""depth"": 8, ""iterations"": 500, ""l2_leaf_reg"": 3.0, ""learning_rate"": 0.03}",False,0.8545,
catboost,optimized_search,0.845125,0.799718574108818,0.6773937226857369,0.58,"{""depth"": 8, ""iterations"": 500, ""l2_leaf_reg"": 3.0, ""learning_rate"": 0.03}",False,0.8545,
catboost,optimized_search,0.84475,0.803426939552594,0.6706396503774334,0.59,"{""depth"": 8, ""iterations"": 500, ""l2_leaf_reg"": 3.0, ""learning_rate"": 0.03}",False,0.8545,
catboost,optimized_search,0.843125,0.8060135790494666,0.6603098927294399,0.6,"{""depth"": 8, ""iterations"": 500, ""l2_leaf_reg"": 3.0, ""learning_rate"": 0.03}",False,0.8545,
catboost,optimized_search,0.841625,0.8087944664031621,0.6503774334525229,0.61,"{""depth"": 8, ""iterations"": 500, ""l2_leaf_reg"": 3.0, ""learning_rate"": 0.03}",False,0.8545,
catboost,optimized_search,0.84075,0.8124685771744595,0.6420341676599126,0.62,"{""depth"": 8, ""iterations"": 500, ""l2_leaf_reg"": 3.0, ""learning_rate"": 0.03}",False,0.8545,
catboost,optimized_search,0.839875,0.816923076923077,0.6328963051251489,0.63,"{""depth"": 8, ""iterations"": 500, ""l2_leaf_reg"": 3.0, ""learning_rate"": 0.03}",False,0.8545,
catboost,optimized_search,0.839125,0.8193146417445483,0.6269368295589988,0.64,"{""depth"": 8, ""iterations"": 500, ""l2_leaf_reg"": 3.0, ""learning_rate"": 0.03}",False,0.8545,
catboost,optimized_search,0.837375,0.8230605738575983,0.6154151767977751,0.65,"{""depth"": 8, ""iterations"": 500, ""l2_leaf_reg"": 3.0, ""learning_rate"": 0.03}",False,0.8545,
catboost,optimized_search,0.835875,0.8271739130434783,0.6046881207787048,0.66,"{""depth"": 8, ""iterations"": 500, ""l2_leaf_reg"": 3.0, ""learning_rate"": 0.03}",False,0.8545,
catboost,optimized_search,0.835625,0.8346325167037862,0.5955502582439413,0.67,"{""depth"": 8, ""iterations"": 500, ""l2_leaf_reg"": 3.0, ""learning_rate"": 0.03}",False,0.8545,
catboost,optimized_search,0.834375,0.8409610983981693,0.5840286054827175,0.68,"{""depth"": 8, ""iterations"": 500, ""l2_leaf_reg"": 3.0, ""learning_rate"": 0.03}",False,0.8545,
catboost,optimized_search,0.8325,0.8459729570840682,0.5717123559793404,0.69,"{""depth"": 8, ""iterations"": 500, ""l2_leaf_reg"": 3.0, ""learning_rate"": 0.03}",False,0.8545,
catboost,optimized_search,0.831,0.8502705953096813,0.5617798967024236,0.7,"{""depth"": 8, ""iterations"": 500, ""l2_leaf_reg"": 3.0, ""learning_rate"": 0.03}",False,0.8545,
catboost,optimized_search,0.82925,0.8554663372452131,0.5502582439411998,0.71,"{""depth"": 8, ""iterations"": 500, ""l2_leaf_reg"": 3.0, ""learning_rate"": 0.03}",False,0.8545,
catboost,optimized_search,0.8265,0.860702875399361,0.5351609058402861,0.72,"{""depth"": 8, ""iterations"": 500, ""l2_leaf_reg"": 3.0, ""learning_rate"": 0.03}",False,0.8545,
catboost,optimized_search,0.822375,0.863395225464191,0.5172824791418356,0.73,"{""depth"": 8, ""iterations"": 500, ""l2_leaf_reg"": 3.0, ""learning_rate"": 0.03}",False,0.8545,
catboost,optimized_search,0.819625,0.8688186813186813,0.5025824394119984,0.74,"{""depth"": 8, ""iterations"": 500, ""l2_leaf_reg"": 3.0, ""learning_rate"": 0.03}",False,0.8545,
catboost,optimized_search,0.817875,0.8737658674188998,0.4922526817640048,0.75,"{""depth"": 8, ""iterations"": 500, ""l2_leaf_reg"": 3.0, ""learning_rate"": 0.03}",False,0.8545,
catboost,optimized_search,0.81475,0.8791208791208791,0.4767580452920143,0.76,"{""depth"": 8, ""iterations"": 500, ""l2_leaf_reg"": 3.0, ""learning_rate"": 0.03}",False,0.8545,
catboost,optimized_search,0.811,0.8821292775665399,0.46086611044894715,0.77,"{""depth"": 8, ""iterations"": 500, ""l2_leaf_reg"": 3.0, ""learning_rate"": 0.03}",False,0.8545,
catboost,optimized_search,0.808,0.8847058823529412,0.44815256257449343,0.78,"{""depth"": 8, ""iterations"": 500, ""l2_leaf_reg"": 3.0, ""learning_rate"": 0.03}",False,0.8545,
catboost,optimized_search,0.804625,0.8890701468189234,0.43305522447357964,0.79,"{""depth"": 8, ""iterations"": 500, ""l2_leaf_reg"": 3.0, ""learning_rate"": 0.03}",False,0.8545,
catboost,optimized_search,0.801,0.892948173322005,0.4175605880015892,0.8,"{""depth"": 8, ""iterations"": 500, ""l2_leaf_reg"": 3.0, ""learning_rate"": 0.03}",False,0.8545,
catboost,optimized_search,0.79825,0.8984995586937334,0.4044497417560588,0.81,"{""depth"": 8, ""iterations"": 500, ""l2_leaf_reg"": 3.0, ""learning_rate"": 0.03}",False,0.8545,
catboost,optimized_search,0.81175,0.643322937340516,0.9014700039729837,0.2,"{""depth"": 8, ""iterations"": 500, ""l2_leaf_reg"": 3.0, ""learning_rate"": 0.05}",False,0.8545,
catboost,optimized_search,0.814,0.6472945891783567,0.8982916170043703,0.21,"{""depth"": 8, ""iterations"": 500, ""l2_leaf_reg"": 3.0, ""learning_rate"": 0.05}",False,0.8545,
catboost,optimized_search,0.816125,0.6515942028985507,0.8931267381803735,0.22,"{""depth"": 8, ""iterations"": 500, ""l2_leaf_reg"": 3.0, ""learning_rate"": 0.05}",False,0.8545,
catboost,optimized_search,0.820875,0.6596935769004125,0.8895510528406834,0.23,"{""depth"": 8, ""iterations"": 500, ""l2_leaf_reg"": 3.0, ""learning_rate"": 0.05}",False,0.8545,
catboost,optimized_search,0.821875,0.6620178041543027,0.88637266587207,0.24,"{""depth"": 8, ""iterations"": 500, ""l2_leaf_reg"": 3.0, ""learning_rate"": 0.05}",False,0.8545,
catboost,optimized_search,0.82325,0.6656653649744668,0.8804131903059197,0.25,"{""depth"": 8, ""iterations"": 500, ""l2_leaf_reg"": 3.0, ""learning_rate"": 0.05}",False,0.8545,
catboost,optimized_search,0.826375,0.6715328467153284,0.8772348033373063,0.26,"{""depth"": 8, ""iterations"": 500, ""l2_leaf_reg"": 3.0, ""learning_rate"": 0.05}",False,0.8545,
catboost,optimized_search,0.829,0.6771507863089732,0.8724672228843862,0.27,"{""depth"": 8, ""iterations"": 500, ""l2_leaf_reg"": 3.0, ""learning_rate"": 0.05}",False,0.8545,
catboost,optimized_search,0.8305,0.6811232449297971,0.8673023440603893,0.28,"{""depth"": 8, ""iterations"": 500, ""l2_leaf_reg"": 3.0, ""learning_rate"": 0.05}",False,0.8545,
catboost,optimized_search,0.832375,0.6851385390428212,0.8645212554628526,0.29,"{""depth"": 8, ""iterations"": 500, ""l2_leaf_reg"": 3.0, ""learning_rate"": 0.05}",False,0.8545,
catboost,optimized_search,0.83325,0.6886762360446571,0.857767183154549,0.3,"{""depth"": 8, ""iterations"": 500, ""l2_leaf_reg"": 3.0, ""learning_rate"": 0.05}",False,0.8545,
catboost,optimized_search,0.83525,0.6938247655997414,0.8526023043305523,0.31,"{""depth"": 8, ""iterations"": 500, ""l2_leaf_reg"": 3.0, ""learning_rate"": 0.05}",False,0.8545,
catboost,optimized_search,0.8385,0.7010173941581884,0.8486293206197855,0.32,"{""depth"": 8, ""iterations"": 500, ""l2_leaf_reg"": 3.0, ""learning_rate"": 0.05}",False,0.8545,
catboost,optimized_search,0.83975,0.7056277056277056,0.841875248311482,0.33,"{""depth"": 8, ""iterations"": 500, ""l2_leaf_reg"": 3.0, ""learning_rate"": 0.05}",False,0.8545,
catboost,optimized_search,0.8425,0.7126903553299493,0.8367103694874851,0.34,"{""depth"": 8, ""iterations"": 500, ""l2_leaf_reg"": 3.0, ""learning_rate"": 0.05}",False,0.8545,
catboost,optimized_search,0.843375,0.716290212183436,0.8315454906634883,0.35,"{""depth"": 8, ""iterations"": 500, ""l2_leaf_reg"": 3.0, ""learning_rate"": 0.05}",False,0.8545,
catboost,optimized_search,0.843625,0.7190311418685121,0.8255860150973381,0.36,"{""depth"": 8, ""iterations"": 500, ""l2_leaf_reg"": 3.0, ""learning_rate"": 0.05}",False,0.8545,
catboost,optimized_search,0.843625,0.7213286713286713,0.8196265395311879,0.37,"{""depth"": 8, ""iterations"": 500, ""l2_leaf_reg"": 3.0, ""learning_rate"": 0.05}",False,0.8545,
catboost,optimized_search,0.844125,0.7248583569405099,0.813269765593961,0.38,"{""depth"": 8, ""iterations"": 500, ""l2_leaf_reg"": 3.0, ""learning_rate"": 0.05}",False,0.8545,
catboost,optimized_search,0.84525,0.7299532542250989,0.8065156932856575,0.39,"{""depth"": 8, ""iterations"": 500, ""l2_leaf_reg"": 3.0, ""learning_rate"": 0.05}",False,0.8545,
catboost,optimized_search,0.845375,0.7322206095791002,0.8017481128327374,0.4,"{""depth"": 8, ""iterations"": 500, ""l2_leaf_reg"": 3.0, ""learning_rate"": 0.05}",False,0.8545,
catboost,optimized_search,0.845375,0.7352941176470589,0.7945967421533572,0.41,"{""depth"": 8, ""iterations"": 500, ""l2_leaf_reg"": 3.0, ""learning_rate"": 0.05}",False,0.8545,
catboost,optimized_search,0.845375,0.7379182156133829,0.788637266587207,0.42,"{""depth"": 8, ""iterations"": 500, ""l2_leaf_reg"": 3.0, ""learning_rate"": 0.05}",False,0.8545,
catboost,optimized_search,0.84625,0.7421904403462551,0.7834723877632102,0.43,"{""depth"": 8, ""iterations"": 500, ""l2_leaf_reg"": 3.0, ""learning_rate"": 0.05}",False,0.8545,
catboost,optimized_search,0.8475,0.7466717383035375,0.77989670242352,0.44,"{""depth"": 8, ""iterations"": 500, ""l2_leaf_reg"": 3.0, ""learning_rate"": 0.05}",False,0.8545,
catboost,optimized_search,0.8475,0.7510646535036779,0.7707588398887565,0.45,"{""depth"": 8, ""iterations"": 500, ""l2_leaf_reg"": 3.0, ""learning_rate"": 0.05}",False,0.8545,
catboost,optimized_search,0.84775,0.7546060368482947,0.7647993643226063,0.46,"{""depth"": 8, ""iterations"": 500, ""l2_leaf_reg"": 3.0, ""learning_rate"": 0.05}",False,0.8545,
catboost,optimized_search,0.847125,0.7565424266455194,0.7580452920143027,0.47,"{""depth"": 8, ""iterations"": 500, ""l2_leaf_reg"": 3.0, ""learning_rate"": 0.05}",False,0.8545,
catboost,optimized_search,0.848,0.7613499397348332,0.752880413190306,0.48,"{""depth"": 8, ""iterations"": 500, ""l2_leaf_reg"": 3.0, ""learning_rate"": 0.05}",False,0.8545,
catboost,optimized_search,0.8485,0.7649208282582217,0.7485101311084624,0.49,"{""depth"": 8, ""iterations"": 500, ""l2_leaf_reg"": 3.0, ""learning_rate"": 0.05}",False,0.8545,
catboost,optimized_search,0.8475,0.7674226804123712,0.7393722685736989,0.5,"{""depth"": 8, ""iterations"": 500, ""l2_leaf_reg"": 3.0, ""learning_rate"": 0.05}",False,0.8545,
catboost,optimized_search,0.847,0.7701629753447555,0.7322208978943187,0.51,"{""depth"": 8, ""iterations"": 500, ""l2_leaf_reg"": 3.0, ""learning_rate"": 0.05}",False,0.8545,
catboost,optimized_search,0.846,0.7719001269572577,0.7246722288438617,0.52,"{""depth"": 8, ""iterations"": 500, ""l2_leaf_reg"": 3.0, ""learning_rate"": 0.05}",False,0.8545,
catboost,optimized_search,0.8455,0.7733674775928298,0.7199046483909416,0.53,"{""depth"": 8, ""iterations"": 500, ""l2_leaf_reg"": 3.0, ""learning_rate"": 0.05}",False,0.8545,
catboost,optimized_search,0.845125,0.7761452031114953,0.7135478744537147,0.54,"{""depth"": 8, ""iterations"": 500, ""l2_leaf_reg"": 3.0, ""learning_rate"": 0.05}",False,0.8545,
catboost,optimized_search,0.843625,0.7771453590192644,0.7052046086611045,0.55,"{""depth"": 8, ""iterations"": 500, ""l2_leaf_reg"": 3.0, ""learning_rate"": 0.05}",False,0.8545,
catboost,optimized_search,0.843125,0.7804444444444445,0.6976559396106476,0.56,"{""depth"": 8, ""iterations"": 500, ""l2_leaf_reg"": 3.0, ""learning_rate"": 0.05}",False,0.8545,
catboost,optimized_search,0.841875,0.7837715321849501,0.6869288835915772,0.57,"{""depth"": 8, ""iterations"": 500, ""l2_leaf_reg"": 3.0, ""learning_rate"": 0.05}",False,0.8545,
catboost,optimized_search,0.841,0.786470317533364,0.6789829161700437,0.58,"{""depth"": 8, ""iterations"": 500, ""l2_leaf_reg"": 3.0, ""learning_rate"": 0.05}",False,0.8545,
catboost,optimized_search,0.841875,0.7925233644859813,0.6738180373460468,0.59,"{""depth"": 8, ""iterations"": 500, ""l2_leaf_reg"": 3.0, ""learning_rate"": 0.05}",False,0.8545,
catboost,optimized_search,0.84225,0.7989518818484993,0.66626936829559,0.6,"{""depth"": 8, ""iterations"": 500, ""l2_leaf_reg"": 3.0, ""learning_rate"": 0.05}",False,0.8545,
catboost,optimized_search,0.841125,0.8027210884353742,0.656336909018673,0.61,"{""depth"": 8, ""iterations"": 500, ""l2_leaf_reg"": 3.0, ""learning_rate"": 0.05}",False,0.8545,
catboost,optimized_search,0.83925,0.8048538880633977,0.6456098529996027,0.62,"{""depth"": 8, ""iterations"": 500, ""l2_leaf_reg"": 3.0, ""learning_rate"": 0.05}",False,0.8545,
catboost,optimized_search,0.83925,0.8085213032581454,0.6408422725466826,0.63,"{""depth"": 8, ""iterations"": 500, ""l2_leaf_reg"": 3.0, ""learning_rate"": 0.05}",False,0.8545,
catboost,optimized_search,0.837625,0.8113496932515337,0.6305125148986889,0.64,"{""depth"": 8, ""iterations"": 500, ""l2_leaf_reg"": 3.0, ""learning_rate"": 0.05}",False,0.8545,
catboost,optimized_search,0.836625,0.8157620041753654,0.6209773539928486,0.65,"{""depth"": 8, ""iterations"": 500, ""l2_leaf_reg"": 3.0, ""learning_rate"": 0.05}",False,0.8545,
catboost,optimized_search,0.836,0.8196286472148541,0.6138259833134684,0.66,"{""depth"": 8, ""iterations"": 500, ""l2_leaf_reg"": 3.0, ""learning_rate"": 0.05}",False,0.8545,
catboost,optimized_search,0.835,0.8240389821331889,0.6046881207787048,0.67,"{""depth"": 8, ""iterations"": 500, ""l2_leaf_reg"": 3.0, ""learning_rate"": 0.05}",False,0.8545,
catboost,optimized_search,0.832625,0.8268590455049944,0.591974572904251,0.68,"{""depth"": 8, ""iterations"": 500, ""l2_leaf_reg"": 3.0, ""learning_rate"": 0.05}",False,0.8545,
catboost,optimized_search,0.832125,0.8320135746606335,0.5844259038537942,0.69,"{""depth"": 8, ""iterations"": 500, ""l2_leaf_reg"": 3.0, ""learning_rate"": 0.05}",False,0.8545,
catboost,optimized_search,0.830125,0.8350694444444444,0.5733015494636472,0.7,"{""depth"": 8, ""iterations"": 500, ""l2_leaf_reg"": 3.0, ""learning_rate"": 0.05}",False,0.8545,
catboost,optimized_search,0.82825,0.8411940298507463,0.5597934048470401,0.71,"{""depth"": 8, ""iterations"": 500, ""l2_leaf_reg"": 3.0, ""learning_rate"": 0.05}",False,0.8545,
catboost,optimized_search,0.825875,0.8452088452088452,0.5466825586015097,0.72,"{""depth"": 8, ""iterations"": 500, ""l2_leaf_reg"": 3.0, ""learning_rate"": 0.05}",False,0.8545,
catboost,optimized_search,0.823875,0.8471177944862155,0.5371473976956694,0.73,"{""depth"": 8, ""iterations"": 500, ""l2_leaf_reg"": 3.0, ""learning_rate"": 0.05}",False,0.8545,
catboost,optimized_search,0.82125,0.8508715300193673,0.5236392530790623,0.74,"{""depth"": 8, ""iterations"": 500, ""l2_leaf_reg"": 3.0, ""learning_rate"": 0.05}",False,0.8545,
catboost,optimized_search,0.81825,0.8574310692669805,0.5065554231227652,0.75,"{""depth"": 8, ""iterations"": 500, ""l2_leaf_reg"": 3.0, ""learning_rate"": 0.05}",False,0.8545,
catboost,optimized_search,0.816375,0.8623789764868603,0.4954310687326182,0.76,"{""depth"": 8, ""iterations"": 500, ""l2_leaf_reg"": 3.0, ""learning_rate"": 0.05}",False,0.8545,
catboost,optimized_search,0.813125,0.866571018651363,0.4799364322606277,0.77,"{""depth"": 8, ""iterations"": 500, ""l2_leaf_reg"": 3.0, ""learning_rate"": 0.05}",False,0.8545,
catboost,optimized_search,0.809625,0.8681481481481481,0.4656336909018673,0.78,"{""depth"": 8, ""iterations"": 500, ""l2_leaf_reg"": 3.0, ""learning_rate"": 0.05}",False,0.8545,
catboost,optimized_search,0.8075,0.8743295019157088,0.4533174413984903,0.79,"{""depth"": 8, ""iterations"": 500, ""l2_leaf_reg"": 3.0, ""learning_rate"": 0.05}",False,0.8545,
catboost,optimized_search,0.80525,0.8784530386740331,0.44219308700834326,0.8,"{""depth"": 8, ""iterations"": 500, ""l2_leaf_reg"": 3.0, ""learning_rate"": 0.05}",False,0.8545,
catboost,optimized_search,0.801,0.8844555278470491,0.42272546682558604,0.81,"{""depth"": 8, ""iterations"": 500, ""l2_leaf_reg"": 3.0, ""learning_rate"": 0.05}",False,0.8545,
catboost,optimized_search,0.806,0.6323731138545954,0.9157727453317441,0.2,"{""depth"": 8, ""iterations"": 500, ""l2_leaf_reg"": 5.0, ""learning_rate"": 0.03}",False,0.8545,
catboost,optimized_search,0.808875,0.6372222222222222,0.9114024632499007,0.21,"{""depth"": 8, ""iterations"": 500, ""l2_leaf_reg"": 5.0, ""learning_rate"": 0.03}",False,0.8545,
catboost,optimized_search,0.813375,0.6439820022497188,0.909813269765594,0.22,"{""depth"": 8, ""iterations"": 500, ""l2_leaf_reg"": 5.0, ""learning_rate"": 0.03}",False,0.8545,
catboost,optimized_search,0.816,0.6489028213166145,0.9046483909415971,0.23,"{""depth"": 8, ""iterations"": 500, ""l2_leaf_reg"": 5.0, ""learning_rate"": 0.03}",False,0.8545,
catboost,optimized_search,0.818875,0.6544245228455755,0.8990862137465236,0.24,"{""depth"": 8, ""iterations"": 500, ""l2_leaf_reg"": 5.0, ""learning_rate"": 0.03}",False,0.8545,
catboost,optimized_search,0.8215,0.6595370641664225,0.8943186332936035,0.25,"{""depth"": 8, ""iterations"": 500, ""l2_leaf_reg"": 5.0, ""learning_rate"": 0.03}",False,0.8545,
catboost,optimized_search,0.824875,0.6656769596199525,0.8907429479539134,0.26,"{""depth"": 8, ""iterations"": 500, ""l2_leaf_reg"": 5.0, ""learning_rate"": 0.03}",False,0.8545,
catboost,optimized_search,0.827625,0.6711793020457281,0.88637266587207,0.27,"{""depth"": 8, ""iterations"": 500, ""l2_leaf_reg"": 5.0, ""learning_rate"": 0.03}",False,0.8545,
catboost,optimized_search,0.830125,0.6769559902200489,0.8800158919348431,0.28,"{""depth"": 8, ""iterations"": 500, ""l2_leaf_reg"": 5.0, ""learning_rate"": 0.03}",False,0.8545,
catboost,optimized_search,0.8305,0.6795545932570368,0.8728645212554629,0.29,"{""depth"": 8, ""iterations"": 500, ""l2_leaf_reg"": 5.0, ""learning_rate"": 0.03}",False,0.8545,
catboost,optimized_search,0.833125,0.6858490566037736,0.866507747318236,0.3,"{""depth"": 8, ""iterations"": 500, ""l2_leaf_reg"": 5.0, ""learning_rate"": 0.03}",False,0.8545,
catboost,optimized_search,0.83475,0.6899841017488076,0.8621374652363926,0.31,"{""depth"": 8, ""iterations"": 500, ""l2_leaf_reg"": 5.0, ""learning_rate"": 0.03}",False,0.8545,
catboost,optimized_search,0.83625,0.6944892039961328,0.8561779896702424,0.32,"{""depth"": 8, ""iterations"": 500, ""l2_leaf_reg"": 5.0, ""learning_rate"": 0.03}",False,0.8545,
catboost,optimized_search,0.83825,0.7006892024942566,0.8482320222487088,0.33,"{""depth"": 8, ""iterations"": 500, ""l2_leaf_reg"": 5.0, ""learning_rate"": 0.03}",False,0.8545,
catboost,optimized_search,0.8415,0.7075440345629778,0.8458482320222487,0.34,"{""depth"": 8, ""iterations"": 500, ""l2_leaf_reg"": 5.0, ""learning_rate"": 0.03}",False,0.8545,
catboost,optimized_search,0.843,0.712075344769593,0.8410806515693285,0.35,"{""depth"": 8, ""iterations"": 500, ""l2_leaf_reg"": 5.0, ""learning_rate"": 0.03}",False,0.8545,
catboost,optimized_search,0.844875,0.7174505794137696,0.8363130711164084,0.36,"{""depth"": 8, ""iterations"": 500, ""l2_leaf_reg"": 5.0, ""learning_rate"": 0.03}",False,0.8545,
catboost,optimized_search,0.845875,0.7216850828729282,0.8303535955502582,0.37,"{""depth"": 8, ""iterations"": 500, ""l2_leaf_reg"": 5.0, ""learning_rate"": 0.03}",False,0.8545,
catboost,optimized_search,0.847125,0.7263820853743876,0.8247914183551848,0.38,"{""depth"": 8, ""iterations"": 500, ""l2_leaf_reg"": 5.0, ""learning_rate"": 0.03}",False,0.8545,
catboost,optimized_search,0.848875,0.7320794889992903,0.8196265395311879,0.39,"{""depth"": 8, ""iterations"": 500, ""l2_leaf_reg"": 5.0, ""learning_rate"": 0.03}",False,0.8545,
catboost,optimized_search,0.850125,0.7372210223182145,0.8136670639650377,0.4,"{""depth"": 8, ""iterations"": 500, ""l2_leaf_reg"": 5.0, ""learning_rate"": 0.03}",False,0.8545,
catboost,optimized_search,0.85125,0.7415362213323626,0.8092967818831943,0.41,"{""depth"": 8, ""iterations"": 500, ""l2_leaf_reg"": 5.0, ""learning_rate"": 0.03}",False,0.8545,
catboost,optimized_search,0.851375,0.7448377581120944,0.8025427095748907,0.42,"{""depth"": 8, ""iterations"": 500, ""l2_leaf_reg"": 5.0, ""learning_rate"": 0.03}",False,0.8545,
catboost,optimized_search,0.85125,0.7465626161278335,0.7981724274930473,0.43,"{""depth"": 8, ""iterations"": 500, ""l2_leaf_reg"": 5.0, ""learning_rate"": 0.03}",False,0.8545,
catboost,optimized_search,0.850625,0.7492458521870287,0.7894318633293603,0.44,"{""depth"": 8, ""iterations"": 500, ""l2_leaf_reg"": 5.0, ""learning_rate"": 0.03}",False,0.8545,
catboost,optimized_search,0.850875,0.7524790236460717,0.7838696861342869,0.45,"{""depth"": 8, ""iterations"": 500, ""l2_leaf_reg"": 5.0, ""learning_rate"": 0.03}",False,0.8545,
catboost,optimized_search,0.851,0.7562862669245648,0.7767183154549067,0.46,"{""depth"": 8, ""iterations"": 500, ""l2_leaf_reg"": 5.0, ""learning_rate"": 0.03}",False,0.8545,
catboost,optimized_search,0.852,0.7616804083235179,0.7707588398887565,0.47,"{""depth"": 8, ""iterations"": 500, ""l2_leaf_reg"": 5.0, ""learning_rate"": 0.03}",False,0.8545,
catboost,optimized_search,0.852125,0.7653142402545744,0.7644020659515296,0.48,"{""depth"": 8, ""iterations"": 500, ""l2_leaf_reg"": 5.0, ""learning_rate"": 0.03}",False,0.8545,
catboost,optimized_search,0.85225,0.7696969696969697,0.7568533969010727,0.49,"{""depth"": 8, ""iterations"": 500, ""l2_leaf_reg"": 5.0, ""learning_rate"": 0.03}",False,0.8545,
catboost,optimized_search,0.852,0.7728203029062628,0.7500993245927692,0.5,"{""depth"": 8, ""iterations"": 500, ""l2_leaf_reg"": 5.0, ""learning_rate"": 0.03}",False,0.8545,
catboost,optimized_search,0.851625,0.7768526228143214,0.7413587604290822,0.51,"{""depth"": 8, ""iterations"": 500, ""l2_leaf_reg"": 5.0, ""learning_rate"": 0.03}",False,0.8545,
catboost,optimized_search,0.85,0.7789072426937739,0.7306317044100119,0.52,"{""depth"": 8, ""iterations"": 500, ""l2_leaf_reg"": 5.0, ""learning_rate"": 0.03}",False,0.8545,
catboost,optimized_search,0.84925,0.7814512666380421,0.723083035359555,0.53,"{""depth"": 8, ""iterations"": 500, ""l2_leaf_reg"": 5.0, ""learning_rate"": 0.03}",False,0.8545,
catboost,optimized_search,0.84825,0.7846221057230232,0.7135478744537147,0.54,"{""depth"": 8, ""iterations"": 500, ""l2_leaf_reg"": 5.0, ""learning_rate"": 0.03}",False,0.8545,
catboost,optimized_search,0.84625,0.7866369710467706,0.7016289233214144,0.55,"{""depth"": 8, ""iterations"": 500, ""l2_leaf_reg"": 5.0, ""learning_rate"": 0.03}",False,0.8545,
catboost,optimized_search,0.84525,0.7887133182844244,0.6940802542709575,0.56,"{""depth"": 8, ""iterations"": 500, ""l2_leaf_reg"": 5.0, ""learning_rate"": 0.03}",False,0.8545,
catboost,optimized_search,0.845375,0.7935779816513762,0.6873261819626539,0.57,"{""depth"": 8, ""iterations"": 500, ""l2_leaf_reg"": 5.0, ""learning_rate"": 0.03}",False,0.8545,
catboost,optimized_search,0.84425,0.7976580796252928,0.6765991259435836,0.58,"{""depth"": 8, ""iterations"": 500, ""l2_leaf_reg"": 5.0, ""learning_rate"": 0.03}",False,0.8545,
catboost,optimized_search,0.843625,0.8011417697431018,0.6690504568931267,0.59,"{""depth"": 8, ""iterations"": 500, ""l2_leaf_reg"": 5.0, ""learning_rate"": 0.03}",False,0.8545,
catboost,optimized_search,0.84325,0.8049251569290198,0.6622963845848232,0.6,"{""depth"": 8, ""iterations"": 500, ""l2_leaf_reg"": 5.0, ""learning_rate"": 0.03}",False,0.8545,
catboost,optimized_search,0.843375,0.8088954056695992,0.6575288041319031,0.61,"{""depth"": 8, ""iterations"": 500, ""l2_leaf_reg"": 5.0, ""learning_rate"": 0.03}",False,0.8545,
catboost,optimized_search,0.84175,0.8119700748129676,0.6468017481128328,0.62,"{""depth"": 8, ""iterations"": 500, ""l2_leaf_reg"": 5.0, ""learning_rate"": 0.03}",False,0.8545,
catboost,optimized_search,0.840125,0.8145325203252033,0.6368692888359158,0.63,"{""depth"": 8, ""iterations"": 500, ""l2_leaf_reg"": 5.0, ""learning_rate"": 0.03}",False,0.8545,
catboost,optimized_search,0.839,0.8169159360495101,0.6293206197854588,0.64,"{""depth"": 8, ""iterations"": 500, ""l2_leaf_reg"": 5.0, ""learning_rate"": 0.03}",False,0.8545,
catboost,optimized_search,0.839125,0.8271276595744681,0.6177989670242352,0.65,"{""depth"": 8, ""iterations"": 500, ""l2_leaf_reg"": 5.0, ""learning_rate"": 0.03}",False,0.8545,
catboost,optimized_search,0.837625,0.8320610687022901,0.6062773142630116,0.66,"{""depth"": 8, ""iterations"": 500, ""l2_leaf_reg"": 5.0, ""learning_rate"": 0.03}",False,0.8545,
catboost,optimized_search,0.83675,0.8373259052924791,0.5971394517282479,0.67,"{""depth"": 8, ""iterations"": 500, ""l2_leaf_reg"": 5.0, ""learning_rate"": 0.03}",False,0.8545,
catboost,optimized_search,0.835125,0.8434633027522935,0.5844259038537942,0.68,"{""depth"": 8, ""iterations"": 500, ""l2_leaf_reg"": 5.0, ""learning_rate"": 0.03}",False,0.8545,
catboost,optimized_search,0.83325,0.8485562757807896,0.5721096543504172,0.69,"{""depth"": 8, ""iterations"": 500, ""l2_leaf_reg"": 5.0, ""learning_rate"": 0.03}",False,0.8545,
catboost,optimized_search,0.831,0.851963746223565,0.5601907032181168,0.7,"{""depth"": 8, ""iterations"": 500, ""l2_leaf_reg"": 5.0, ""learning_rate"": 0.03}",False,0.8545,
catboost,optimized_search,0.828375,0.8570536828963795,0.5454906634882797,0.71,"{""depth"": 8, ""iterations"": 500, ""l2_leaf_reg"": 5.0, ""learning_rate"": 0.03}",False,0.8545,
catboost,optimized_search,0.825875,0.8611825192802056,0.5323798172427493,0.72,"{""depth"": 8, ""iterations"": 500, ""l2_leaf_reg"": 5.0, ""learning_rate"": 0.03}",False,0.8545,
catboost,optimized_search,0.824625,0.8645287958115183,0.5248311481922924,0.73,"{""depth"": 8, ""iterations"": 500, ""l2_leaf_reg"": 5.0, ""learning_rate"": 0.03}",False,0.8545,
catboost,optimized_search,0.821,0.872852233676976,0.5045689312673818,0.74,"{""depth"": 8, ""iterations"": 500, ""l2_leaf_reg"": 5.0, ""learning_rate"": 0.03}",False,0.8545,
catboost,optimized_search,0.818125,0.8809182209469153,0.4878823996821613,0.75,"{""depth"": 8, ""iterations"": 500, ""l2_leaf_reg"": 5.0, ""learning_rate"": 0.03}",False,0.8545,
catboost,optimized_search,0.813875,0.8824404761904762,0.4711958680969408,0.76,"{""depth"": 8, ""iterations"": 500, ""l2_leaf_reg"": 5.0, ""learning_rate"": 0.03}",False,0.8545,
catboost,optimized_search,0.81075,0.8872586872586873,0.4564958283671037,0.77,"{""depth"": 8, ""iterations"": 500, ""l2_leaf_reg"": 5.0, ""learning_rate"": 0.03}",False,0.8545,
catboost,optimized_search,0.807375,0.889776357827476,0.44259038537941997,0.78,"{""depth"": 8, ""iterations"": 500, ""l2_leaf_reg"": 5.0, ""learning_rate"": 0.03}",False,0.8545,
catboost,optimized_search,0.80425,0.8926507018992568,0.42947953913388953,0.79,"{""depth"": 8, ""iterations"": 500, ""l2_leaf_reg"": 5.0, ""learning_rate"": 0.03}",False,0.8545,
catboost,optimized_search,0.800875,0.8969072164948454,0.41477949940405245,0.8,"{""depth"": 8, ""iterations"": 500, ""l2_leaf_reg"": 5.0, ""learning_rate"": 0.03}",False,0.8545,
catboost,optimized_search,0.796875,0.900359066427289,0.3984902661899086,0.81,"{""depth"": 8, ""iterations"": 500, ""l2_leaf_reg"": 5.0, ""learning_rate"": 0.03}",False,0.8545,
catboost,optimized_search,0.809625,0.6389044158747904,0.9082240762812872,0.2,"{""depth"": 8, ""iterations"": 500, ""l2_leaf_reg"": 5.0, ""learning_rate"": 0.05}",False,0.8545,
catboost,optimized_search,0.8125,0.6438472418670439,0.9042510925705205,0.21,"{""depth"": 8, ""iterations"": 500, ""l2_leaf_reg"": 5.0, ""learning_rate"": 0.05}",False,0.8545,
catboost,optimized_search,0.81475,0.6481534497566561,0.8994835121176004,0.22,"{""depth"": 8, ""iterations"": 500, ""l2_leaf_reg"": 5.0, ""learning_rate"": 0.05}",False,0.8545,
catboost,optimized_search,0.817875,0.6538015089959374,0.8951132300357568,0.23,"{""depth"": 8, ""iterations"": 500, ""l2_leaf_reg"": 5.0, ""learning_rate"": 0.05}",False,0.8545,
catboost,optimized_search,0.81975,0.657948868645313,0.8895510528406834,0.24,"{""depth"": 8, ""iterations"": 500, ""l2_leaf_reg"": 5.0, ""learning_rate"": 0.05}",False,0.8545,
catboost,optimized_search,0.823875,0.66507747318236,0.8867699642431466,0.25,"{""depth"": 8, ""iterations"": 500, ""l2_leaf_reg"": 5.0, ""learning_rate"": 0.05}",False,0.8545,
catboost,optimized_search,0.827125,0.6711956521739131,0.8831942789034565,0.26,"{""depth"": 8, ""iterations"": 500, ""l2_leaf_reg"": 5.0, ""learning_rate"": 0.05}",False,0.8545,
catboost,optimized_search,0.830375,0.6780233271945979,0.877632101708383,0.27,"{""depth"": 8, ""iterations"": 500, ""l2_leaf_reg"": 5.0, ""learning_rate"": 0.05}",False,0.8545,
catboost,optimized_search,0.833,0.6842433697347894,0.8712753277711561,0.28,"{""depth"": 8, ""iterations"": 500, ""l2_leaf_reg"": 5.0, ""learning_rate"": 0.05}",False,0.8545,
catboost,optimized_search,0.834,0.6879544736010117,0.8645212554628526,0.29,"{""depth"": 8, ""iterations"": 500, ""l2_leaf_reg"": 5.0, ""learning_rate"": 0.05}",False,0.8545,
catboost,optimized_search,0.835375,0.6919385796545106,0.8593563766388558,0.3,"{""depth"": 8, ""iterations"": 500, ""l2_leaf_reg"": 5.0, ""learning_rate"": 0.05}",False,0.8545,
catboost,optimized_search,0.837875,0.697538860103627,0.8557806912991657,0.31,"{""depth"": 8, ""iterations"": 500, ""l2_leaf_reg"": 5.0, ""learning_rate"": 0.05}",False,0.8545,
catboost,optimized_search,0.839625,0.7016339869281045,0.8529996027016289,0.32,"{""depth"": 8, ""iterations"": 500, ""l2_leaf_reg"": 5.0, ""learning_rate"": 0.05}",False,0.8545,
catboost,optimized_search,0.841375,0.7063492063492064,0.8486293206197855,0.33,"{""depth"": 8, ""iterations"": 500, ""l2_leaf_reg"": 5.0, ""learning_rate"": 0.05}",False,0.8545,
catboost,optimized_search,0.84275,0.711170748071117,0.8422725466825586,0.34,"{""depth"": 8, ""iterations"": 500, ""l2_leaf_reg"": 5.0, ""learning_rate"": 0.05}",False,0.8545,
catboost,optimized_search,0.843125,0.7144799456152278,0.8351211760031784,0.35,"{""depth"": 8, ""iterations"": 500, ""l2_leaf_reg"": 5.0, ""learning_rate"": 0.05}",False,0.8545,
catboost,optimized_search,0.844,0.717816683831102,0.8307508939213349,0.36,"{""depth"": 8, ""iterations"": 500, ""l2_leaf_reg"": 5.0, ""learning_rate"": 0.05}",False,0.8545,
catboost,optimized_search,0.8435,0.7204600906239108,0.8212157330154947,0.37,"{""depth"": 8, ""iterations"": 500, ""l2_leaf_reg"": 5.0, ""learning_rate"": 0.05}",False,0.8545,
catboost,optimized_search,0.843875,0.7232394366197183,0.8160508541914978,0.38,"{""depth"": 8, ""iterations"": 500, ""l2_leaf_reg"": 5.0, ""learning_rate"": 0.05}",False,0.8545,
catboost,optimized_search,0.84525,0.7278232988956181,0.8116805721096544,0.39,"{""depth"": 8, ""iterations"": 500, ""l2_leaf_reg"": 5.0, ""learning_rate"": 0.05}",False,0.8545,
catboost,optimized_search,0.844625,0.7297979797979798,0.8037346046881207,0.4,"{""depth"": 8, ""iterations"": 500, ""l2_leaf_reg"": 5.0, ""learning_rate"": 0.05}",False,0.8545,
catboost,optimized_search,0.846,0.7342325920524972,0.8001589193484306,0.41,"{""depth"": 8, ""iterations"": 500, ""l2_leaf_reg"": 5.0, ""learning_rate"": 0.05}",False,0.8545,
catboost,optimized_search,0.84725,0.7393715341959335,0.7945967421533572,0.42,"{""depth"": 8, ""iterations"": 500, ""l2_leaf_reg"": 5.0, ""learning_rate"": 0.05}",False,0.8545,
catboost,optimized_search,0.847625,0.7428892215568862,0.788637266587207,0.43,"{""depth"": 8, ""iterations"": 500, ""l2_leaf_reg"": 5.0, ""learning_rate"": 0.05}",False,0.8545,
catboost,optimized_search,0.84825,0.7476244773850247,0.7814858959078268,0.44,"{""depth"": 8, ""iterations"": 500, ""l2_leaf_reg"": 5.0, ""learning_rate"": 0.05}",False,0.8545,
catboost,optimized_search,0.847875,0.75,0.7747318235995232,0.45,"{""depth"": 8, ""iterations"": 500, ""l2_leaf_reg"": 5.0, ""learning_rate"": 0.05}",False,0.8545,
catboost,optimized_search,0.847125,0.7521434138737334,0.7667858561779897,0.46,"{""depth"": 8, ""iterations"": 500, ""l2_leaf_reg"": 5.0, ""learning_rate"": 0.05}",False,0.8545,
catboost,optimized_search,0.84775,0.7564153178049743,0.7612236789829162,0.47,"{""depth"": 8, ""iterations"": 500, ""l2_leaf_reg"": 5.0, ""learning_rate"": 0.05}",False,0.8545,
catboost,optimized_search,0.847375,0.7592,0.754072308303536,0.48,"{""depth"": 8, ""iterations"": 500, ""l2_leaf_reg"": 5.0, ""learning_rate"": 0.05}",False,0.8545,
catboost,optimized_search,0.84675,0.7603872529245663,0.7489074294795391,0.49,"{""depth"": 8, ""iterations"": 500, ""l2_leaf_reg"": 5.0, ""learning_rate"": 0.05}",False,0.8545,
catboost,optimized_search,0.846625,0.7647783251231527,0.7401668653158522,0.5,"{""depth"": 8, ""iterations"": 500, ""l2_leaf_reg"": 5.0, ""learning_rate"": 0.05}",False,0.8545,
catboost,optimized_search,0.846875,0.7691666666666667,0.7334127930075487,0.51,"{""depth"": 8, ""iterations"": 500, ""l2_leaf_reg"": 5.0, ""learning_rate"": 0.05}",False,0.8545,
catboost,optimized_search,0.84625,0.7709473684210526,0.7274533174413985,0.52,"{""depth"": 8, ""iterations"": 500, ""l2_leaf_reg"": 5.0, ""learning_rate"": 0.05}",False,0.8545,
catboost,optimized_search,0.846125,0.7743174061433447,0.7210965435041716,0.53,"{""depth"": 8, ""iterations"": 500, ""l2_leaf_reg"": 5.0, ""learning_rate"": 0.05}",False,0.8545,
catboost,optimized_search,0.845875,0.7781629116117851,0.7135478744537147,0.54,"{""depth"": 8, ""iterations"": 500, ""l2_leaf_reg"": 5.0, ""learning_rate"": 0.05}",False,0.8545,
catboost,optimized_search,0.8445,0.7800263968323801,0.7044100119189511,0.55,"{""depth"": 8, ""iterations"": 500, ""l2_leaf_reg"": 5.0, ""learning_rate"": 0.05}",False,0.8545,
catboost,optimized_search,0.843625,0.7838565022421524,0.6944775526420341,0.56,"{""depth"": 8, ""iterations"": 500, ""l2_leaf_reg"": 5.0, ""learning_rate"": 0.05}",False,0.8545,
catboost,optimized_search,0.84275,0.7862664847658026,0.6869288835915772,0.57,"{""depth"": 8, ""iterations"": 500, ""l2_leaf_reg"": 5.0, ""learning_rate"": 0.05}",False,0.8545,
catboost,optimized_search,0.842875,0.7913968547641073,0.679777512912197,0.58,"{""depth"": 8, ""iterations"": 500, ""l2_leaf_reg"": 5.0, ""learning_rate"": 0.05}",False,0.8545,
catboost,optimized_search,0.841125,0.7944234404536862,0.6678585617798967,0.59,"{""depth"": 8, ""iterations"": 500, ""l2_leaf_reg"": 5.0, ""learning_rate"": 0.05}",False,0.8545,
catboost,optimized_search,0.84,0.7972128784238347,0.6591179976162098,0.6,"{""depth"": 8, ""iterations"": 500, ""l2_leaf_reg"": 5.0, ""learning_rate"": 0.05}",False,0.8545,
catboost,optimized_search,0.8385,0.7989263055148853,0.6503774334525229,0.61,"{""depth"": 8, ""iterations"": 500, ""l2_leaf_reg"": 5.0, ""learning_rate"": 0.05}",False,0.8545,
catboost,optimized_search,0.837375,0.8027888446215139,0.6404449741756059,0.62,"{""depth"": 8, ""iterations"": 500, ""l2_leaf_reg"": 5.0, ""learning_rate"": 0.05}",False,0.8545,
catboost,optimized_search,0.836375,0.8078491335372069,0.6297179181565355,0.63,"{""depth"": 8, ""iterations"": 500, ""l2_leaf_reg"": 5.0, ""learning_rate"": 0.05}",False,0.8545,
catboost,optimized_search,0.83625,0.8135064935064935,0.6221692491060786,0.64,"{""depth"": 8, ""iterations"": 500, ""l2_leaf_reg"": 5.0, ""learning_rate"": 0.05}",False,0.8545,
catboost,optimized_search,0.834875,0.8167372881355932,0.6126340882002383,0.65,"{""depth"": 8, ""iterations"": 500, ""l2_leaf_reg"": 5.0, ""learning_rate"": 0.05}",False,0.8545,
catboost,optimized_search,0.83375,0.819601507808293,0.6046881207787048,0.66,"{""depth"": 8, ""iterations"": 500, ""l2_leaf_reg"": 5.0, ""learning_rate"": 0.05}",False,0.8545,
catboost,optimized_search,0.83175,0.8229453943739659,0.5927691696464045,0.67,"{""depth"": 8, ""iterations"": 500, ""l2_leaf_reg"": 5.0, ""learning_rate"": 0.05}",False,0.8545,
catboost,optimized_search,0.83075,0.8265019651880966,0.5848232022248708,0.68,"{""depth"": 8, ""iterations"": 500, ""l2_leaf_reg"": 5.0, ""learning_rate"": 0.05}",False,0.8545,
catboost,optimized_search,0.82925,0.8313183649971215,0.5736988478347239,0.69,"{""depth"": 8, ""iterations"": 500, ""l2_leaf_reg"": 5.0, ""learning_rate"": 0.05}",False,0.8545,
catboost,optimized_search,0.827375,0.8349056603773585,0.5625744934445769,0.7,"{""depth"": 8, ""iterations"": 500, ""l2_leaf_reg"": 5.0, ""learning_rate"": 0.05}",False,0.8545,
catboost,optimized_search,0.82575,0.8405093996361431,0.5506555423122765,0.71,"{""depth"": 8, ""iterations"": 500, ""l2_leaf_reg"": 5.0, ""learning_rate"": 0.05}",False,0.8545,
catboost,optimized_search,0.823875,0.8453865336658354,0.5387365911799762,0.72,"{""depth"": 8, ""iterations"": 500, ""l2_leaf_reg"": 5.0, ""learning_rate"": 0.05}",False,0.8545,
catboost,optimized_search,0.821625,0.8493589743589743,0.5264203416765991,0.73,"{""depth"": 8, ""iterations"": 500, ""l2_leaf_reg"": 5.0, ""learning_rate"": 0.05}",False,0.8545,
catboost,optimized_search,0.820125,0.8560105680317041,0.5148986889153755,0.74,"{""depth"": 8, ""iterations"": 500, ""l2_leaf_reg"": 5.0, ""learning_rate"": 0.05}",False,0.8545,
catboost,optimized_search,0.817375,0.8596730245231607,0.5013905442987684,0.75,"{""depth"": 8, ""iterations"": 500, ""l2_leaf_reg"": 5.0, ""learning_rate"": 0.05}",False,0.8545,
catboost,optimized_search,0.814375,0.8623595505617978,0.4878823996821613,0.76,"{""depth"": 8, ""iterations"": 500, ""l2_leaf_reg"": 5.0, ""learning_rate"": 0.05}",False,0.8545,
catboost,optimized_search,0.812625,0.8683068017366136,0.4767580452920143,0.77,"{""depth"": 8, ""iterations"": 500, ""l2_leaf_reg"": 5.0, ""learning_rate"": 0.05}",False,0.8545,
catboost,optimized_search,0.809,0.8749052312357847,0.4584823202224871,0.78,"{""depth"": 8, ""iterations"": 500, ""l2_leaf_reg"": 5.0, ""learning_rate"": 0.05}",False,0.8545,
catboost,optimized_search,0.806375,0.8805031446540881,0.44497417560588004,0.79,"{""depth"": 8, ""iterations"": 500, ""l2_leaf_reg"": 5.0, ""learning_rate"": 0.05}",False,0.8545,
catboost,optimized_search,0.803625,0.8883415435139573,0.42987683750496625,0.8,"{""depth"": 8, ""iterations"": 500, ""l2_leaf_reg"": 5.0, ""learning_rate"": 0.05}",False,0.8545,
catboost,optimized_search,0.801125,0.8937074829931972,0.4175605880015892,0.81,"{""depth"": 8, ""iterations"": 500, ""l2_leaf_reg"": 5.0, ""learning_rate"": 0.05}",False,0.8545,
